dt,angle,angle_dt,pwm,pos,pos_dt,source_file
0.05,2.7911,-0.031,-30.0,-0.0065,-0.1914,ident_20250910_062016.csv
0.052,2.7673,-0.0384,-30.0,-0.0203,-0.3191,ident_20250910_062016.csv
0.051,2.7508,-0.1673,-30.0,-0.0399,-0.2978,ident_20250910_062016.csv
0.051,2.7326,-0.4837,-30.0,-0.0622,-0.4467,ident_20250910_062016.csv
0.052,2.6997,-0.6029,-30.0,-0.0863,-0.5105,ident_20250910_062016.csv
0.051,2.6789,-0.3254,-30.0,-0.1114,-0.4467,ident_20250910_062016.csv
0.052,2.7232,0.1822,0.0,-0.1249,-0.1914,ident_20250910_062016.csv
0.051,2.7735,0.492,0.0,-0.1307,0.0,ident_20250910_062016.csv
0.05,2.8151,0.7518,0.0,-0.1315,0.0,ident_20250910_062016.csv
0.052,2.8512,0.7404,0.0,-0.1315,0.0,ident_20250910_062016.csv
0.051,2.8756,0.4176,0.0,-0.1315,0.0,ident_20250910_062016.csv
0.051,2.878,-0.0719,0.0,-0.1315,0.0,ident_20250910_062016.csv
0.051,2.859,-0.4544,0.0,-0.1315,0.0,ident_20250910_062016.csv
0.051,2.8285,-0.5866,0.0,-0.1315,0.0,ident_20250910_062016.csv
0.051,2.8028,-0.4165,0.0,-0.1315,0.0,ident_20250910_062016.csv
0.05,2.7925,-0.0817,0.0,-0.1315,0.0,ident_20250910_062016.csv
0.052,2.7995,0.2593,0.0,-0.1315,0.0,ident_20250910_062016.csv
0.05,2.8183,0.4305,0.0,-0.1315,0.0,ident_20250910_062016.csv
0.051,2.8378,0.3643,0.0,-0.1315,0.0,ident_20250910_062016.csv
0.051,2.8469,0.1244,0.0,-0.1315,0.0,ident_20250910_062016.csv
0.052,2.8424,-0.1509,0.0,-0.1315,0.0,ident_20250910_062016.csv
0.05,2.828,-0.3058,0.0,-0.1315,0.0,ident_20250910_062016.csv
0.051,2.8126,-0.2765,0.0,-0.1315,0.0,ident_20250910_062016.csv
0.052,2.8038,-0.0976,0.0,-0.1315,0.0,ident_20250910_062016.csv
0.051,2.8059,0.111,0.0,-0.1315,0.0,ident_20250910_062016.csv
0.051,2.8155,0.2208,0.0,-0.1315,0.0,ident_20250910_062016.csv
0.051,2.825,0.1883,0.0,-0.1315,0.0,ident_20250910_062016.csv
0.051,2.8293,0.0468,0.0,-0.1315,0.0,ident_20250910_062016.csv
0.051,2.8257,-0.1011,0.0,-0.1315,0.0,ident_20250910_062016.csv
0.051,2.8178,-0.1595,0.0,-0.1315,0.0,ident_20250910_062016.csv
0.051,2.8107,-0.1126,0.0,-0.1315,0.0,ident_20250910_062016.csv
0.051,2.8086,0.0006,0.0,-0.1315,0.0,ident_20250910_062016.csv
0.051,2.8119,0.0948,0.0,-0.1315,0.0,ident_20250910_062016.csv
0.051,2.8172,0.106,0.0,-0.1315,0.0,ident_20250910_062016.csv
0.051,2.8205,0.0468,0.0,-0.1315,0.0,ident_20250910_062016.csv
0.051,2.8198,-0.0374,0.0,-0.1315,0.0,ident_20250910_062016.csv
0.051,2.8158,-0.0791,0.0,-0.1315,0.0,ident_20250910_062016.csv
0.051,2.8121,-0.0584,0.0,-0.1315,0.0,ident_20250910_062016.csv
0.051,2.8109,-0.0053,0.0,-0.1315,0.0,ident_20250910_062016.csv
0.051,2.8125,0.049,0.0,-0.1315,0.0,ident_20250910_062016.csv
0.051,2.8152,0.0534,0.0,-0.1315,0.0,ident_20250910_062016.csv
0.051,2.8166,0.0163,0.0,-0.1315,0.0,ident_20250910_062016.csv
0.051,2.8158,-0.0286,0.0,-0.1315,0.0,ident_20250910_062016.csv
0.051,2.8136,-0.0435,0.0,-0.1315,0.0,ident_20250910_062016.csv
0.051,2.8117,-0.0211,0.0,-0.1315,0.0,ident_20250910_062016.csv
0.051,2.8117,0.0098,0.0,-0.1315,0.0,ident_20250910_062016.csv
0.051,2.8129,0.032,0.0,-0.1315,0.0,ident_20250910_062016.csv
0.051,2.8142,0.0252,0.0,-0.1315,0.0,ident_20250910_062016.csv
0.051,2.8145,-0.0033,0.0,-0.1315,0.0,ident_20250910_062016.csv
0.051,2.8136,-0.0222,0.0,-0.1315,0.0,ident_20250910_062016.csv
0.051,2.8124,-0.0181,0.0,-0.1315,0.0,ident_20250910_062016.csv
0.051,2.8119,-0.0017,0.0,-0.1315,0.0,ident_20250910_062016.csv
0.051,2.8124,0.0162,0.0,-0.1315,0.0,ident_20250910_062016.csv
0.051,2.8131,0.0183,0.0,-0.1315,0.0,ident_20250910_062016.csv
0.051,2.8135,0.003,0.0,-0.1315,0.0,ident_20250910_062016.csv
0.051,2.8131,-0.0098,0.0,-0.1315,0.0,ident_20250910_062016.csv
0.051,2.8121,-0.0146,0.0,-0.1315,0.0,ident_20250910_062016.csv
0.051,2.8116,-0.0062,0.0,-0.1315,0.0,ident_20250910_062016.csv
0.051,2.8118,0.0069,0.0,-0.1315,0.0,ident_20250910_062016.csv
0.051,2.8122,0.0103,0.0,-0.1315,0.0,ident_20250910_062016.csv
0.051,2.8125,0.0042,0.0,-0.1315,0.0,ident_20250910_062016.csv
0.051,2.8123,-0.0074,0.0,-0.1315,0.0,ident_20250910_062016.csv
0.051,2.8119,-0.0061,0.0,-0.1315,0.0,ident_20250910_062016.csv
0.051,2.8117,-0.001,0.0,-0.1315,0.0,ident_20250910_062016.csv
0.051,2.8119,0.0047,0.0,-0.1315,0.0,ident_20250910_062016.csv
0.05,2.8122,0.0059,0.0,-0.1315,0.0,ident_20250910_062016.csv
0.052,2.8125,0.0038,0.0,-0.1315,0.0,ident_20250910_062016.csv
0.051,2.8124,-0.0047,0.0,-0.1315,0.0,ident_20250910_062016.csv
0.051,2.8121,-0.0067,0.0,-0.1315,0.0,ident_20250910_062016.csv
0.051,2.8119,-0.0026,0.0,-0.1315,0.0,ident_20250910_062016.csv
0.051,2.812,0.0027,0.0,-0.1315,0.0,ident_20250910_062016.csv
0.051,2.8121,0.0047,0.0,-0.1315,0.0,ident_20250910_062016.csv
0.051,2.8123,0.0017,0.0,-0.1315,0.0,ident_20250910_062016.csv
0.051,2.8122,-0.0031,0.0,-0.1315,0.0,ident_20250910_062016.csv
0.051,2.8119,-0.0005,0.0,-0.1315,0.0,ident_20250910_062016.csv
0.051,2.8118,0.0002,0.0,-0.1315,0.0,ident_20250910_062016.csv
0.051,2.8118,-0.0005,0.0,-0.1315,0.0,ident_20250910_062016.csv
0.051,2.8118,0.0041,0.0,-0.1315,0.0,ident_20250910_062016.csv
0.051,2.8118,0.0005,0.0,-0.1315,0.0,ident_20250910_062016.csv
0.051,2.8118,-0.0017,0.0,-0.1315,0.0,ident_20250910_062016.csv
0.051,2.8117,-0.0006,0.0,-0.1315,0.0,ident_20250910_062016.csv
0.051,2.8117,0.0007,0.0,-0.1315,0.0,ident_20250910_062016.csv
0.051,2.8118,0.0022,0.0,-0.1315,0.0,ident_20250910_062016.csv
0.051,2.8119,0.0033,0.0,-0.1315,0.0,ident_20250910_062016.csv
0.051,2.812,0.0022,0.0,-0.1315,0.0,ident_20250910_062016.csv
0.051,2.8119,-0.003,0.0,-0.1315,0.0,ident_20250910_062016.csv
0.051,2.8118,-0.0017,0.0,-0.1315,0.0,ident_20250910_062016.csv
0.051,2.8118,0.0009,0.0,-0.1315,0.0,ident_20250910_062016.csv
0.051,2.8118,0.0013,0.0,-0.1315,0.0,ident_20250910_062016.csv
0.051,2.8119,0.0015,0.0,-0.1315,0.0,ident_20250910_062016.csv
0.051,2.8119,-0.0006,0.0,-0.1315,0.0,ident_20250910_062016.csv
0.051,2.8119,-0.0007,0.0,-0.1315,0.0,ident_20250910_062016.csv
0.051,2.8119,-0.0009,0.0,-0.1315,0.0,ident_20250910_062016.csv
0.051,2.8117,0.0005,0.0,-0.1315,0.0,ident_20250910_062016.csv
0.051,2.8119,0.0015,0.0,-0.1315,0.0,ident_20250910_062016.csv
0.051,2.8119,0.0035,0.0,-0.1315,0.0,ident_20250910_062016.csv
0.051,2.812,0.0006,0.0,-0.1315,0.0,ident_20250910_062016.csv
0.051,2.812,-0.0011,0.0,-0.1315,0.0,ident_20250910_062016.csv
0.051,2.812,-0.0002,0.0,-0.1315,0.0,ident_20250910_062016.csv
0.051,2.812,-0.0002,0.0,-0.1315,0.0,ident_20250910_062016.csv
0.051,2.812,0.0011,0.0,-0.1315,0.0,ident_20250910_062016.csv
0.051,2.812,0.0013,0.0,-0.1315,0.0,ident_20250910_062016.csv
0.051,2.8121,0.0027,0.0,-0.1315,0.0,ident_20250910_062016.csv
0.051,2.8121,-0.0015,0.0,-0.1315,0.0,ident_20250910_062016.csv
0.051,2.812,0.0038,0.0,-0.1315,0.0,ident_20250910_062016.csv
0.051,2.8119,0.0017,0.0,-0.1315,0.0,ident_20250910_062016.csv
0.051,2.8118,-0.0003,0.0,-0.1315,0.0,ident_20250910_062016.csv
0.051,2.8119,0.0006,0.0,-0.1315,0.0,ident_20250910_062016.csv
0.051,2.8119,-0.0003,0.0,-0.1315,0.0,ident_20250910_062016.csv
0.051,2.8119,-0.001,0.0,-0.1315,0.0,ident_20250910_062016.csv
0.052,2.812,0.0017,0.0,-0.1315,0.0,ident_20250910_062016.csv
0.051,2.812,0.0007,0.0,-0.1315,0.0,ident_20250910_062016.csv
0.051,2.8121,0.0019,0.0,-0.1315,0.0,ident_20250910_062016.csv
0.051,2.812,-0.0001,0.0,-0.1315,0.0,ident_20250910_062016.csv
0.051,2.8118,-0.0007,0.0,-0.1315,0.0,ident_20250910_062016.csv
0.051,2.8119,-0.0011,0.0,-0.1315,0.0,ident_20250910_062016.csv
0.051,2.8119,0.0025,0.0,-0.1315,0.0,ident_20250910_062016.csv
0.051,2.8119,-0.0001,0.0,-0.1315,0.0,ident_20250910_062016.csv
0.051,2.812,0.0009,0.0,-0.1315,0.0,ident_20250910_062016.csv
0.051,2.812,0.0027,0.0,-0.1315,0.0,ident_20250910_062016.csv
0.05,2.812,-0.0006,0.0,-0.1315,0.0,ident_20250910_062016.csv
0.052,2.812,-0.0014,0.0,-0.1315,0.0,ident_20250910_062016.csv
0.051,2.812,0.0015,0.0,-0.1315,0.0,ident_20250910_062016.csv
0.051,2.812,-0.0029,0.0,-0.1315,0.0,ident_20250910_062016.csv
0.051,2.8119,-0.0003,0.0,-0.1315,0.0,ident_20250910_062016.csv
0.051,2.8119,0.0029,0.0,-0.1315,0.0,ident_20250910_062016.csv
0.051,2.8119,-0.0003,0.0,-0.1315,0.0,ident_20250910_062016.csv
0.05,2.8119,0.0021,0.0,-0.1315,0.0,ident_20250910_062016.csv
0.052,2.812,0.0003,0.0,-0.1315,0.0,ident_20250910_062016.csv
0.051,2.812,0.0017,0.0,-0.1315,0.0,ident_20250910_062016.csv
0.051,2.8119,-0.0017,0.0,-0.1315,0.0,ident_20250910_062016.csv
0.051,2.812,0.001,0.0,-0.1315,0.0,ident_20250910_062016.csv
0.05,2.812,0.0001,0.0,-0.1315,0.0,ident_20250910_062016.csv
0.052,2.8121,-0.0002,0.0,-0.1315,0.0,ident_20250910_062016.csv
0.051,2.8122,0.0009,0.0,-0.1315,0.0,ident_20250910_062016.csv
0.051,2.8121,-0.0007,0.0,-0.1315,0.0,ident_20250910_062016.csv
0.05,2.8121,-0.0009,0.0,-0.1315,0.0,ident_20250910_062016.csv
0.052,2.8121,0.0022,0.0,-0.1315,0.0,ident_20250910_062016.csv
0.05,2.8121,-0.0015,0.0,-0.1315,0.0,ident_20250910_062016.csv
0.052,2.812,-0.0021,0.0,-0.1315,0.0,ident_20250910_062016.csv
0.05,2.812,-0.001,0.0,-0.1315,0.0,ident_20250910_062016.csv
0.051,2.812,-0.0018,0.0,-0.1315,0.0,ident_20250910_062016.csv
0.052,2.812,-0.0025,0.0,-0.1315,0.0,ident_20250910_062016.csv
0.05,2.8121,0.0005,0.0,-0.1315,0.0,ident_20250910_062016.csv
0.051,2.812,-0.0005,0.0,-0.1315,0.0,ident_20250910_062016.csv
0.052,2.812,-0.0009,0.0,-0.1315,0.0,ident_20250910_062016.csv
0.051,2.8121,-0.0035,0.0,-0.1315,0.0,ident_20250910_062016.csv
0.051,2.8121,0.0015,0.0,-0.1315,0.0,ident_20250910_062016.csv
0.051,2.8121,-0.0007,0.0,-0.1315,0.0,ident_20250910_062016.csv
0.051,2.8121,-0.0001,0.0,-0.1315,0.0,ident_20250910_062016.csv
0.051,2.812,-0.0026,0.0,-0.1315,0.0,ident_20250910_062016.csv
0.051,2.8122,0.0002,0.0,-0.1315,0.0,ident_20250910_062016.csv
0.051,2.8121,0.0019,0.0,-0.1315,0.0,ident_20250910_062016.csv
0.051,2.8121,0.0029,0.0,-0.1315,0.0,ident_20250910_062016.csv
0.051,2.8121,0.0021,0.0,-0.1315,0.0,ident_20250910_062016.csv
0.052,2.812,0.0027,0.0,-0.1315,0.0,ident_20250910_062016.csv
0.05,2.8119,-0.0018,0.0,-0.1315,0.0,ident_20250910_062016.csv
0.051,2.8118,0.0007,0.0,-0.1315,0.0,ident_20250910_062016.csv
0.051,2.8118,-0.0006,0.0,-0.1315,0.0,ident_20250910_062016.csv
0.051,2.8119,0.0018,0.0,-0.1315,0.0,ident_20250910_062016.csv
0.051,2.8118,-0.0027,0.0,-0.1315,0.0,ident_20250910_062016.csv
0.051,2.8118,0.0002,0.0,-0.1315,0.0,ident_20250910_062016.csv
0.051,2.8118,0.0018,0.0,-0.1315,0.0,ident_20250910_062016.csv
0.051,2.8118,0.0011,0.0,-0.1315,0.0,ident_20250910_062016.csv
0.051,2.8117,-0.0006,0.0,-0.1315,0.0,ident_20250910_062016.csv
0.051,2.8117,0.0041,0.0,-0.1315,0.0,ident_20250910_062016.csv
0.051,2.8117,-0.0009,0.0,-0.1315,0.0,ident_20250910_062016.csv
0.051,2.8116,-0.0003,0.0,-0.1315,0.0,ident_20250910_062016.csv
0.051,2.8117,-0.001,0.0,-0.1315,0.0,ident_20250910_062016.csv
0.051,2.8117,-0.0038,0.0,-0.1315,0.0,ident_20250910_062016.csv
0.051,2.8117,-0.0033,0.0,-0.1315,0.0,ident_20250910_062016.csv
0.051,2.8118,0.0005,0.0,-0.1315,0.0,ident_20250910_062016.csv
0.051,2.8118,0.0001,0.0,-0.1315,0.0,ident_20250910_062016.csv
0.051,2.8117,-0.0014,0.0,-0.1315,0.0,ident_20250910_062016.csv
0.051,2.8118,-0.0006,0.0,-0.1315,0.0,ident_20250910_062016.csv
0.051,2.8119,0.0009,0.0,-0.1315,0.0,ident_20250910_062016.csv
0.051,2.8119,0.0035,0.0,-0.1315,0.0,ident_20250910_062016.csv
0.051,2.8119,-0.0001,0.0,-0.1315,0.0,ident_20250910_062016.csv
0.051,2.8119,-0.0001,0.0,-0.1315,0.0,ident_20250910_062016.csv
0.051,2.8118,0.0034,0.0,-0.1315,0.0,ident_20250910_062016.csv
0.051,2.8119,-0.0005,0.0,-0.1315,0.0,ident_20250910_062016.csv
0.051,2.8119,-0.0003,0.0,-0.1315,0.0,ident_20250910_062016.csv
0.051,2.8119,0.0029,0.0,-0.1315,0.0,ident_20250910_062016.csv
0.051,2.8119,0.001,0.0,-0.1315,0.0,ident_20250910_062016.csv
0.051,2.8118,0.0014,0.0,-0.1315,0.0,ident_20250910_062016.csv
0.051,2.8118,-0.0001,0.0,-0.1315,0.0,ident_20250910_062016.csv
0.051,2.8119,0.0009,0.0,-0.1315,0.0,ident_20250910_062016.csv
0.051,2.8118,0.0003,0.0,-0.1315,0.0,ident_20250910_062016.csv
0.051,2.8119,0.0001,0.0,-0.1315,0.0,ident_20250910_062016.csv
0.051,2.8119,-0.0017,0.0,-0.1315,0.0,ident_20250910_062016.csv
0.051,2.8118,-0.0007,0.0,-0.1315,0.0,ident_20250910_062016.csv
0.051,2.8118,0.0006,0.0,-0.1315,0.0,ident_20250910_062016.csv
0.051,2.8119,-0.0019,0.0,-0.1315,0.0,ident_20250910_062016.csv
0.051,2.812,-0.0011,0.0,-0.1315,0.0,ident_20250910_062016.csv
0.051,2.812,0.0021,0.0,-0.1315,0.0,ident_20250910_062016.csv
0.051,2.812,-0.0005,0.0,-0.1315,0.0,ident_20250910_062016.csv
0.051,2.812,-0.0011,0.0,-0.1315,0.0,ident_20250910_062016.csv
0.051,2.812,0.0017,0.0,-0.1315,0.0,ident_20250910_062016.csv
0.051,2.812,-0.0003,0.0,-0.1315,0.0,ident_20250910_062016.csv
0.051,2.8119,-0.003,0.0,-0.1315,0.0,ident_20250910_062016.csv
0.051,2.812,-0.0002,0.0,-0.1315,0.0,ident_20250910_062016.csv
0.051,2.812,-0.0011,0.0,-0.1315,0.0,ident_20250910_062016.csv
0.051,2.8408,0.0252,30.0,-0.1247,0.1914,ident_20250910_062016.csv
0.051,2.8639,0.0303,30.0,-0.1099,0.3829,ident_20250910_062016.csv
0.051,2.876,0.0967,30.0,-0.0902,0.4467,ident_20250910_062016.csv
0.052,2.8925,0.4456,30.0,-0.0674,0.3829,ident_20250910_062016.csv
0.051,2.9093,0.2304,30.0,-0.043,0.5105,ident_20250910_062016.csv
0.051,2.9136,0.1101,0.0,-0.0176,0.5105,ident_20250910_062016.csv
0.052,2.8743,-0.2054,0.0,-0.0045,0.1914,ident_20250910_062016.csv
0.051,2.8417,-0.1013,0.0,0.0011,0.0,ident_20250910_062016.csv
0.051,2.8256,-0.1682,0.0,0.0019,0.0,ident_20250910_062016.csv
0.051,2.8161,-0.2447,0.0,0.0019,0.0,ident_20250910_062016.csv
0.051,2.8067,-0.1831,0.0,0.0019,0.0,ident_20250910_062016.csv
0.051,2.8039,-0.0182,0.0,0.0019,0.0,ident_20250910_062016.csv
0.051,2.8098,0.1376,0.0,0.0019,0.0,ident_20250910_062016.csv
0.051,2.8198,0.191,0.0,0.0019,0.0,ident_20250910_062016.csv
0.051,2.8277,0.1269,0.0,0.0019,0.0,ident_20250910_062016.csv
0.051,2.8307,0.0045,0.0,0.0019,0.0,ident_20250910_062016.csv
0.051,2.8275,-0.1051,0.0,0.0019,0.0,ident_20250910_062016.csv
0.051,2.8209,-0.142,0.0,0.0019,0.0,ident_20250910_062016.csv
0.051,2.8158,-0.0927,0.0,0.0019,0.0,ident_20250910_062016.csv
0.051,2.8149,0.0058,0.0,0.0019,0.0,ident_20250910_062016.csv
0.051,2.8186,0.0888,0.0,0.0019,0.0,ident_20250910_062016.csv
0.051,2.8243,0.1017,0.0,0.0019,0.0,ident_20250910_062016.csv
0.051,2.8281,0.0502,0.0,0.0019,0.0,ident_20250910_062016.csv
0.051,2.8282,-0.0205,0.0,0.0019,0.0,ident_20250910_062016.csv
0.051,2.8252,-0.0708,0.0,0.0019,0.0,ident_20250910_062016.csv
0.051,2.8218,-0.0685,0.0,0.0019,0.0,ident_20250910_062016.csv
0.051,2.82,-0.0214,0.0,0.0019,0.0,ident_20250910_062016.csv
0.051,2.8212,0.0328,0.0,0.0019,0.0,ident_20250910_062016.csv
0.051,2.8241,0.0563,0.0,0.0019,0.0,ident_20250910_062016.csv
0.051,2.8264,0.0383,0.0,0.0019,0.0,ident_20250910_062016.csv
0.051,2.827,-0.0041,0.0,0.0019,0.0,ident_20250910_062016.csv
0.051,2.8256,-0.0383,0.0,0.0019,0.0,ident_20250910_062016.csv
0.051,2.8238,-0.04,0.0,0.0019,0.0,ident_20250910_062016.csv
0.051,2.8229,-0.0158,0.0,0.0019,0.0,ident_20250910_062016.csv
0.051,2.8233,0.0145,0.0,0.0019,0.0,ident_20250910_062016.csv
0.051,2.8248,0.0263,0.0,0.0019,0.0,ident_20250910_062016.csv
0.051,2.8261,0.0179,0.0,0.0019,0.0,ident_20250910_062016.csv
0.051,2.8263,-0.001,0.0,0.0019,0.0,ident_20250910_062016.csv
0.051,2.8257,-0.0175,0.0,0.0019,0.0,ident_20250910_062016.csv
0.051,2.8248,-0.0203,0.0,0.0019,0.0,ident_20250910_062016.csv
0.051,2.8245,-0.0013,0.0,0.0019,0.0,ident_20250910_062016.csv
0.051,2.825,0.0099,0.0,0.0019,0.0,ident_20250910_062016.csv
0.051,2.8257,0.0109,0.0,0.0019,0.0,ident_20250910_062016.csv
0.051,2.8263,0.0062,0.0,0.0019,0.0,ident_20250910_062016.csv
0.051,2.8263,-0.005,0.0,0.0019,0.0,ident_20250910_062016.csv
0.051,2.8258,-0.0097,0.0,0.0019,0.0,ident_20250910_062016.csv
0.051,2.8255,-0.0047,0.0,0.0019,0.0,ident_20250910_062016.csv
0.052,2.8254,0.0002,0.0,0.0019,0.0,ident_20250910_062016.csv
0.05,2.8258,0.0078,0.0,0.0019,0.0,ident_20250910_062016.csv
0.051,2.826,0.0054,0.0,0.0019,0.0,ident_20250910_062016.csv
0.051,2.8261,-0.0039,0.0,0.0019,0.0,ident_20250910_062016.csv
0.051,2.8258,-0.0073,0.0,0.0019,0.0,ident_20250910_062016.csv
0.051,2.8256,-0.0037,0.0,0.0019,0.0,ident_20250910_062016.csv
0.051,2.8256,-0.0013,0.0,0.0019,0.0,ident_20250910_062016.csv
0.051,2.8257,0.0035,0.0,0.0019,0.0,ident_20250910_062016.csv
0.051,2.8259,-0.001,0.0,0.0019,0.0,ident_20250910_062016.csv
0.051,2.8258,-0.0026,0.0,0.0019,0.0,ident_20250910_062016.csv
0.051,2.8257,-0.0049,0.0,0.0019,0.0,ident_20250910_062016.csv
0.051,2.8256,-0.0006,0.0,0.0019,0.0,ident_20250910_062016.csv
0.051,2.8256,-0.001,0.0,0.0019,0.0,ident_20250910_062016.csv
0.051,2.8257,0.0022,0.0,0.0019,0.0,ident_20250910_062016.csv
0.051,2.8259,-0.0003,0.0,0.0019,0.0,ident_20250910_062016.csv
0.051,2.8259,-0.0013,0.0,0.0019,0.0,ident_20250910_062016.csv
0.051,2.8258,-0.0009,0.0,0.0019,0.0,ident_20250910_062016.csv
0.051,2.8257,-0.0006,0.0,0.0019,0.0,ident_20250910_062016.csv
0.051,2.8259,0.0003,0.0,0.0019,0.0,ident_20250910_062016.csv
0.051,2.8258,0.0014,0.0,0.0019,0.0,ident_20250910_062016.csv
0.051,2.8258,0.0011,0.0,0.0019,0.0,ident_20250910_062016.csv
0.051,2.8259,-0.0038,0.0,0.0019,0.0,ident_20250910_062016.csv
0.051,2.8259,-0.0007,0.0,0.0019,0.0,ident_20250910_062016.csv
0.051,2.826,0.0026,0.0,0.0019,0.0,ident_20250910_062016.csv
0.051,2.8261,0.0011,0.0,0.0019,0.0,ident_20250910_062016.csv
0.051,2.826,0.0003,0.0,0.0019,0.0,ident_20250910_062016.csv
0.051,2.8262,0.0017,0.0,0.0019,0.0,ident_20250910_062016.csv
0.051,2.8261,-0.0003,0.0,0.0019,0.0,ident_20250910_062016.csv
0.051,2.8261,-0.0014,0.0,0.0019,0.0,ident_20250910_062016.csv
0.051,2.8261,0.0011,0.0,0.0019,0.0,ident_20250910_062016.csv
0.051,2.826,0.0011,0.0,0.0019,0.0,ident_20250910_062016.csv
0.051,2.826,-0.0009,0.0,0.0019,0.0,ident_20250910_062016.csv
0.051,2.8259,0.0002,0.0,0.0019,0.0,ident_20250910_062016.csv
0.051,2.8259,0.0029,0.0,0.0019,0.0,ident_20250910_062016.csv
0.051,2.8258,0.001,0.0,0.0019,0.0,ident_20250910_062016.csv
0.051,2.8257,0.0014,0.0,0.0019,0.0,ident_20250910_062016.csv
0.051,2.8257,0.0018,0.0,0.0019,0.0,ident_20250910_062016.csv
0.051,2.8257,0.003,0.0,0.0019,0.0,ident_20250910_062016.csv
0.051,2.8256,-0.0005,0.0,0.0019,0.0,ident_20250910_062016.csv
0.052,2.8257,-0.0022,0.0,0.0019,0.0,ident_20250910_062016.csv
0.051,2.8256,-0.0031,0.0,0.0019,0.0,ident_20250910_062016.csv
0.051,2.8256,-0.0001,0.0,0.0019,0.0,ident_20250910_062016.csv
0.051,2.8255,0.0003,0.0,0.0019,0.0,ident_20250910_062016.csv
0.051,2.8256,-0.0015,0.0,0.0019,0.0,ident_20250910_062016.csv
0.051,2.8255,-0.0018,0.0,0.0019,0.0,ident_20250910_062016.csv
0.05,2.8255,0.0009,0.0,0.0019,0.0,ident_20250910_062016.csv
0.052,2.8256,0.0027,0.0,0.0019,0.0,ident_20250910_062016.csv
0.05,2.8256,0.0022,0.0,0.0019,0.0,ident_20250910_062016.csv
0.052,2.8256,-0.0006,0.0,0.0019,0.0,ident_20250910_062016.csv
0.051,2.8256,-0.0001,0.0,0.0019,0.0,ident_20250910_062016.csv
0.051,2.8256,-0.0009,0.0,0.0019,0.0,ident_20250910_062016.csv
0.051,2.8256,-0.001,0.0,0.0019,0.0,ident_20250910_062016.csv
0.051,2.8256,0.0018,0.0,0.0019,0.0,ident_20250910_062016.csv
0.051,2.8256,-0.0033,0.0,0.0019,0.0,ident_20250910_062016.csv
0.051,2.8255,-0.0034,0.0,0.0019,0.0,ident_20250910_062016.csv
0.051,2.8255,0.0007,0.0,0.0019,0.0,ident_20250910_062016.csv
0.051,2.8255,0.0005,0.0,0.0019,0.0,ident_20250910_062016.csv
0.051,2.8255,-0.0025,0.0,0.0019,0.0,ident_20250910_062016.csv
0.051,2.8255,0.0017,0.0,0.0019,0.0,ident_20250910_062016.csv
0.051,2.8255,-0.0009,0.0,0.0019,0.0,ident_20250910_062016.csv
0.051,2.8255,-0.0014,0.0,0.0019,0.0,ident_20250910_062016.csv
0.051,2.8255,0.0017,0.0,0.0019,0.0,ident_20250910_062016.csv
0.051,2.8256,0.0023,0.0,0.0019,0.0,ident_20250910_062016.csv
0.051,2.8256,-0.0006,0.0,0.0019,0.0,ident_20250910_062016.csv
0.051,2.8257,0.0001,0.0,0.0019,0.0,ident_20250910_062016.csv
0.051,2.8257,-0.0015,0.0,0.0019,0.0,ident_20250910_062016.csv
0.051,2.8256,-0.0003,0.0,0.0019,0.0,ident_20250910_062016.csv
0.051,2.8256,-0.0023,0.0,0.0019,0.0,ident_20250910_062016.csv
0.051,2.8256,-0.0026,0.0,0.0019,0.0,ident_20250910_062016.csv
0.051,2.8256,-0.0015,0.0,0.0019,0.0,ident_20250910_062016.csv
0.051,2.8256,0.0001,0.0,0.0019,0.0,ident_20250910_062016.csv
0.051,2.8258,-0.0045,0.0,0.0019,0.0,ident_20250910_062016.csv
0.05,2.8257,0.0017,0.0,0.0019,0.0,ident_20250910_062016.csv
0.051,2.8257,0.0021,0.0,0.0019,0.0,ident_20250910_062016.csv
0.052,2.8257,0.0009,0.0,0.0019,0.0,ident_20250910_062016.csv
0.051,2.8257,-0.0007,0.0,0.0019,0.0,ident_20250910_062016.csv
0.05,2.8256,-0.0006,0.0,0.0019,0.0,ident_20250910_062016.csv
0.052,2.8257,-0.0002,0.0,0.0019,0.0,ident_20250910_062016.csv
0.051,2.8256,-0.0022,0.0,0.0019,0.0,ident_20250910_062016.csv
0.051,2.8256,-0.0013,0.0,0.0019,0.0,ident_20250910_062016.csv
0.051,2.8256,-0.0007,0.0,0.0019,0.0,ident_20250910_062016.csv
0.051,2.8256,0.0007,0.0,0.0019,0.0,ident_20250910_062016.csv
0.051,2.8257,-0.0002,0.0,0.0019,0.0,ident_20250910_062016.csv
0.051,2.8258,0.0009,0.0,0.0019,0.0,ident_20250910_062016.csv
0.051,2.8258,-0.0015,0.0,0.0019,0.0,ident_20250910_062016.csv
0.051,2.8258,-0.0006,0.0,0.0019,0.0,ident_20250910_062016.csv
0.051,2.8258,-0.0019,0.0,0.0019,0.0,ident_20250910_062016.csv
0.051,2.8259,-0.0019,0.0,0.0019,0.0,ident_20250910_062016.csv
0.051,2.8258,-0.0019,0.0,0.0019,0.0,ident_20250910_062016.csv
0.051,2.8258,-0.0006,0.0,0.0019,0.0,ident_20250910_062016.csv
0.051,2.8258,0.0001,0.0,0.0019,0.0,ident_20250910_062016.csv
0.051,2.8258,-0.0014,0.0,0.0019,0.0,ident_20250910_062016.csv
0.051,2.8257,-0.0029,0.0,0.0019,0.0,ident_20250910_062016.csv
0.051,2.8258,-0.0002,0.0,0.0019,0.0,ident_20250910_062016.csv
0.051,2.8257,0.0017,0.0,0.0019,0.0,ident_20250910_062016.csv
0.051,2.8257,-0.0005,0.0,0.0019,0.0,ident_20250910_062016.csv
0.051,2.8257,-0.0031,0.0,0.0019,0.0,ident_20250910_062016.csv
0.051,2.8256,-0.0003,0.0,0.0019,0.0,ident_20250910_062016.csv
0.052,2.8257,0.003,0.0,0.0019,0.0,ident_20250910_062016.csv
0.051,2.8257,0.0005,0.0,0.0019,0.0,ident_20250910_062016.csv
0.051,2.8257,0.0022,0.0,0.0019,0.0,ident_20250910_062016.csv
0.051,2.8257,0.0003,0.0,0.0019,0.0,ident_20250910_062016.csv
0.051,2.8257,-0.0039,0.0,0.0019,0.0,ident_20250910_062016.csv
0.051,2.8257,0.001,0.0,0.0019,0.0,ident_20250910_062016.csv
0.051,2.8257,-0.0006,0.0,0.0019,0.0,ident_20250910_062016.csv
0.051,2.8257,-0.0026,0.0,0.0019,0.0,ident_20250910_062016.csv
0.05,2.8255,0.0029,0.0,0.0019,0.0,ident_20250910_062016.csv
0.052,2.8256,0.0011,0.0,0.0019,0.0,ident_20250910_062016.csv
0.051,2.8256,-0.0023,0.0,0.0019,0.0,ident_20250910_062016.csv
0.05,2.8254,-0.0002,0.0,0.0019,0.0,ident_20250910_062016.csv
0.051,2.8254,-0.003,0.0,0.0019,0.0,ident_20250910_062016.csv
0.052,2.8254,-0.0021,0.0,0.0019,0.0,ident_20250910_062016.csv
0.051,2.8252,0.0018,0.0,0.0019,0.0,ident_20250910_062016.csv
0.051,2.8253,0.0015,0.0,0.0019,0.0,ident_20250910_062016.csv
0.051,2.8253,-0.0015,0.0,0.0019,0.0,ident_20250910_062016.csv
0.051,2.8253,-0.0013,0.0,0.0019,0.0,ident_20250910_062016.csv
0.051,2.8253,-0.0022,0.0,0.0019,0.0,ident_20250910_062016.csv
0.051,2.8254,-0.0019,0.0,0.0019,0.0,ident_20250910_062016.csv
0.051,2.8253,0.0009,0.0,0.0019,0.0,ident_20250910_062016.csv
0.051,2.8253,-0.0009,0.0,0.0019,0.0,ident_20250910_062016.csv
0.051,2.8253,0.0011,0.0,0.0019,0.0,ident_20250910_062016.csv
0.051,2.8253,-0.0022,0.0,0.0019,0.0,ident_20250910_062016.csv
0.051,2.8254,-0.0021,0.0,0.0019,0.0,ident_20250910_062016.csv
0.051,2.8254,-0.0017,0.0,0.0019,0.0,ident_20250910_062016.csv
0.051,2.8255,-0.0003,0.0,0.0019,0.0,ident_20250910_062016.csv
0.051,2.8254,0.001,0.0,0.0019,0.0,ident_20250910_062016.csv
0.051,2.8254,-0.0013,0.0,0.0019,0.0,ident_20250910_062016.csv
0.051,2.8253,0.0022,0.0,0.0019,0.0,ident_20250910_062016.csv
0.051,2.8253,-0.0006,0.0,0.0019,0.0,ident_20250910_062016.csv
0.051,2.8252,-0.0033,0.0,0.0019,0.0,ident_20250910_062016.csv
0.051,2.8253,-0.0003,0.0,0.0019,0.0,ident_20250910_062016.csv
0.051,2.8252,0.0017,0.0,0.0019,0.0,ident_20250910_062016.csv
0.051,2.8253,0.0001,0.0,0.0019,0.0,ident_20250910_062016.csv
0.051,2.8253,-0.003,0.0,0.0019,0.0,ident_20250910_062016.csv
0.051,2.8253,0.0007,0.0,0.0019,0.0,ident_20250910_062016.csv
0.051,2.8253,-0.0026,0.0,0.0019,0.0,ident_20250910_062016.csv
0.051,2.8253,-0.003,0.0,0.0019,0.0,ident_20250910_062016.csv
0.051,2.8252,-0.0011,0.0,0.0019,0.0,ident_20250910_062016.csv
0.051,2.8252,0.0003,0.0,0.0019,0.0,ident_20250910_062016.csv
0.051,2.8252,-0.0013,0.0,0.0019,0.0,ident_20250910_062016.csv
0.051,2.8253,-0.0018,0.0,0.0019,0.0,ident_20250910_062016.csv
0.051,2.8253,-0.0018,0.0,0.0019,0.0,ident_20250910_062016.csv
0.051,2.8253,0.0011,0.0,0.0019,0.0,ident_20250910_062016.csv
0.052,2.8253,-0.0003,0.0,0.0019,0.0,ident_20250910_062016.csv
0.051,2.8254,0.0011,0.0,0.0019,0.0,ident_20250910_062016.csv
0.051,2.8254,-0.0002,0.0,0.0019,0.0,ident_20250910_062016.csv
0.051,2.8254,-0.0006,0.0,0.0019,0.0,ident_20250910_062016.csv
0.051,2.8255,0.0001,0.0,0.0019,0.0,ident_20250910_062016.csv
0.051,2.8254,0.0003,0.0,0.0019,0.0,ident_20250910_062016.csv
0.05,2.8253,0.0026,0.0,0.0019,0.0,ident_20250910_062016.csv
0.052,2.8254,-0.0001,0.0,0.0019,0.0,ident_20250910_062016.csv
0.051,2.8255,0.0017,0.0,0.0019,0.0,ident_20250910_062016.csv
0.051,2.8256,0.0009,0.0,0.0019,0.0,ident_20250910_062016.csv
0.051,2.8256,0.0002,0.0,0.0019,0.0,ident_20250910_062016.csv
0.051,2.8257,0.0031,0.0,0.0019,0.0,ident_20250910_062016.csv
0.051,2.7955,0.0114,-30.0,-0.0065,-0.2553,ident_20250910_062016.csv
0.051,2.7688,-0.2011,-30.0,-0.0218,-0.3191,ident_20250910_062016.csv
0.051,2.7418,-0.3776,-30.0,-0.0426,-0.3829,ident_20250910_062016.csv
0.051,2.7123,-0.6024,-30.0,-0.0661,-0.4467,ident_20250910_062016.csv
0.052,2.6858,-0.4424,-30.0,-0.0913,-1.021,ident_20250910_062016.csv
0.051,2.6775,-0.0753,0.0,-0.117,-0.5105,ident_20250910_062016.csv
0.051,2.7439,0.4701,0.0,-0.1286,-0.1276,ident_20250910_062016.csv
0.052,2.7999,0.5857,0.0,-0.1338,0.0,ident_20250910_062016.csv
0.051,2.8384,0.6356,0.0,-0.1344,0.0,ident_20250910_062016.csv
0.051,2.8606,0.4465,0.0,-0.1344,0.0,ident_20250910_062016.csv
0.051,2.8681,0.0688,0.0,-0.1344,0.0,ident_20250910_062016.csv
0.051,2.8563,-0.3004,0.0,-0.1344,0.0,ident_20250910_062016.csv
0.051,2.8328,-0.4597,0.0,-0.1344,0.0,ident_20250910_062016.csv
0.051,2.8096,-0.3816,0.0,-0.1344,0.0,ident_20250910_062016.csv
0.051,2.7973,-0.1438,0.0,-0.1344,0.0,ident_20250910_062016.csv
0.051,2.7988,0.1308,0.0,-0.1344,0.0,ident_20250910_062016.csv
0.051,2.8109,0.3086,0.0,-0.1344,0.0,ident_20250910_062016.csv
0.051,2.8259,0.3058,0.0,-0.1344,0.0,ident_20250910_062016.csv
0.051,2.8354,0.1526,0.0,-0.1344,0.0,ident_20250910_062016.csv
0.051,2.8347,-0.0575,0.0,-0.1344,0.0,ident_20250910_062016.csv
0.051,2.8257,-0.2012,0.0,-0.1344,0.0,ident_20250910_062016.csv
0.051,2.8139,-0.2123,0.0,-0.1344,0.0,ident_20250910_062016.csv
0.051,2.8056,-0.1105,0.0,-0.1344,0.0,ident_20250910_062016.csv
0.051,2.8043,0.0316,0.0,-0.1344,0.0,ident_20250910_062016.csv
0.051,2.8095,0.1336,0.0,-0.1344,0.0,ident_20250910_062016.csv
0.051,2.8163,0.1408,0.0,-0.1344,0.0,ident_20250910_062016.csv
0.051,2.8208,0.0667,0.0,-0.1344,0.0,ident_20250910_062016.csv
0.051,2.8198,-0.036,0.0,-0.1344,0.0,ident_20250910_062016.csv
0.052,2.8149,-0.0996,0.0,-0.1344,0.0,ident_20250910_062016.csv
0.051,2.8094,-0.0891,0.0,-0.1344,0.0,ident_20250910_062016.csv
0.051,2.8067,-0.0268,0.0,-0.1344,0.0,ident_20250910_062016.csv
0.051,2.8077,0.0491,0.0,-0.1344,0.0,ident_20250910_062016.csv
0.051,2.8109,0.0765,0.0,-0.1344,0.0,ident_20250910_062016.csv
0.051,2.8136,0.0495,0.0,-0.1344,0.0,ident_20250910_062016.csv
0.051,2.8139,-0.0063,0.0,-0.1344,0.0,ident_20250910_062016.csv
0.051,2.8117,-0.0522,0.0,-0.1344,0.0,ident_20250910_062016.csv
0.051,2.8087,-0.047,0.0,-0.1344,0.0,ident_20250910_062016.csv
0.051,2.8072,-0.0177,0.0,-0.1344,0.0,ident_20250910_062016.csv
0.051,2.8076,0.0236,0.0,-0.1344,0.0,ident_20250910_062016.csv
0.051,2.8093,0.042,0.0,-0.1344,0.0,ident_20250910_062016.csv
0.051,2.8107,0.0254,0.0,-0.1344,0.0,ident_20250910_062016.csv
0.051,2.8108,-0.005,0.0,-0.1344,0.0,ident_20250910_062016.csv
0.051,2.8093,-0.0294,0.0,-0.1344,0.0,ident_20250910_062016.csv
0.051,2.8078,-0.0262,0.0,-0.1344,0.0,ident_20250910_062016.csv
0.051,2.8072,-0.0033,0.0,-0.1344,0.0,ident_20250910_062016.csv
0.051,2.8078,0.0185,0.0,-0.1344,0.0,ident_20250910_062016.csv
0.051,2.8087,0.021,0.0,-0.1344,0.0,ident_20250910_062016.csv
0.051,2.8094,0.0075,0.0,-0.1344,0.0,ident_20250910_062016.csv
0.051,2.8091,-0.0073,0.0,-0.1344,0.0,ident_20250910_062016.csv
0.051,2.8081,-0.017,0.0,-0.1344,0.0,ident_20250910_062016.csv
0.051,2.8072,-0.0103,0.0,-0.1344,0.0,ident_20250910_062016.csv
0.051,2.8071,0.0049,0.0,-0.1344,0.0,ident_20250910_062016.csv
0.051,2.8076,0.0129,0.0,-0.1344,0.0,ident_20250910_062016.csv
0.051,2.8082,0.0098,0.0,-0.1344,0.0,ident_20250910_062016.csv
0.051,2.8083,-0.0011,0.0,-0.1344,0.0,ident_20250910_062016.csv
0.051,2.8078,-0.0097,0.0,-0.1344,0.0,ident_20250910_062016.csv
0.051,2.8073,-0.0079,0.0,-0.1344,0.0,ident_20250910_062016.csv
0.051,2.807,-0.0018,0.0,-0.1344,0.0,ident_20250910_062016.csv
0.051,2.8072,0.0065,0.0,-0.1344,0.0,ident_20250910_062016.csv
0.051,2.8076,0.009,0.0,-0.1344,0.0,ident_20250910_062016.csv
0.051,2.8078,0.0025,0.0,-0.1344,0.0,ident_20250910_062016.csv
0.051,2.8076,-0.0013,0.0,-0.1344,0.0,ident_20250910_062016.csv
0.051,2.8073,-0.0099,0.0,-0.1344,0.0,ident_20250910_062016.csv
0.051,2.807,-0.0019,0.0,-0.1344,0.0,ident_20250910_062016.csv
0.051,2.8071,-0.0006,0.0,-0.1344,0.0,ident_20250910_062016.csv
0.051,2.8073,0.0057,0.0,-0.1344,0.0,ident_20250910_062016.csv
0.051,2.8076,0.0022,0.0,-0.1344,0.0,ident_20250910_062016.csv
0.051,2.8075,0.0015,0.0,-0.1344,0.0,ident_20250910_062016.csv
0.051,2.8073,-0.0049,0.0,-0.1344,0.0,ident_20250910_062016.csv
0.051,2.807,-0.0022,0.0,-0.1344,0.0,ident_20250910_062016.csv
0.051,2.8069,0.0015,0.0,-0.1344,0.0,ident_20250910_062016.csv
0.051,2.807,0.0035,0.0,-0.1344,0.0,ident_20250910_062016.csv
0.051,2.8071,0.0022,0.0,-0.1344,0.0,ident_20250910_062016.csv
0.052,2.8072,-0.0029,0.0,-0.1344,0.0,ident_20250910_062016.csv
0.05,2.8071,0.0005,0.0,-0.1344,0.0,ident_20250910_062016.csv
0.051,2.8069,-0.0019,0.0,-0.1344,0.0,ident_20250910_062016.csv
0.051,2.8068,0.001,0.0,-0.1344,0.0,ident_20250910_062016.csv
0.051,2.8069,0.003,0.0,-0.1344,0.0,ident_20250910_062016.csv
0.051,2.807,0.0029,0.0,-0.1344,0.0,ident_20250910_062016.csv
0.051,2.807,-0.0025,0.0,-0.1344,0.0,ident_20250910_062016.csv
0.051,2.8069,-0.0046,0.0,-0.1344,0.0,ident_20250910_062016.csv
0.051,2.8067,-0.0009,0.0,-0.1344,0.0,ident_20250910_062016.csv
0.051,2.8067,-0.0003,0.0,-0.1344,0.0,ident_20250910_062016.csv
0.051,2.8069,0.0035,0.0,-0.1344,0.0,ident_20250910_062016.csv
0.051,2.807,0.0017,0.0,-0.1344,0.0,ident_20250910_062016.csv
0.051,2.807,-0.0018,0.0,-0.1344,0.0,ident_20250910_062016.csv
0.051,2.8071,0.0002,0.0,-0.1344,0.0,ident_20250910_062016.csv
0.051,2.8069,-0.0033,0.0,-0.1344,0.0,ident_20250910_062016.csv
0.051,2.8069,0.0014,0.0,-0.1344,0.0,ident_20250910_062016.csv
0.051,2.807,0.0015,0.0,-0.1344,0.0,ident_20250910_062016.csv
0.051,2.8071,0.0021,0.0,-0.1344,0.0,ident_20250910_062016.csv
0.051,2.8072,-0.0021,0.0,-0.1344,0.0,ident_20250910_062016.csv
0.051,2.8071,-0.0021,0.0,-0.1344,0.0,ident_20250910_062016.csv
0.051,2.8071,-0.001,0.0,-0.1344,0.0,ident_20250910_062016.csv
0.051,2.807,0.0001,0.0,-0.1344,0.0,ident_20250910_062016.csv
0.051,2.807,0.0018,0.0,-0.1344,0.0,ident_20250910_062016.csv
0.051,2.807,0.0026,0.0,-0.1344,0.0,ident_20250910_062016.csv
0.051,2.8071,0.0047,0.0,-0.1344,0.0,ident_20250910_062016.csv
0.051,2.807,0.0017,0.0,-0.1344,0.0,ident_20250910_062016.csv
0.051,2.807,-0.0005,0.0,-0.1344,0.0,ident_20250910_062016.csv
0.051,2.807,0.0018,0.0,-0.1344,0.0,ident_20250910_062016.csv
0.051,2.807,0.0014,0.0,-0.1344,0.0,ident_20250910_062016.csv
0.051,2.8071,0.0017,0.0,-0.1344,0.0,ident_20250910_062016.csv
0.051,2.8072,0.0006,0.0,-0.1344,0.0,ident_20250910_062016.csv
0.051,2.8071,-0.001,0.0,-0.1344,0.0,ident_20250910_062016.csv
0.051,2.8071,-0.0022,0.0,-0.1344,0.0,ident_20250910_062016.csv
0.051,2.8072,-0.0033,0.0,-0.1344,0.0,ident_20250910_062016.csv
0.051,2.8071,0.0007,0.0,-0.1344,0.0,ident_20250910_062016.csv
0.051,2.8071,-0.0037,0.0,-0.1344,0.0,ident_20250910_062016.csv
0.051,2.8071,0.0002,0.0,-0.1344,0.0,ident_20250910_062016.csv
0.051,2.8071,0.0026,0.0,-0.1344,0.0,ident_20250910_062016.csv
0.051,2.8072,-0.003,0.0,-0.1344,0.0,ident_20250910_062016.csv
0.051,2.8071,0.0025,0.0,-0.1344,0.0,ident_20250910_062016.csv
0.051,2.8071,-0.0011,0.0,-0.1344,0.0,ident_20250910_062016.csv
0.051,2.8071,0.0006,0.0,-0.1344,0.0,ident_20250910_062016.csv
0.051,2.8071,0.0009,0.0,-0.1344,0.0,ident_20250910_062016.csv
0.051,2.807,0.0041,0.0,-0.1344,0.0,ident_20250910_062016.csv
0.051,2.8071,0.0001,0.0,-0.1344,0.0,ident_20250910_062016.csv
0.051,2.8071,-0.0007,0.0,-0.1344,0.0,ident_20250910_062016.csv
0.051,2.8072,0.0027,0.0,-0.1344,0.0,ident_20250910_062016.csv
0.051,2.8071,-0.0003,0.0,-0.1344,0.0,ident_20250910_062016.csv
0.05,2.807,-0.0015,0.0,-0.1344,0.0,ident_20250910_062016.csv
0.052,2.8069,0.0022,0.0,-0.1344,0.0,ident_20250910_062016.csv
0.051,2.8069,0.0005,0.0,-0.1344,0.0,ident_20250910_062016.csv
0.051,2.807,-0.0006,0.0,-0.1344,0.0,ident_20250910_062016.csv
0.051,2.8069,0.0007,0.0,-0.1344,0.0,ident_20250910_062016.csv
0.051,2.8069,0.0007,0.0,-0.1344,0.0,ident_20250910_062016.csv
0.051,2.8069,-0.0003,0.0,-0.1344,0.0,ident_20250910_062016.csv
0.051,2.8069,-0.0005,0.0,-0.1344,0.0,ident_20250910_062016.csv
0.051,2.8069,0.0014,0.0,-0.1344,0.0,ident_20250910_062016.csv
0.051,2.8069,0.0014,0.0,-0.1344,0.0,ident_20250910_062016.csv
0.051,2.8069,0.001,0.0,-0.1344,0.0,ident_20250910_062016.csv
0.051,2.8068,0.0011,0.0,-0.1344,0.0,ident_20250910_062016.csv
0.051,2.8069,0.003,0.0,-0.1344,0.0,ident_20250910_062016.csv
0.051,2.8069,0.0023,0.0,-0.1344,0.0,ident_20250910_062016.csv
0.051,2.807,-0.0005,0.0,-0.1344,0.0,ident_20250910_062016.csv
0.051,2.807,-0.0007,0.0,-0.1344,0.0,ident_20250910_062016.csv
0.052,2.807,0.0022,0.0,-0.1344,0.0,ident_20250910_062016.csv
0.051,2.8069,-0.0026,0.0,-0.1344,0.0,ident_20250910_062016.csv
0.051,2.8069,0.0021,0.0,-0.1344,0.0,ident_20250910_062016.csv
0.051,2.807,-0.0005,0.0,-0.1344,0.0,ident_20250910_062016.csv
0.051,2.807,-0.0018,0.0,-0.1344,0.0,ident_20250910_062016.csv
0.051,2.8071,-0.0031,0.0,-0.1344,0.0,ident_20250910_062016.csv
0.051,2.8072,-0.0005,0.0,-0.1344,0.0,ident_20250910_062016.csv
0.051,2.8071,-0.0003,0.0,-0.1344,0.0,ident_20250910_062016.csv
0.051,2.807,-0.0019,0.0,-0.1344,0.0,ident_20250910_062016.csv
0.051,2.807,-0.0005,0.0,-0.1344,0.0,ident_20250910_062016.csv
0.051,2.807,-0.0005,0.0,-0.1344,0.0,ident_20250910_062016.csv
0.051,2.807,0.0009,0.0,-0.1344,0.0,ident_20250910_062016.csv
0.051,2.8069,0.0002,0.0,-0.1344,0.0,ident_20250910_062016.csv
0.051,2.8068,0.0014,0.0,-0.1344,0.0,ident_20250910_062016.csv
0.05,2.8068,0.0025,0.0,-0.1344,0.0,ident_20250910_062016.csv
0.052,2.8068,0.0013,0.0,-0.1344,0.0,ident_20250910_062016.csv
0.051,2.8068,-0.0018,0.0,-0.1344,0.0,ident_20250910_062016.csv
0.051,2.8069,-0.0025,0.0,-0.1344,0.0,ident_20250910_062016.csv
0.051,2.807,-0.0002,0.0,-0.1344,0.0,ident_20250910_062016.csv
0.05,2.807,0.0002,0.0,-0.1344,0.0,ident_20250910_062016.csv
0.052,2.8071,-0.0023,0.0,-0.1344,0.0,ident_20250910_062016.csv
0.051,2.807,0.003,0.0,-0.1344,0.0,ident_20250910_062016.csv
0.051,2.8071,-0.0001,0.0,-0.1344,0.0,ident_20250910_062016.csv
0.051,2.8071,-0.0039,0.0,-0.1344,0.0,ident_20250910_062016.csv
0.051,2.807,-0.0035,0.0,-0.1344,0.0,ident_20250910_062016.csv
0.051,2.8071,-0.0011,0.0,-0.1344,0.0,ident_20250910_062016.csv
0.051,2.807,0.0011,0.0,-0.1344,0.0,ident_20250910_062016.csv
0.051,2.807,0.0017,0.0,-0.1344,0.0,ident_20250910_062016.csv
0.051,2.8071,0.0026,0.0,-0.1344,0.0,ident_20250910_062016.csv
0.051,2.8071,-0.0009,0.0,-0.1344,0.0,ident_20250910_062016.csv
0.05,2.8071,-0.0009,0.0,-0.1344,0.0,ident_20250910_062016.csv
0.052,2.8072,-0.0003,0.0,-0.1344,0.0,ident_20250910_062016.csv
0.051,2.8072,-0.0013,0.0,-0.1344,0.0,ident_20250910_062016.csv
0.051,2.8072,0.0002,0.0,-0.1344,0.0,ident_20250910_062016.csv
0.05,2.8073,0.0015,0.0,-0.1344,0.0,ident_20250910_062016.csv
0.052,2.8072,0.0006,0.0,-0.1344,0.0,ident_20250910_062016.csv
0.05,2.8072,-0.0003,0.0,-0.1344,0.0,ident_20250910_062016.csv
0.051,2.8072,-0.0001,0.0,-0.1344,0.0,ident_20250910_062016.csv
0.051,2.8071,-0.0014,0.0,-0.1344,0.0,ident_20250910_062016.csv
0.052,2.8072,0.0014,0.0,-0.1344,0.0,ident_20250910_062016.csv
0.05,2.8071,0.0014,0.0,-0.1344,0.0,ident_20250910_062016.csv
0.051,2.8071,0.0007,0.0,-0.1344,0.0,ident_20250910_062016.csv
0.051,2.807,-0.0001,0.0,-0.1344,0.0,ident_20250910_062016.csv
0.052,2.8071,-0.0019,0.0,-0.1344,0.0,ident_20250910_062016.csv
0.051,2.807,-0.0026,0.0,-0.1344,0.0,ident_20250910_062016.csv
0.051,2.8069,-0.0005,0.0,-0.1344,0.0,ident_20250910_062016.csv
0.051,2.8069,-0.0001,0.0,-0.1344,0.0,ident_20250910_062016.csv
0.051,2.807,0.0006,0.0,-0.1344,0.0,ident_20250910_062016.csv
0.051,2.807,0.0017,0.0,-0.1344,0.0,ident_20250910_062016.csv
0.051,2.807,0.0014,0.0,-0.1344,0.0,ident_20250910_062016.csv
0.051,2.807,0.0013,0.0,-0.1344,0.0,ident_20250910_062016.csv
0.051,2.807,0.0013,0.0,-0.1344,0.0,ident_20250910_062016.csv
0.051,2.807,-0.0003,0.0,-0.1344,0.0,ident_20250910_062016.csv
0.051,2.8069,0.0014,0.0,-0.1344,0.0,ident_20250910_062016.csv
0.051,2.8069,-0.0002,0.0,-0.1344,0.0,ident_20250910_062016.csv
0.051,2.8069,-0.0017,0.0,-0.1344,0.0,ident_20250910_062016.csv
0.051,2.807,0.0017,0.0,-0.1344,0.0,ident_20250910_062016.csv
0.051,2.8071,0.0019,0.0,-0.1344,0.0,ident_20250910_062016.csv
0.051,2.8072,-0.0011,0.0,-0.1344,0.0,ident_20250910_062016.csv
0.051,2.8072,-0.0003,0.0,-0.1344,0.0,ident_20250910_062016.csv
0.051,2.8071,-0.0025,0.0,-0.1344,0.0,ident_20250910_062016.csv
0.051,2.8071,-0.0007,0.0,-0.1344,0.0,ident_20250910_062016.csv
0.05,2.8071,0.0025,0.0,-0.1344,0.0,ident_20250910_062016.csv
0.052,2.8069,0.0005,0.0,-0.1344,0.0,ident_20250910_062016.csv
0.051,2.8069,0.0029,30.0,-0.1344,0.0,ident_20250910_062016.csv
0.051,2.8417,0.0652,30.0,-0.1266,0.2552,ident_20250910_062016.csv
0.051,2.8665,0.1276,30.0,-0.1108,0.3829,ident_20250910_062016.csv
0.052,2.884,0.2287,30.0,-0.0897,0.3829,ident_20250910_062016.csv
0.051,2.9073,0.5403,30.0,-0.0659,0.4467,ident_20250910_062016.csv
0.051,2.925,0.3092,30.0,-0.0421,0.5105,ident_20250910_062016.csv
0.052,2.926,0.0809,0.0,-0.0171,0.3829,ident_20250910_062016.csv
0.051,2.8798,-0.124,0.0,-0.0061,0.1276,ident_20250910_062016.csv
0.051,2.8408,-0.3818,0.0,-0.0014,0.1276,ident_20250910_062016.csv
0.052,2.8113,-0.5243,0.0,-0.0011,0.0,ident_20250910_062016.csv
0.051,2.7862,-0.5107,0.0,-0.0013,0.0,ident_20250910_062016.csv
0.051,2.7702,-0.2187,0.0,-0.0013,0.0,ident_20250910_062016.csv
0.051,2.7743,0.1834,0.0,-0.0013,0.0,ident_20250910_062016.csv
0.051,2.7931,0.4228,0.0,-0.0013,0.0,ident_20250910_062016.csv
0.051,2.8158,0.4129,0.0,-0.0013,0.0,ident_20250910_062016.csv
0.051,2.8295,0.1865,0.0,-0.0013,0.0,ident_20250910_062016.csv
0.051,2.829,-0.1004,0.0,-0.0013,0.0,ident_20250910_062016.csv
0.051,2.8161,-0.3186,0.0,-0.0013,0.0,ident_20250910_062016.csv
0.051,2.7984,-0.3454,0.0,-0.0013,0.0,ident_20250910_062016.csv
0.051,2.7868,-0.1783,0.0,-0.0013,0.0,ident_20250910_062016.csv
0.051,2.7872,0.0837,0.0,-0.0013,0.0,ident_20250910_062016.csv
0.051,2.798,0.2537,0.0,-0.0013,0.0,ident_20250910_062016.csv
0.051,2.8122,0.2596,0.0,-0.0013,0.0,ident_20250910_062016.csv
0.051,2.8209,0.1265,0.0,-0.0013,0.0,ident_20250910_062016.csv
0.051,2.8206,-0.066,0.0,-0.0013,0.0,ident_20250910_062016.csv
0.052,2.8121,-0.2008,0.0,-0.0013,0.0,ident_20250910_062016.csv
0.05,2.8018,-0.2035,0.0,-0.0013,0.0,ident_20250910_062016.csv
0.051,2.7953,-0.0875,0.0,-0.0013,0.0,ident_20250910_062016.csv
0.051,2.7963,0.0576,0.0,-0.0013,0.0,ident_20250910_062016.csv
0.051,2.8034,0.1582,0.0,-0.0013,0.0,ident_20250910_062016.csv
0.051,2.8117,0.1507,0.0,-0.0013,0.0,ident_20250910_062016.csv
0.051,2.816,0.0463,0.0,-0.0013,0.0,ident_20250910_062016.csv
0.051,2.8144,-0.065,0.0,-0.0013,0.0,ident_20250910_062016.csv
0.051,2.8088,-0.1282,0.0,-0.0013,0.0,ident_20250910_062016.csv
0.051,2.8027,-0.1052,0.0,-0.0013,0.0,ident_20250910_062016.csv
0.051,2.8005,-0.0202,0.0,-0.0013,0.0,ident_20250910_062016.csv
0.051,2.8027,0.0664,0.0,-0.0013,0.0,ident_20250910_062016.csv
0.051,2.8076,0.0985,0.0,-0.0013,0.0,ident_20250910_062016.csv
0.051,2.8117,0.0639,0.0,-0.0013,0.0,ident_20250910_062016.csv
0.051,2.8126,-0.0071,0.0,-0.0013,0.0,ident_20250910_062016.csv
0.051,2.8101,-0.0638,0.0,-0.0013,0.0,ident_20250910_062016.csv
0.051,2.8063,-0.0731,0.0,-0.0013,0.0,ident_20250910_062016.csv
0.051,2.804,-0.0354,0.0,-0.0013,0.0,ident_20250910_062016.csv
0.051,2.8043,0.0227,0.0,-0.0013,0.0,ident_20250910_062016.csv
0.051,2.8068,0.057,0.0,-0.0013,0.0,ident_20250910_062016.csv
0.051,2.8095,0.0478,0.0,-0.0013,0.0,ident_20250910_062016.csv
0.051,2.8107,0.0107,0.0,-0.0013,0.0,ident_20250910_062016.csv
0.051,2.8097,-0.0323,0.0,-0.0013,0.0,ident_20250910_062016.csv
0.051,2.8074,-0.0446,0.0,-0.0013,0.0,ident_20250910_062016.csv
0.051,2.8059,-0.0274,0.0,-0.0013,0.0,ident_20250910_062016.csv
0.051,2.8057,0.0086,0.0,-0.0013,0.0,ident_20250910_062016.csv
0.051,2.8069,0.0292,0.0,-0.0013,0.0,ident_20250910_062016.csv
0.051,2.8085,0.0272,0.0,-0.0013,0.0,ident_20250910_062016.csv
0.051,2.8092,0.0061,0.0,-0.0013,0.0,ident_20250910_062016.csv
0.051,2.8088,-0.0154,0.0,-0.0013,0.0,ident_20250910_062016.csv
0.051,2.8077,-0.0274,0.0,-0.0013,0.0,ident_20250910_062016.csv
0.051,2.8068,-0.0162,0.0,-0.0013,0.0,ident_20250910_062016.csv
0.051,2.8067,0.0043,0.0,-0.0013,0.0,ident_20250910_062016.csv
0.051,2.8075,0.0189,0.0,-0.0013,0.0,ident_20250910_062016.csv
0.051,2.8084,0.0139,0.0,-0.0013,0.0,ident_20250910_062016.csv
0.051,2.8089,-0.0001,0.0,-0.0013,0.0,ident_20250910_062016.csv
0.051,2.8085,-0.0114,0.0,-0.0013,0.0,ident_20250910_062016.csv
0.051,2.8079,-0.0162,0.0,-0.0013,0.0,ident_20250910_062016.csv
0.051,2.8075,-0.0035,0.0,-0.0013,0.0,ident_20250910_062016.csv
0.051,2.8076,0.0055,0.0,-0.0013,0.0,ident_20250910_062016.csv
0.051,2.8082,0.0094,0.0,-0.0013,0.0,ident_20250910_062016.csv
0.051,2.8087,0.0086,0.0,-0.0013,0.0,ident_20250910_062016.csv
0.051,2.8087,-0.0047,0.0,-0.0013,0.0,ident_20250910_062016.csv
0.051,2.8083,-0.0074,0.0,-0.0013,0.0,ident_20250910_062016.csv
0.051,2.8079,-0.0082,0.0,-0.0013,0.0,ident_20250910_062016.csv
0.051,2.8077,0.0026,0.0,-0.0013,0.0,ident_20250910_062016.csv
0.051,2.8078,0.0054,0.0,-0.0013,0.0,ident_20250910_062016.csv
0.051,2.8081,0.0029,0.0,-0.0013,0.0,ident_20250910_062016.csv
0.051,2.8083,0.0017,0.0,-0.0013,0.0,ident_20250910_062016.csv
0.051,2.8082,-0.0006,0.0,-0.0013,0.0,ident_20250910_062016.csv
0.051,2.8079,-0.0053,0.0,-0.0013,0.0,ident_20250910_062016.csv
0.051,2.8078,-0.0045,0.0,-0.0013,0.0,ident_20250910_062016.csv
0.051,2.8076,0.0015,0.0,-0.0013,0.0,ident_20250910_062016.csv
0.051,2.8078,0.0027,0.0,-0.0013,0.0,ident_20250910_062016.csv
0.051,2.808,0.0045,0.0,-0.0013,0.0,ident_20250910_062016.csv
0.051,2.8081,-0.001,0.0,-0.0013,0.0,ident_20250910_062016.csv
0.051,2.808,-0.0038,0.0,-0.0013,0.0,ident_20250910_062016.csv
0.051,2.8081,0.0009,0.0,-0.0013,0.0,ident_20250910_062016.csv
0.051,2.808,-0.0007,0.0,-0.0013,0.0,ident_20250910_062016.csv
0.051,2.8081,0.0029,0.0,-0.0013,0.0,ident_20250910_062016.csv
0.051,2.8083,0.0007,0.0,-0.0013,0.0,ident_20250910_062016.csv
0.051,2.8082,-0.0002,0.0,-0.0013,0.0,ident_20250910_062016.csv
0.051,2.8083,0.0006,0.0,-0.0013,0.0,ident_20250910_062016.csv
0.052,2.8082,-0.0031,0.0,-0.0013,0.0,ident_20250910_062016.csv
0.05,2.8082,-0.0018,0.0,-0.0013,0.0,ident_20250910_062016.csv
0.051,2.8082,0.0023,0.0,-0.0013,0.0,ident_20250910_062016.csv
0.051,2.8083,0.0029,0.0,-0.0013,0.0,ident_20250910_062016.csv
0.051,2.8083,-0.0006,0.0,-0.0013,0.0,ident_20250910_062016.csv
0.051,2.8083,-0.0034,0.0,-0.0013,0.0,ident_20250910_062016.csv
0.051,2.8082,-0.0019,0.0,-0.0013,0.0,ident_20250910_062016.csv
0.051,2.8081,-0.0027,0.0,-0.0013,0.0,ident_20250910_062016.csv
0.051,2.8081,-0.0003,0.0,-0.0013,0.0,ident_20250910_062016.csv
0.051,2.8083,0.0021,0.0,-0.0013,0.0,ident_20250910_062016.csv
0.051,2.8081,-0.0005,0.0,-0.0013,0.0,ident_20250910_062016.csv
0.051,2.8082,-0.0029,0.0,-0.0013,0.0,ident_20250910_062016.csv
0.051,2.8082,-0.0027,0.0,-0.0013,0.0,ident_20250910_062016.csv
0.051,2.8084,0.0006,0.0,-0.0013,0.0,ident_20250910_062016.csv
0.051,2.8085,-0.0009,0.0,-0.0013,0.0,ident_20250910_062016.csv
0.051,2.8084,0.0035,0.0,-0.0013,0.0,ident_20250910_062016.csv
0.051,2.8085,-0.0025,0.0,-0.0013,0.0,ident_20250910_062016.csv
0.051,2.8085,0.0015,0.0,-0.0013,0.0,ident_20250910_062016.csv
0.051,2.8086,-0.0045,0.0,-0.0013,0.0,ident_20250910_062016.csv
0.051,2.8085,-0.0015,0.0,-0.0013,0.0,ident_20250910_062016.csv
0.052,2.8087,0.0038,0.0,-0.0013,0.0,ident_20250910_062016.csv
0.05,2.8087,0.001,0.0,-0.0013,0.0,ident_20250910_062016.csv
0.051,2.8086,-0.0027,0.0,-0.0013,0.0,ident_20250910_062016.csv
0.051,2.8086,-0.0005,0.0,-0.0013,0.0,ident_20250910_062016.csv
0.051,2.8086,-0.0027,0.0,-0.0013,0.0,ident_20250910_062016.csv
0.051,2.8086,-0.0014,0.0,-0.0013,0.0,ident_20250910_062016.csv
0.051,2.8088,0.0029,0.0,-0.0013,0.0,ident_20250910_062016.csv
0.051,2.8088,-0.0007,0.0,-0.0013,0.0,ident_20250910_062016.csv
0.051,2.8088,-0.0026,0.0,-0.0013,0.0,ident_20250910_062016.csv
0.051,2.8087,0.0001,0.0,-0.0013,0.0,ident_20250910_062016.csv
0.051,2.8087,-0.0013,0.0,-0.0013,0.0,ident_20250910_062016.csv
0.051,2.8086,-0.0021,0.0,-0.0013,0.0,ident_20250910_062016.csv
0.051,2.8086,0.003,0.0,-0.0013,0.0,ident_20250910_062016.csv
0.051,2.8085,-0.0018,0.0,-0.0013,0.0,ident_20250910_062016.csv
0.051,2.8085,-0.001,0.0,-0.0013,0.0,ident_20250910_062016.csv
0.051,2.8084,-0.0005,0.0,-0.0013,0.0,ident_20250910_062016.csv
0.051,2.8085,-0.0006,0.0,-0.0013,0.0,ident_20250910_062016.csv
0.051,2.8084,-0.0005,0.0,-0.0013,0.0,ident_20250910_062016.csv
0.051,2.8083,0.0001,0.0,-0.0013,0.0,ident_20250910_062016.csv
0.051,2.8081,0.0022,0.0,-0.0013,0.0,ident_20250910_062016.csv
0.051,2.8081,0.0009,0.0,-0.0013,0.0,ident_20250910_062016.csv
0.051,2.8081,-0.0002,0.0,-0.0013,0.0,ident_20250910_062016.csv
0.051,2.8081,-0.0009,0.0,-0.0013,0.0,ident_20250910_062016.csv
0.051,2.8081,0.0001,0.0,-0.0013,0.0,ident_20250910_062016.csv
0.051,2.8081,0.0001,0.0,-0.0013,0.0,ident_20250910_062016.csv
0.051,2.8081,0.0022,0.0,-0.0013,0.0,ident_20250910_062016.csv
0.051,2.8081,0.0007,0.0,-0.0013,0.0,ident_20250910_062016.csv
0.051,2.8081,-0.0015,0.0,-0.0013,0.0,ident_20250910_062016.csv
0.051,2.808,0.0009,0.0,-0.0013,0.0,ident_20250910_062016.csv
0.051,2.8081,-0.0035,0.0,-0.0013,0.0,ident_20250910_062016.csv
0.051,2.8081,-0.0021,0.0,-0.0013,0.0,ident_20250910_062016.csv
0.051,2.8081,0.0003,0.0,-0.0013,0.0,ident_20250910_062016.csv
0.051,2.8081,0.0021,0.0,-0.0013,0.0,ident_20250910_062016.csv
0.051,2.8081,-0.0001,0.0,-0.0013,0.0,ident_20250910_062016.csv
0.051,2.8082,0.0014,0.0,-0.0013,0.0,ident_20250910_062016.csv
0.051,2.8081,0.0018,0.0,-0.0013,0.0,ident_20250910_062016.csv
0.051,2.8082,-0.0001,0.0,-0.0013,0.0,ident_20250910_062016.csv
0.051,2.8081,-0.0029,0.0,-0.0013,0.0,ident_20250910_062016.csv
0.051,2.8082,0.0031,0.0,-0.0013,0.0,ident_20250910_062016.csv
0.051,2.8081,-0.003,0.0,-0.0013,0.0,ident_20250910_062016.csv
0.051,2.8082,0.0009,0.0,-0.0013,0.0,ident_20250910_062016.csv
0.051,2.8082,0.0025,0.0,-0.0013,0.0,ident_20250910_062016.csv
0.051,2.8083,0.0029,0.0,-0.0013,0.0,ident_20250910_062016.csv
0.051,2.8084,0.0021,0.0,-0.0013,0.0,ident_20250910_062016.csv
0.051,2.8084,-0.0035,0.0,-0.0013,0.0,ident_20250910_062016.csv
0.051,2.8083,-0.0035,0.0,-0.0013,0.0,ident_20250910_062016.csv
0.051,2.8084,-0.0025,0.0,-0.0013,0.0,ident_20250910_062016.csv
0.051,2.8084,0.0006,0.0,-0.0013,0.0,ident_20250910_062016.csv
0.051,2.8084,-0.0013,0.0,-0.0013,0.0,ident_20250910_062016.csv
0.051,2.8085,-0.0001,0.0,-0.0013,0.0,ident_20250910_062016.csv
0.051,2.8083,-0.0014,0.0,-0.0013,0.0,ident_20250910_062016.csv
0.051,2.8083,0.001,0.0,-0.0013,0.0,ident_20250910_062016.csv
0.051,2.8084,-0.0003,0.0,-0.0013,0.0,ident_20250910_062016.csv
0.051,2.8084,-0.0009,0.0,-0.0013,0.0,ident_20250910_062016.csv
0.052,2.8084,-0.0011,0.0,-0.0013,0.0,ident_20250910_062016.csv
0.05,2.8084,-0.0018,0.0,-0.0013,0.0,ident_20250910_062016.csv
0.052,2.8084,-0.0018,0.0,-0.0013,0.0,ident_20250910_062016.csv
0.051,2.8084,0.0019,0.0,-0.0013,0.0,ident_20250910_062016.csv
0.051,2.8083,-0.0011,0.0,-0.0013,0.0,ident_20250910_062016.csv
0.051,2.8084,-0.0005,0.0,-0.0013,0.0,ident_20250910_062016.csv
0.051,2.8083,-0.001,0.0,-0.0013,0.0,ident_20250910_062016.csv
0.051,2.8083,-0.0011,0.0,-0.0013,0.0,ident_20250910_062016.csv
0.05,2.8083,-0.0021,0.0,-0.0013,0.0,ident_20250910_062016.csv
0.052,2.8082,-0.0013,0.0,-0.0013,0.0,ident_20250910_062016.csv
0.051,2.8083,0.0029,0.0,-0.0013,0.0,ident_20250910_062016.csv
0.051,2.8082,0.0011,0.0,-0.0013,0.0,ident_20250910_062016.csv
0.05,2.8082,-0.0015,0.0,-0.0013,0.0,ident_20250910_062016.csv
0.052,2.8083,0.0023,0.0,-0.0013,0.0,ident_20250910_062016.csv
0.05,2.8083,0.0021,0.0,-0.0013,0.0,ident_20250910_062016.csv
0.051,2.8083,-0.0025,0.0,-0.0013,0.0,ident_20250910_062016.csv
0.051,2.8084,-0.0054,0.0,-0.0013,0.0,ident_20250910_062016.csv
0.052,2.8085,-0.0009,0.0,-0.0013,0.0,ident_20250910_062016.csv
0.051,2.8085,0.0013,0.0,-0.0013,0.0,ident_20250910_062016.csv
0.051,2.8085,0.001,0.0,-0.0013,0.0,ident_20250910_062016.csv
0.051,2.8085,-0.0005,0.0,-0.0013,0.0,ident_20250910_062016.csv
0.051,2.8085,0.0011,0.0,-0.0013,0.0,ident_20250910_062016.csv
0.051,2.8084,0.0009,0.0,-0.0013,0.0,ident_20250910_062016.csv
0.051,2.8085,-0.0009,0.0,-0.0013,0.0,ident_20250910_062016.csv
0.051,2.8083,-0.0014,0.0,-0.0013,0.0,ident_20250910_062016.csv
0.051,2.8084,-0.0015,0.0,-0.0013,0.0,ident_20250910_062016.csv
0.051,2.8085,-0.0019,0.0,-0.0013,0.0,ident_20250910_062016.csv
0.051,2.8084,0.0017,0.0,-0.0013,0.0,ident_20250910_062016.csv
0.051,2.8084,-0.0005,0.0,-0.0013,0.0,ident_20250910_062016.csv
0.051,2.8084,0.0006,0.0,-0.0013,0.0,ident_20250910_062016.csv
0.051,2.8084,0.0003,0.0,-0.0013,0.0,ident_20250910_062016.csv
0.051,2.8084,-0.0011,0.0,-0.0013,0.0,ident_20250910_062016.csv
0.052,2.8084,-0.0005,0.0,-0.0013,0.0,ident_20250910_062016.csv
0.051,2.8084,0.0013,0.0,-0.0013,0.0,ident_20250910_062016.csv
0.051,2.8085,0.0001,0.0,-0.0013,0.0,ident_20250910_062016.csv
0.05,2.8085,-0.0039,0.0,-0.0013,0.0,ident_20250910_062016.csv
0.051,2.8086,-0.0017,0.0,-0.0013,0.0,ident_20250910_062016.csv
0.051,2.8086,0.0038,0.0,-0.0013,0.0,ident_20250910_062016.csv
0.052,2.8086,-0.0017,0.0,-0.0013,0.0,ident_20250910_062016.csv
0.05,2.8086,-0.0035,0.0,-0.0013,0.0,ident_20250910_062016.csv
0.051,2.8086,0.0027,0.0,-0.0013,0.0,ident_20250910_062016.csv
0.051,2.8086,-0.0009,0.0,-0.0013,0.0,ident_20250910_062016.csv
0.051,2.8086,-0.0013,0.0,-0.0013,0.0,ident_20250910_062016.csv
0.052,2.8085,0.0003,0.0,-0.0013,0.0,ident_20250910_062016.csv
0.051,2.8085,-0.0014,0.0,-0.0013,0.0,ident_20250910_062016.csv
0.051,2.8084,-0.0025,0.0,-0.0013,0.0,ident_20250910_062016.csv
0.05,2.8084,-0.0021,0.0,-0.0013,0.0,ident_20250910_062016.csv
0.052,2.8084,-0.0023,0.0,-0.0013,0.0,ident_20250910_062016.csv
0.05,2.8085,0.0005,0.0,-0.0013,0.0,ident_20250910_062016.csv
0.051,2.8085,-0.0014,0.0,-0.0013,0.0,ident_20250910_062016.csv
0.051,2.8084,0.0015,0.0,-0.0013,0.0,ident_20250910_062016.csv
0.052,2.8083,0.0007,0.0,-0.0013,0.0,ident_20250910_062016.csv
0.05,2.8083,-0.0002,0.0,-0.0013,0.0,ident_20250910_062016.csv
0.051,2.8083,-0.0046,0.0,-0.0013,0.0,ident_20250910_062016.csv
0.051,2.8082,-0.0035,0.0,-0.0013,0.0,ident_20250910_062016.csv
0.051,2.8081,-0.0023,0.0,-0.0013,0.0,ident_20250910_062016.csv
0.051,2.8082,-0.0022,0.0,-0.0013,0.0,ident_20250910_062016.csv
0.051,2.8082,0.0002,0.0,-0.0013,0.0,ident_20250910_062016.csv
0.051,2.8081,-0.0014,0.0,-0.0013,0.0,ident_20250910_062016.csv
0.051,2.8081,0.0009,0.0,-0.0013,0.0,ident_20250910_062016.csv
0.051,2.808,-0.0002,0.0,-0.0013,0.0,ident_20250910_062016.csv
0.051,2.808,0.0014,0.0,-0.0013,0.0,ident_20250910_062016.csv
0.051,2.8081,-0.0005,0.0,-0.0013,0.0,ident_20250910_062016.csv
0.051,2.8081,-0.0038,0.0,-0.0013,0.0,ident_20250910_062016.csv
0.051,2.808,0.0002,0.0,-0.0013,0.0,ident_20250910_062016.csv
0.051,2.808,-0.0001,0.0,-0.0013,0.0,ident_20250910_062016.csv
0.051,2.8081,-0.0039,0.0,-0.0013,0.0,ident_20250910_062016.csv
0.051,2.8081,-0.0023,0.0,-0.0013,0.0,ident_20250910_062016.csv
0.051,2.8082,-0.0006,0.0,-0.0013,0.0,ident_20250910_062016.csv
0.051,2.808,-0.0007,0.0,-0.0013,0.0,ident_20250910_062016.csv
0.051,2.808,0.0007,0.0,-0.0013,0.0,ident_20250910_062016.csv
0.051,2.8081,-0.0033,0.0,-0.0013,0.0,ident_20250910_062016.csv
0.051,2.8081,-0.0045,0.0,-0.0013,0.0,ident_20250910_062016.csv
0.051,2.808,0.001,0.0,-0.0013,0.0,ident_20250910_062016.csv
0.051,2.8082,0.001,0.0,-0.0013,0.0,ident_20250910_062016.csv
0.052,2.8081,-0.0019,0.0,-0.0013,0.0,ident_20250910_062016.csv
0.051,2.808,-0.0005,0.0,-0.0013,0.0,ident_20250910_062016.csv
0.051,2.808,-0.0006,0.0,-0.0013,0.0,ident_20250910_062016.csv
0.051,2.8081,-0.0001,0.0,-0.0013,0.0,ident_20250910_062016.csv
0.051,2.8082,0.0018,0.0,-0.0013,0.0,ident_20250910_062016.csv
0.051,2.8081,0.0001,0.0,-0.0013,0.0,ident_20250910_062016.csv
0.051,2.8081,-0.001,0.0,-0.0013,0.0,ident_20250910_062016.csv
0.051,2.808,0.003,0.0,-0.0013,0.0,ident_20250910_062016.csv
0.051,2.808,-0.0025,0.0,-0.0013,0.0,ident_20250910_062016.csv
0.051,2.808,-0.0013,0.0,-0.0013,0.0,ident_20250910_062016.csv
0.051,2.808,-0.0001,0.0,-0.0013,0.0,ident_20250910_062016.csv
0.051,2.8079,0.0018,0.0,-0.0013,0.0,ident_20250910_062016.csv
0.051,2.8079,0.0001,0.0,-0.0013,0.0,ident_20250910_062016.csv
0.051,2.808,-0.0001,0.0,-0.0013,0.0,ident_20250910_062016.csv
0.051,2.808,-0.0022,0.0,-0.0013,0.0,ident_20250910_062016.csv
0.051,2.808,-0.0029,0.0,-0.0013,0.0,ident_20250910_062016.csv
0.051,2.808,-0.001,0.0,-0.0013,0.0,ident_20250910_062016.csv
0.051,2.8081,0.0005,0.0,-0.0013,0.0,ident_20250910_062016.csv
0.051,2.808,-0.0026,0.0,-0.0013,0.0,ident_20250910_062016.csv
0.051,2.808,-0.0014,0.0,-0.0013,0.0,ident_20250910_062016.csv
0.051,2.8081,-0.0013,0.0,-0.0013,0.0,ident_20250910_062016.csv
0.051,2.8081,-0.0014,0.0,-0.0013,0.0,ident_20250910_062016.csv
0.051,2.8081,0.0017,0.0,-0.0013,0.0,ident_20250910_062016.csv
0.051,2.8082,-0.0011,0.0,-0.0013,0.0,ident_20250910_062016.csv
0.051,2.8082,-0.0031,0.0,-0.0013,0.0,ident_20250910_062016.csv
0.051,2.8082,0.0001,0.0,-0.0013,0.0,ident_20250910_062016.csv
0.051,2.8082,0.0033,0.0,-0.0013,0.0,ident_20250910_062016.csv
0.051,2.8081,0.0019,0.0,-0.0013,0.0,ident_20250910_062016.csv
0.051,2.8081,-0.0009,0.0,-0.0013,0.0,ident_20250910_062016.csv
0.051,2.8081,-0.0033,0.0,-0.0013,0.0,ident_20250910_062016.csv
0.051,2.8081,-0.0002,0.0,-0.0013,0.0,ident_20250910_062016.csv
0.051,2.808,0.0014,0.0,-0.0013,0.0,ident_20250910_062016.csv
0.051,2.8081,-0.0011,0.0,-0.0013,0.0,ident_20250910_062016.csv
0.051,2.8082,0.0039,0.0,-0.0013,0.0,ident_20250910_062016.csv
0.051,2.8082,0.0002,0.0,-0.0013,0.0,ident_20250910_062016.csv
0.051,2.8082,-0.0003,0.0,-0.0013,0.0,ident_20250910_062016.csv
0.051,2.8083,-0.0006,0.0,-0.0013,0.0,ident_20250910_062016.csv
0.051,2.8081,0.0017,0.0,-0.0013,0.0,ident_20250910_062016.csv
0.051,2.8082,-0.0015,0.0,-0.0013,0.0,ident_20250910_062016.csv
0.051,2.8082,-0.0027,0.0,-0.0013,0.0,ident_20250910_062016.csv
0.051,2.8081,0.0006,0.0,-0.0013,0.0,ident_20250910_062016.csv
0.051,2.8082,0.0026,0.0,-0.0013,0.0,ident_20250910_062016.csv
0.051,2.8082,-0.0002,0.0,-0.0013,0.0,ident_20250910_062016.csv
0.051,2.8082,-0.0005,0.0,-0.0013,0.0,ident_20250910_062016.csv
0.051,2.8082,-0.001,0.0,-0.0013,0.0,ident_20250910_062016.csv
0.051,2.8082,0.0022,0.0,-0.0013,0.0,ident_20250910_062016.csv
0.05,2.8082,0.0003,0.0,-0.0013,0.0,ident_20250910_062016.csv
0.051,2.8082,-0.0013,0.0,-0.0013,0.0,ident_20250910_062016.csv
0.051,2.8083,0.0001,0.0,-0.0013,0.0,ident_20250910_062016.csv
0.052,2.8082,0.0013,0.0,-0.0013,0.0,ident_20250910_062016.csv
0.051,2.8083,0.0005,0.0,-0.0013,0.0,ident_20250910_062016.csv
0.051,2.8083,-0.0003,0.0,-0.0013,0.0,ident_20250910_062016.csv
0.051,2.8083,-0.0038,0.0,-0.0013,0.0,ident_20250910_062016.csv
0.051,2.8082,-0.0003,0.0,-0.0013,0.0,ident_20250910_062016.csv
0.05,2.8081,0.0007,0.0,-0.0013,0.0,ident_20250910_062016.csv
0.052,2.808,-0.0025,0.0,-0.0013,0.0,ident_20250910_062016.csv
0.051,2.8081,-0.0015,0.0,-0.0013,0.0,ident_20250910_062016.csv
0.051,2.808,0.0001,0.0,-0.0013,0.0,ident_20250910_062016.csv
0.051,2.808,-0.0015,0.0,-0.0013,0.0,ident_20250910_062016.csv
0.051,2.8081,-0.0003,0.0,-0.0013,0.0,ident_20250910_062016.csv
0.05,2.8082,-0.001,0.0,-0.0013,0.0,ident_20250910_062016.csv
0.052,2.8082,-0.001,0.0,-0.0013,0.0,ident_20250910_062016.csv
0.05,2.8083,0.0003,0.0,-0.0013,0.0,ident_20250910_062016.csv
0.051,2.8083,0.0023,0.0,-0.0013,0.0,ident_20250910_062016.csv
0.051,2.8084,0.0042,0.0,-0.0013,0.0,ident_20250910_062016.csv
0.052,2.8085,-0.0034,0.0,-0.0013,0.0,ident_20250910_062016.csv
0.051,2.8085,0.0005,0.0,-0.0013,0.0,ident_20250910_062016.csv
0.05,2.8086,-0.0006,0.0,-0.0013,0.0,ident_20250910_062016.csv
0.051,2.8086,-0.0027,0.0,-0.0013,0.0,ident_20250910_062016.csv
0.051,2.8085,-0.0005,0.0,-0.0013,0.0,ident_20250910_062016.csv
0.052,2.8084,-0.0002,0.0,-0.0013,0.0,ident_20250910_062016.csv
0.05,2.8083,-0.0031,0.0,-0.0013,0.0,ident_20250910_062016.csv
0.051,2.8082,0.0003,0.0,-0.0013,0.0,ident_20250910_062016.csv
0.051,2.8083,-0.0005,0.0,-0.0013,0.0,ident_20250910_062016.csv
0.051,2.8083,-0.0022,0.0,-0.0013,0.0,ident_20250910_062016.csv
0.051,2.8084,0.0005,0.0,-0.0013,0.0,ident_20250910_062016.csv
0.051,2.8085,0.0018,0.0,-0.0013,0.0,ident_20250910_062016.csv
0.051,2.8083,0.0002,0.0,-0.0013,0.0,ident_20250910_062016.csv
0.051,2.8083,0.0003,0.0,-0.0013,0.0,ident_20250910_062016.csv
0.051,2.8084,-0.0026,0.0,-0.0013,0.0,ident_20250910_062016.csv
0.051,2.8084,0.0005,0.0,-0.0013,0.0,ident_20250910_062016.csv
0.051,2.8084,-0.0002,0.0,-0.0013,0.0,ident_20250910_062016.csv
0.052,2.8084,0.0005,0.0,-0.0013,0.0,ident_20250910_062016.csv
0.05,2.8084,0.0011,0.0,-0.0013,0.0,ident_20250910_062016.csv
0.051,2.8083,0.0002,0.0,-0.0013,0.0,ident_20250910_062016.csv
0.051,2.8083,0.0023,0.0,-0.0013,0.0,ident_20250910_062016.csv
0.052,2.8083,-0.0029,0.0,-0.0013,0.0,ident_20250910_062016.csv
0.051,2.8082,0.0027,0.0,-0.0013,0.0,ident_20250910_062016.csv
0.051,2.8082,-0.0005,0.0,-0.0013,0.0,ident_20250910_062016.csv
0.051,2.8082,0.0018,0.0,-0.0013,0.0,ident_20250910_062016.csv
0.051,2.8083,-0.0009,0.0,-0.0013,0.0,ident_20250910_062016.csv
0.051,2.8084,-0.0025,0.0,-0.0013,0.0,ident_20250910_062016.csv
0.051,2.8085,-0.0014,0.0,-0.0013,0.0,ident_20250910_062016.csv
0.051,2.8085,0.0009,0.0,-0.0013,0.0,ident_20250910_062016.csv
0.051,2.8085,-0.0001,0.0,-0.0013,0.0,ident_20250910_062016.csv
0.051,2.8085,-0.0007,0.0,-0.0013,0.0,ident_20250910_062016.csv
0.051,2.8085,-0.0021,0.0,-0.0013,0.0,ident_20250910_062016.csv
0.051,2.8086,-0.0013,0.0,-0.0013,0.0,ident_20250910_062016.csv
0.051,2.8086,-0.0034,0.0,-0.0013,0.0,ident_20250910_062016.csv
0.051,2.8085,0.0009,0.0,-0.0013,0.0,ident_20250910_062016.csv
0.051,2.8085,-0.001,0.0,-0.0013,0.0,ident_20250910_062016.csv
0.051,2.8083,0.0006,0.0,-0.0013,0.0,ident_20250910_062016.csv
0.051,2.8083,-0.0006,0.0,-0.0013,0.0,ident_20250910_062016.csv
0.052,2.8082,-0.0002,0.0,-0.0013,0.0,ident_20250910_062016.csv
0.051,2.8083,-0.0009,0.0,-0.0013,0.0,ident_20250910_062016.csv
0.051,2.8084,-0.001,0.0,-0.0013,0.0,ident_20250910_062016.csv
0.05,2.8084,-0.0001,0.0,-0.0013,0.0,ident_20250910_062016.csv
0.052,2.8083,0.0022,0.0,-0.0013,0.0,ident_20250910_062016.csv
0.051,2.8083,0.0003,0.0,-0.0013,0.0,ident_20250910_062016.csv
0.051,2.8083,-0.0002,0.0,-0.0013,0.0,ident_20250910_062016.csv
0.051,2.8083,0.0005,0.0,-0.0013,0.0,ident_20250910_062016.csv
0.051,2.8083,-0.0021,0.0,-0.0013,0.0,ident_20250910_062016.csv
0.051,2.8083,-0.0001,0.0,-0.0013,0.0,ident_20250910_062016.csv
0.051,2.8084,-0.0013,0.0,-0.0013,0.0,ident_20250910_062016.csv
0.051,2.8084,-0.0025,0.0,-0.0013,0.0,ident_20250910_062016.csv
0.051,2.8083,-0.0022,0.0,-0.0013,0.0,ident_20250910_062016.csv
0.051,2.8083,-0.0023,0.0,-0.0013,0.0,ident_20250910_062016.csv
0.051,2.8083,-0.0007,0.0,-0.0013,0.0,ident_20250910_062016.csv
0.051,2.8082,-0.0018,0.0,-0.0013,0.0,ident_20250910_062016.csv
0.051,2.8082,-0.0037,0.0,-0.0013,0.0,ident_20250910_062016.csv
0.051,2.8082,0.0014,0.0,-0.0013,0.0,ident_20250910_062016.csv
0.051,2.8083,-0.0002,0.0,-0.0013,0.0,ident_20250910_062016.csv
0.051,2.8083,-0.0018,0.0,-0.0013,0.0,ident_20250910_062016.csv
0.051,2.8083,0.0001,0.0,-0.0013,0.0,ident_20250910_062016.csv
0.05,2.8083,0.0014,0.0,-0.0013,0.0,ident_20250910_062016.csv
0.051,2.8084,0.0011,0.0,-0.0013,0.0,ident_20250910_062016.csv
0.051,2.8085,-0.0003,0.0,-0.0013,0.0,ident_20250910_062016.csv
0.052,2.8085,-0.0006,0.0,-0.0013,0.0,ident_20250910_062016.csv
0.05,2.8086,-0.0009,0.0,-0.0013,0.0,ident_20250910_062016.csv
0.052,2.8085,-0.0003,0.0,-0.0013,0.0,ident_20250910_062016.csv
0.051,2.8085,-0.0018,0.0,-0.0013,0.0,ident_20250910_062016.csv
0.051,2.8084,-0.0034,0.0,-0.0013,0.0,ident_20250910_062016.csv
0.051,2.8083,-0.0001,0.0,-0.0013,0.0,ident_20250910_062016.csv
0.051,2.8084,-0.0002,0.0,-0.0013,0.0,ident_20250910_062016.csv
0.051,2.8083,0.0006,0.0,-0.0013,0.0,ident_20250910_062016.csv
0.051,2.8083,0.0005,0.0,-0.0013,0.0,ident_20250910_062016.csv
0.051,2.8083,0.0013,0.0,-0.0013,0.0,ident_20250910_062016.csv
0.051,2.8083,0.0022,0.0,-0.0013,0.0,ident_20250910_062016.csv
0.051,2.8083,0.0006,0.0,-0.0013,0.0,ident_20250910_062016.csv
0.051,2.8084,0.001,0.0,-0.0013,0.0,ident_20250910_062016.csv
0.051,2.8085,0.0001,0.0,-0.0013,0.0,ident_20250910_062016.csv
0.051,2.8086,0.0017,0.0,-0.0013,0.0,ident_20250910_062016.csv
0.051,2.8085,0.0001,0.0,-0.0013,0.0,ident_20250910_062016.csv
0.051,2.8084,-0.0013,0.0,-0.0013,0.0,ident_20250910_062016.csv
0.051,2.8084,0.0005,0.0,-0.0013,0.0,ident_20250910_062016.csv
0.051,2.8084,-0.0019,0.0,-0.0013,0.0,ident_20250910_062016.csv
0.051,2.8084,0.0009,0.0,-0.0013,0.0,ident_20250910_062016.csv
0.051,2.8084,0.0011,0.0,-0.0013,0.0,ident_20250910_062016.csv
0.051,2.8083,-0.0025,0.0,-0.0013,0.0,ident_20250910_062016.csv
0.051,2.8083,0.0014,0.0,-0.0013,0.0,ident_20250910_062016.csv
0.051,2.8082,-0.0019,0.0,-0.0013,0.0,ident_20250910_062016.csv
0.051,2.8083,-0.0013,0.0,-0.0013,0.0,ident_20250910_062016.csv
0.051,2.8083,-0.0005,0.0,-0.0013,0.0,ident_20250910_062016.csv
0.051,2.8082,0.0014,0.0,-0.0013,0.0,ident_20250910_062016.csv
0.051,2.8081,0.0018,0.0,-0.0013,0.0,ident_20250910_062016.csv
0.051,2.8081,-0.005,0.0,-0.0013,0.0,ident_20250910_062016.csv
0.051,2.8081,-0.0029,0.0,-0.0013,0.0,ident_20250910_062016.csv
0.051,2.8081,0.0011,0.0,-0.0013,0.0,ident_20250910_062016.csv
0.051,2.808,0.001,0.0,-0.0013,0.0,ident_20250910_062016.csv
0.051,2.8081,-0.0006,0.0,-0.0013,0.0,ident_20250910_062016.csv
0.051,2.8081,-0.0003,0.0,-0.0013,0.0,ident_20250910_062016.csv
0.051,2.8082,0.0003,0.0,-0.0013,0.0,ident_20250910_062016.csv
0.051,2.8083,-0.0021,0.0,-0.0013,0.0,ident_20250910_062016.csv
0.051,2.8082,0.0001,0.0,-0.0013,0.0,ident_20250910_062016.csv
0.051,2.8083,-0.0011,0.0,-0.0013,0.0,ident_20250910_062016.csv
0.051,2.8082,0.0022,0.0,-0.0013,0.0,ident_20250910_062016.csv
0.051,2.8083,-0.0005,0.0,-0.0013,0.0,ident_20250910_062016.csv
0.05,2.7969,0.0588,-25.0,-0.0034,-0.1276,ident_20250910_062205.csv
0.051,2.7716,-0.0907,-25.0,-0.0125,-0.2553,ident_20250910_062205.csv
0.052,2.7534,-0.1797,-25.0,-0.0277,-0.3191,ident_20250910_062205.csv
0.051,2.737,-0.3228,-25.0,-0.0459,-0.3191,ident_20250910_062205.csv
0.051,2.7154,-0.4865,-25.0,-0.066,-0.4467,ident_20250910_062205.csv
0.052,2.6959,-0.3415,-25.0,-0.0856,-0.3829,ident_20250910_062205.csv
0.051,2.7123,0.2058,0.0,-0.1012,-0.1914,ident_20250910_062205.csv
0.051,2.7656,0.2359,0.0,-0.1075,-0.0638,ident_20250910_062205.csv
0.052,2.7956,0.4713,0.0,-0.1085,0.0,ident_20250910_062205.csv
0.051,2.8203,0.5439,0.0,-0.1084,0.0,ident_20250910_062205.csv
0.051,2.8402,0.3914,0.0,-0.1084,0.0,ident_20250910_062205.csv
0.051,2.8483,0.0932,0.0,-0.1084,0.0,ident_20250910_062205.csv
0.051,2.8405,-0.2266,0.0,-0.1084,0.0,ident_20250910_062205.csv
0.051,2.8215,-0.4138,0.0,-0.1084,0.0,ident_20250910_062205.csv
0.051,2.7986,-0.41,0.0,-0.1084,0.0,ident_20250910_062205.csv
0.051,2.7823,-0.2425,0.0,-0.1084,0.0,ident_20250910_062205.csv
0.051,2.7775,-0.0099,0.0,-0.1084,0.0,ident_20250910_062205.csv
0.051,2.7846,0.2247,0.0,-0.1084,0.0,ident_20250910_062205.csv
0.051,2.8002,0.343,0.0,-0.1084,0.0,ident_20250910_062205.csv
0.051,2.8164,0.3097,0.0,-0.1084,0.0,ident_20250910_062205.csv
0.051,2.8252,0.1408,0.0,-0.1084,0.0,ident_20250910_062205.csv
0.051,2.8241,-0.0783,0.0,-0.1084,0.0,ident_20250910_062205.csv
0.051,2.8136,-0.2368,0.0,-0.1084,0.0,ident_20250910_062205.csv
0.051,2.7999,-0.268,0.0,-0.1084,0.0,ident_20250910_062205.csv
0.051,2.7886,-0.1807,0.0,-0.1084,0.0,ident_20250910_062205.csv
0.051,2.7842,-0.0299,0.0,-0.1084,0.0,ident_20250910_062205.csv
0.051,2.7879,0.1237,0.0,-0.1084,0.0,ident_20250910_062205.csv
0.051,2.7971,0.2086,0.0,-0.1084,0.0,ident_20250910_062205.csv
0.05,2.807,0.1968,0.0,-0.1084,0.0,ident_20250910_062205.csv
0.052,2.8131,0.0913,0.0,-0.1084,0.0,ident_20250910_062205.csv
0.051,2.8123,-0.051,0.0,-0.1084,0.0,ident_20250910_062205.csv
0.05,2.8058,-0.1473,0.0,-0.1084,0.0,ident_20250910_062205.csv
0.051,2.797,-0.1629,0.0,-0.1084,0.0,ident_20250910_062205.csv
0.051,2.7906,-0.1025,0.0,-0.1084,0.0,ident_20250910_062205.csv
0.051,2.7887,-0.0003,0.0,-0.1084,0.0,ident_20250910_062205.csv
0.051,2.7918,0.0919,0.0,-0.1084,0.0,ident_20250910_062205.csv
0.051,2.7979,0.1333,0.0,-0.1084,0.0,ident_20250910_062205.csv
0.051,2.8038,0.1061,0.0,-0.1084,0.0,ident_20250910_062205.csv
0.051,2.8062,0.0256,0.0,-0.1084,0.0,ident_20250910_062205.csv
0.051,2.8043,-0.0578,0.0,-0.1084,0.0,ident_20250910_062205.csv
0.051,2.7996,-0.1041,0.0,-0.1084,0.0,ident_20250910_062205.csv
0.051,2.7945,-0.0864,0.0,-0.1084,0.0,ident_20250910_062205.csv
0.051,2.7919,-0.0343,0.0,-0.1084,0.0,ident_20250910_062205.csv
0.051,2.7925,0.0296,0.0,-0.1084,0.0,ident_20250910_062205.csv
0.051,2.7957,0.0733,0.0,-0.1084,0.0,ident_20250910_062205.csv
0.051,2.7995,0.0708,0.0,-0.1084,0.0,ident_20250910_062205.csv
0.051,2.8019,0.0348,0.0,-0.1084,0.0,ident_20250910_062205.csv
0.051,2.8016,-0.0209,0.0,-0.1084,0.0,ident_20250910_062205.csv
0.051,2.7991,-0.0583,0.0,-0.1084,0.0,ident_20250910_062205.csv
0.051,2.796,-0.0604,0.0,-0.1084,0.0,ident_20250910_062205.csv
0.051,2.7937,-0.0287,0.0,-0.1084,0.0,ident_20250910_062205.csv
0.051,2.7936,0.011,0.0,-0.1084,0.0,ident_20250910_062205.csv
0.051,2.7954,0.0408,0.0,-0.1084,0.0,ident_20250910_062205.csv
0.051,2.7979,0.0484,0.0,-0.1084,0.0,ident_20250910_062205.csv
0.051,2.7995,0.0255,0.0,-0.1084,0.0,ident_20250910_062205.csv
0.051,2.7997,-0.0086,0.0,-0.1084,0.0,ident_20250910_062205.csv
0.051,2.7982,-0.0335,0.0,-0.1084,0.0,ident_20250910_062205.csv
0.051,2.7962,-0.0375,0.0,-0.1084,0.0,ident_20250910_062205.csv
0.051,2.7947,-0.0223,0.0,-0.1084,0.0,ident_20250910_062205.csv
0.051,2.7945,0.0043,0.0,-0.1084,0.0,ident_20250910_062205.csv
0.051,2.7956,0.0288,0.0,-0.1084,0.0,ident_20250910_062205.csv
0.051,2.7971,0.0276,0.0,-0.1084,0.0,ident_20250910_062205.csv
0.051,2.7982,0.0155,0.0,-0.1084,0.0,ident_20250910_062205.csv
0.051,2.7982,-0.0041,0.0,-0.1084,0.0,ident_20250910_062205.csv
0.051,2.7974,-0.0231,0.0,-0.1084,0.0,ident_20250910_062205.csv
0.051,2.7961,-0.0247,0.0,-0.1084,0.0,ident_20250910_062205.csv
0.051,2.7954,-0.0093,0.0,-0.1084,0.0,ident_20250910_062205.csv
0.051,2.7955,0.0053,0.0,-0.1084,0.0,ident_20250910_062205.csv
0.051,2.7962,0.0169,0.0,-0.1084,0.0,ident_20250910_062205.csv
0.051,2.7972,0.0175,0.0,-0.1084,0.0,ident_20250910_062205.csv
0.051,2.7978,0.0094,0.0,-0.1084,0.0,ident_20250910_062205.csv
0.051,2.7976,-0.0085,0.0,-0.1084,0.0,ident_20250910_062205.csv
0.051,2.797,-0.0145,0.0,-0.1084,0.0,ident_20250910_062205.csv
0.051,2.7962,-0.0165,0.0,-0.1084,0.0,ident_20250910_062205.csv
0.051,2.7956,-0.0081,0.0,-0.1084,0.0,ident_20250910_062205.csv
0.051,2.7957,0.0042,0.0,-0.1084,0.0,ident_20250910_062205.csv
0.051,2.7962,0.0129,0.0,-0.1084,0.0,ident_20250910_062205.csv
0.051,2.7968,0.0122,0.0,-0.1084,0.0,ident_20250910_062205.csv
0.051,2.797,0.0013,0.0,-0.1084,0.0,ident_20250910_062205.csv
0.051,2.7968,-0.0065,0.0,-0.1084,0.0,ident_20250910_062205.csv
0.051,2.7963,-0.0119,0.0,-0.1084,0.0,ident_20250910_062205.csv
0.051,2.7958,-0.0103,0.0,-0.1084,0.0,ident_20250910_062205.csv
0.051,2.7956,-0.0014,0.0,-0.1084,0.0,ident_20250910_062205.csv
0.051,2.7959,0.0045,0.0,-0.1084,0.0,ident_20250910_062205.csv
0.051,2.7962,0.0073,0.0,-0.1084,0.0,ident_20250910_062205.csv
0.051,2.7967,0.0031,0.0,-0.1084,0.0,ident_20250910_062205.csv
0.051,2.7967,-0.0002,0.0,-0.1084,0.0,ident_20250910_062205.csv
0.051,2.7964,-0.0083,0.0,-0.1084,0.0,ident_20250910_062205.csv
0.051,2.796,-0.0066,0.0,-0.1084,0.0,ident_20250910_062205.csv
0.051,2.7957,-0.0035,0.0,-0.1084,0.0,ident_20250910_062205.csv
0.051,2.7959,0.0007,0.0,-0.1084,0.0,ident_20250910_062205.csv
0.051,2.7961,0.0019,0.0,-0.1084,0.0,ident_20250910_062205.csv
0.051,2.7964,0.003,0.0,-0.1084,0.0,ident_20250910_062205.csv
0.051,2.7966,0.0017,0.0,-0.1084,0.0,ident_20250910_062205.csv
0.051,2.7964,-0.0034,0.0,-0.1084,0.0,ident_20250910_062205.csv
0.051,2.7962,-0.0055,0.0,-0.1084,0.0,ident_20250910_062205.csv
0.051,2.7961,-0.0071,0.0,-0.1084,0.0,ident_20250910_062205.csv
0.051,2.7961,-0.0011,0.0,-0.1084,0.0,ident_20250910_062205.csv
0.051,2.796,0.0041,0.0,-0.1084,0.0,ident_20250910_062205.csv
0.051,2.7963,0.003,0.0,-0.1084,0.0,ident_20250910_062205.csv
0.051,2.7964,0.0021,0.0,-0.1084,0.0,ident_20250910_062205.csv
0.051,2.7964,0.0005,0.0,-0.1084,0.0,ident_20250910_062205.csv
0.051,2.7964,-0.0022,0.0,-0.1084,0.0,ident_20250910_062205.csv
0.051,2.7963,-0.0038,0.0,-0.1084,0.0,ident_20250910_062205.csv
0.051,2.7963,-0.0018,0.0,-0.1084,0.0,ident_20250910_062205.csv
0.051,2.7963,0.001,0.0,-0.1084,0.0,ident_20250910_062205.csv
0.051,2.7963,0.0041,0.0,-0.1084,0.0,ident_20250910_062205.csv
0.051,2.7965,-0.0001,0.0,-0.1084,0.0,ident_20250910_062205.csv
0.051,2.7966,0.0006,0.0,-0.1084,0.0,ident_20250910_062205.csv
0.051,2.7965,0.0007,0.0,-0.1084,0.0,ident_20250910_062205.csv
0.051,2.7964,-0.003,0.0,-0.1084,0.0,ident_20250910_062205.csv
0.051,2.7962,0.0009,0.0,-0.1084,0.0,ident_20250910_062205.csv
0.051,2.796,-0.003,0.0,-0.1084,0.0,ident_20250910_062205.csv
0.051,2.7962,0.0027,0.0,-0.1084,0.0,ident_20250910_062205.csv
0.051,2.7963,0.0039,0.0,-0.1084,0.0,ident_20250910_062205.csv
0.051,2.7965,-0.0014,0.0,-0.1084,0.0,ident_20250910_062205.csv
0.051,2.7965,-0.0003,0.0,-0.1084,0.0,ident_20250910_062205.csv
0.051,2.7965,-0.0011,0.0,-0.1084,0.0,ident_20250910_062205.csv
0.051,2.7964,-0.0018,0.0,-0.1084,0.0,ident_20250910_062205.csv
0.051,2.7964,-0.0003,0.0,-0.1084,0.0,ident_20250910_062205.csv
0.051,2.7963,0.0005,0.0,-0.1084,0.0,ident_20250910_062205.csv
0.051,2.7962,0.0019,0.0,-0.1084,0.0,ident_20250910_062205.csv
0.051,2.7963,0.0031,0.0,-0.1084,0.0,ident_20250910_062205.csv
0.051,2.7963,0.0023,0.0,-0.1084,0.0,ident_20250910_062205.csv
0.051,2.7963,-0.0014,0.0,-0.1084,0.0,ident_20250910_062205.csv
0.052,2.7963,0.0006,0.0,-0.1084,0.0,ident_20250910_062205.csv
0.051,2.7964,0.0009,0.0,-0.1084,0.0,ident_20250910_062205.csv
0.05,2.7963,-0.0001,0.0,-0.1084,0.0,ident_20250910_062205.csv
0.052,2.7962,-0.0022,0.0,-0.1084,0.0,ident_20250910_062205.csv
0.05,2.7963,0.0035,0.0,-0.1084,0.0,ident_20250910_062205.csv
0.051,2.7962,-0.0007,0.0,-0.1084,0.0,ident_20250910_062205.csv
0.051,2.7961,-0.0018,0.0,-0.1084,0.0,ident_20250910_062205.csv
0.051,2.7962,-0.0031,0.0,-0.1084,0.0,ident_20250910_062205.csv
0.051,2.7962,-0.0003,0.0,-0.1084,0.0,ident_20250910_062205.csv
0.052,2.7961,-0.0021,0.0,-0.1084,0.0,ident_20250910_062205.csv
0.05,2.796,0.0001,0.0,-0.1084,0.0,ident_20250910_062205.csv
0.051,2.796,0.0001,0.0,-0.1084,0.0,ident_20250910_062205.csv
0.052,2.7958,0.0014,0.0,-0.1084,0.0,ident_20250910_062205.csv
0.05,2.796,0.0018,0.0,-0.1084,0.0,ident_20250910_062205.csv
0.051,2.796,0.0007,0.0,-0.1084,0.0,ident_20250910_062205.csv
0.052,2.796,0.0001,0.0,-0.1084,0.0,ident_20250910_062205.csv
0.051,2.796,-0.001,0.0,-0.1084,0.0,ident_20250910_062205.csv
0.051,2.796,0.0021,0.0,-0.1084,0.0,ident_20250910_062205.csv
0.051,2.796,-0.001,0.0,-0.1084,0.0,ident_20250910_062205.csv
0.051,2.796,-0.0031,0.0,-0.1084,0.0,ident_20250910_062205.csv
0.051,2.7961,-0.0017,0.0,-0.1084,0.0,ident_20250910_062205.csv
0.051,2.796,-0.0015,0.0,-0.1084,0.0,ident_20250910_062205.csv
0.051,2.796,-0.0009,0.0,-0.1084,0.0,ident_20250910_062205.csv
0.051,2.796,-0.0037,0.0,-0.1084,0.0,ident_20250910_062205.csv
0.051,2.796,-0.001,0.0,-0.1084,0.0,ident_20250910_062205.csv
0.051,2.7961,-0.001,0.0,-0.1084,0.0,ident_20250910_062205.csv
0.051,2.7961,0.0019,0.0,-0.1084,0.0,ident_20250910_062205.csv
0.051,2.7962,-0.0014,0.0,-0.1084,0.0,ident_20250910_062205.csv
0.051,2.7963,-0.0015,0.0,-0.1084,0.0,ident_20250910_062205.csv
0.051,2.7963,-0.0015,0.0,-0.1084,0.0,ident_20250910_062205.csv
0.051,2.7963,0.0021,0.0,-0.1084,0.0,ident_20250910_062205.csv
0.051,2.7963,-0.0005,0.0,-0.1084,0.0,ident_20250910_062205.csv
0.051,2.7964,0.0014,0.0,-0.1084,0.0,ident_20250910_062205.csv
0.051,2.7963,-0.0007,0.0,-0.1084,0.0,ident_20250910_062205.csv
0.051,2.7963,0.0027,0.0,-0.1084,0.0,ident_20250910_062205.csv
0.051,2.7964,0.0015,0.0,-0.1084,0.0,ident_20250910_062205.csv
0.051,2.7964,-0.0013,0.0,-0.1084,0.0,ident_20250910_062205.csv
0.051,2.7964,-0.003,0.0,-0.1084,0.0,ident_20250910_062205.csv
0.051,2.7964,0.0007,0.0,-0.1084,0.0,ident_20250910_062205.csv
0.051,2.7963,0.0019,0.0,-0.1084,0.0,ident_20250910_062205.csv
0.051,2.7962,0.0013,0.0,-0.1084,0.0,ident_20250910_062205.csv
0.05,2.7963,-0.0011,0.0,-0.1084,0.0,ident_20250910_062205.csv
0.051,2.7963,0.0021,0.0,-0.1084,0.0,ident_20250910_062205.csv
0.051,2.7963,-0.001,0.0,-0.1084,0.0,ident_20250910_062205.csv
0.051,2.7963,0.0001,0.0,-0.1084,0.0,ident_20250910_062205.csv
0.051,2.7963,0.0026,0.0,-0.1084,0.0,ident_20250910_062205.csv
0.051,2.7963,0.0025,0.0,-0.1084,0.0,ident_20250910_062205.csv
0.051,2.7964,-0.0013,0.0,-0.1084,0.0,ident_20250910_062205.csv
0.051,2.7962,-0.0007,0.0,-0.1084,0.0,ident_20250910_062205.csv
0.051,2.7962,-0.0018,0.0,-0.1084,0.0,ident_20250910_062205.csv
0.051,2.7963,-0.0019,0.0,-0.1084,0.0,ident_20250910_062205.csv
0.051,2.7963,-0.0001,0.0,-0.1084,0.0,ident_20250910_062205.csv
0.051,2.7964,-0.0023,0.0,-0.1084,0.0,ident_20250910_062205.csv
0.051,2.7964,0.0019,0.0,-0.1084,0.0,ident_20250910_062205.csv
0.051,2.7964,-0.0014,0.0,-0.1084,0.0,ident_20250910_062205.csv
0.051,2.7964,-0.0018,0.0,-0.1084,0.0,ident_20250910_062205.csv
0.051,2.7964,-0.0005,0.0,-0.1084,0.0,ident_20250910_062205.csv
0.051,2.7964,-0.0002,0.0,-0.1084,0.0,ident_20250910_062205.csv
0.051,2.7965,-0.0026,0.0,-0.1084,0.0,ident_20250910_062205.csv
0.051,2.7965,0.0015,0.0,-0.1084,0.0,ident_20250910_062205.csv
0.052,2.7964,-0.0041,0.0,-0.1084,0.0,ident_20250910_062205.csv
0.05,2.7964,-0.0015,0.0,-0.1084,0.0,ident_20250910_062205.csv
0.052,2.7965,-0.0013,0.0,-0.1084,0.0,ident_20250910_062205.csv
0.051,2.7965,0.0034,0.0,-0.1084,0.0,ident_20250910_062205.csv
0.051,2.7966,-0.0003,0.0,-0.1084,0.0,ident_20250910_062205.csv
0.051,2.7965,-0.0011,0.0,-0.1084,0.0,ident_20250910_062205.csv
0.051,2.7966,-0.0005,0.0,-0.1084,0.0,ident_20250910_062205.csv
0.051,2.7966,-0.0017,0.0,-0.1084,0.0,ident_20250910_062205.csv
0.05,2.7965,-0.0003,0.0,-0.1084,0.0,ident_20250910_062205.csv
0.052,2.7964,-0.0002,0.0,-0.1084,0.0,ident_20250910_062205.csv
0.051,2.7964,0.0011,0.0,-0.1084,0.0,ident_20250910_062205.csv
0.051,2.7964,-0.0005,0.0,-0.1084,0.0,ident_20250910_062205.csv
0.051,2.7962,0.0023,0.0,-0.1084,0.0,ident_20250910_062205.csv
0.051,2.7961,0.0001,0.0,-0.1084,0.0,ident_20250910_062205.csv
0.051,2.7963,-0.0006,0.0,-0.1084,0.0,ident_20250910_062205.csv
0.051,2.7963,-0.0003,0.0,-0.1084,0.0,ident_20250910_062205.csv
0.051,2.7964,-0.0019,0.0,-0.1084,0.0,ident_20250910_062205.csv
0.051,2.8121,0.0203,25.0,-0.1054,0.1276,ident_20250910_062205.csv
0.051,2.8355,0.0298,25.0,-0.0957,0.2553,ident_20250910_062205.csv
0.051,2.8533,0.308,25.0,-0.08,0.3191,ident_20250910_062205.csv
0.052,2.8799,0.4585,25.0,-0.062,0.3829,ident_20250910_062205.csv
0.051,2.9033,0.3927,25.0,-0.043,0.3829,ident_20250910_062205.csv
0.051,2.9139,0.3066,25.0,-0.0226,0.7658,ident_20250910_062205.csv
0.052,2.901,0.2163,0.0,-0.0075,0.2553,ident_20250910_062205.csv
0.051,2.8639,-0.2223,0.0,-0.0014,0.0,ident_20250910_062205.csv
0.051,2.8332,-0.5057,0.0,-0.0004,0.0,ident_20250910_062205.csv
0.051,2.8033,-0.5948,0.0,-0.0004,0.0,ident_20250910_062205.csv
0.051,2.7809,-0.4103,0.0,-0.0004,0.0,ident_20250910_062205.csv
0.051,2.7742,-0.0344,0.0,-0.0004,0.0,ident_20250910_062205.csv
0.051,2.7853,0.3077,0.0,-0.0004,0.0,ident_20250910_062205.csv
0.051,2.808,0.4588,0.0,-0.0004,0.0,ident_20250910_062205.csv
0.051,2.8286,0.3411,0.0,-0.0004,0.0,ident_20250910_062205.csv
0.051,2.8359,0.0491,0.0,-0.0004,0.0,ident_20250910_062205.csv
0.051,2.8278,-0.2483,0.0,-0.0004,0.0,ident_20250910_062205.csv
0.051,2.8115,-0.3437,0.0,-0.0004,0.0,ident_20250910_062205.csv
0.051,2.7978,-0.23,0.0,-0.0004,0.0,ident_20250910_062205.csv
0.051,2.7942,-0.0178,0.0,-0.0004,0.0,ident_20250910_062205.csv
0.051,2.8011,0.1801,0.0,-0.0004,0.0,ident_20250910_062205.csv
0.051,2.8134,0.2452,0.0,-0.0004,0.0,ident_20250910_062205.csv
0.051,2.8234,0.1643,0.0,-0.0004,0.0,ident_20250910_062205.csv
0.051,2.8257,-0.0157,0.0,-0.0004,0.0,ident_20250910_062205.csv
0.051,2.82,-0.1513,0.0,-0.0004,0.0,ident_20250910_062205.csv
0.051,2.8115,-0.1686,0.0,-0.0004,0.0,ident_20250910_062205.csv
0.051,2.8058,-0.0795,0.0,-0.0004,0.0,ident_20250910_062205.csv
0.051,2.8065,0.048,0.0,-0.0004,0.0,ident_20250910_062205.csv
0.051,2.8118,0.1169,0.0,-0.0004,0.0,ident_20250910_062205.csv
0.051,2.8177,0.1015,0.0,-0.0004,0.0,ident_20250910_062205.csv
0.051,2.8202,0.0234,0.0,-0.0004,0.0,ident_20250910_062205.csv
0.051,2.8184,-0.0636,0.0,-0.0004,0.0,ident_20250910_062205.csv
0.051,2.8143,-0.0864,0.0,-0.0004,0.0,ident_20250910_062205.csv
0.051,2.8111,-0.0484,0.0,-0.0004,0.0,ident_20250910_062205.csv
0.051,2.8111,0.0153,0.0,-0.0004,0.0,ident_20250910_062205.csv
0.051,2.8136,0.0586,0.0,-0.0004,0.0,ident_20250910_062205.csv
0.051,2.8166,0.048,0.0,-0.0004,0.0,ident_20250910_062205.csv
0.051,2.8175,0.0013,0.0,-0.0004,0.0,ident_20250910_062205.csv
0.051,2.8159,-0.0371,0.0,-0.0004,0.0,ident_20250910_062205.csv
0.051,2.814,-0.041,0.0,-0.0004,0.0,ident_20250910_062205.csv
0.051,2.813,-0.0122,0.0,-0.0004,0.0,ident_20250910_062205.csv
0.051,2.8136,0.0171,0.0,-0.0004,0.0,ident_20250910_062205.csv
0.051,2.8152,0.0295,0.0,-0.0004,0.0,ident_20250910_062205.csv
0.05,2.8162,0.0142,0.0,-0.0004,0.0,ident_20250910_062205.csv
0.051,2.816,-0.0122,0.0,-0.0004,0.0,ident_20250910_062205.csv
0.052,2.815,-0.0247,0.0,-0.0004,0.0,ident_20250910_062205.csv
0.05,2.8142,-0.0122,0.0,-0.0004,0.0,ident_20250910_062205.csv
0.051,2.8143,0.0034,0.0,-0.0004,0.0,ident_20250910_062205.csv
0.051,2.8151,0.0182,0.0,-0.0004,0.0,ident_20250910_062205.csv
0.052,2.8158,0.0103,0.0,-0.0004,0.0,ident_20250910_062205.csv
0.05,2.8158,-0.0054,0.0,-0.0004,0.0,ident_20250910_062205.csv
0.051,2.8152,-0.0137,0.0,-0.0004,0.0,ident_20250910_062205.csv
0.051,2.8147,-0.0105,0.0,-0.0004,0.0,ident_20250910_062205.csv
0.051,2.8147,-0.0003,0.0,-0.0004,0.0,ident_20250910_062205.csv
0.051,2.8152,0.0097,0.0,-0.0004,0.0,ident_20250910_062205.csv
0.051,2.8156,0.0046,0.0,-0.0004,0.0,ident_20250910_062205.csv
0.051,2.8155,-0.0001,0.0,-0.0004,0.0,ident_20250910_062205.csv
0.051,2.8151,-0.009,0.0,-0.0004,0.0,ident_20250910_062205.csv
0.052,2.8147,-0.0021,0.0,-0.0004,0.0,ident_20250910_062205.csv
0.051,2.8147,0.0018,0.0,-0.0004,0.0,ident_20250910_062205.csv
0.051,2.8149,0.0055,0.0,-0.0004,0.0,ident_20250910_062205.csv
0.051,2.8152,0.001,0.0,-0.0004,0.0,ident_20250910_062205.csv
0.051,2.8152,-0.0014,0.0,-0.0004,0.0,ident_20250910_062205.csv
0.051,2.815,-0.0049,0.0,-0.0004,0.0,ident_20250910_062205.csv
0.051,2.8148,-0.0039,0.0,-0.0004,0.0,ident_20250910_062205.csv
0.051,2.8148,0.0001,0.0,-0.0004,0.0,ident_20250910_062205.csv
0.051,2.815,0.0035,0.0,-0.0004,0.0,ident_20250910_062205.csv
0.051,2.8151,-0.0007,0.0,-0.0004,0.0,ident_20250910_062205.csv
0.051,2.815,-0.0035,0.0,-0.0004,0.0,ident_20250910_062205.csv
0.051,2.815,-0.0023,0.0,-0.0004,0.0,ident_20250910_062205.csv
0.051,2.815,-0.0017,0.0,-0.0004,0.0,ident_20250910_062205.csv
0.051,2.8151,0.0011,0.0,-0.0004,0.0,ident_20250910_062205.csv
0.051,2.8152,0.0029,0.0,-0.0004,0.0,ident_20250910_062205.csv
0.051,2.8153,0.0005,0.0,-0.0004,0.0,ident_20250910_062205.csv
0.051,2.8152,-0.0046,0.0,-0.0004,0.0,ident_20250910_062205.csv
0.051,2.815,0.0009,0.0,-0.0004,0.0,ident_20250910_062205.csv
0.051,2.8151,0.0015,0.0,-0.0004,0.0,ident_20250910_062205.csv
0.051,2.8152,-0.0011,0.0,-0.0004,0.0,ident_20250910_062205.csv
0.051,2.8153,0.0011,0.0,-0.0004,0.0,ident_20250910_062205.csv
0.051,2.8153,-0.0001,0.0,-0.0004,0.0,ident_20250910_062205.csv
0.051,2.8152,-0.0029,0.0,-0.0004,0.0,ident_20250910_062205.csv
0.051,2.8152,-0.0026,0.0,-0.0004,0.0,ident_20250910_062205.csv
0.051,2.8152,0.0009,0.0,-0.0004,0.0,ident_20250910_062205.csv
0.051,2.8152,0.0029,0.0,-0.0004,0.0,ident_20250910_062205.csv
0.051,2.8152,-0.0015,0.0,-0.0004,0.0,ident_20250910_062205.csv
0.051,2.8152,0.0002,0.0,-0.0004,0.0,ident_20250910_062205.csv
0.051,2.8151,-0.0026,0.0,-0.0004,0.0,ident_20250910_062205.csv
0.051,2.8152,0.0007,0.0,-0.0004,0.0,ident_20250910_062205.csv
0.051,2.8153,0.0011,0.0,-0.0004,0.0,ident_20250910_062205.csv
0.051,2.8154,-0.001,0.0,-0.0004,0.0,ident_20250910_062205.csv
0.051,2.8154,-0.003,0.0,-0.0004,0.0,ident_20250910_062205.csv
0.051,2.8155,0.0009,0.0,-0.0004,0.0,ident_20250910_062205.csv
0.051,2.8154,-0.0022,0.0,-0.0004,0.0,ident_20250910_062205.csv
0.051,2.8153,0.0018,0.0,-0.0004,0.0,ident_20250910_062205.csv
0.051,2.8154,-0.0001,0.0,-0.0004,0.0,ident_20250910_062205.csv
0.051,2.8153,0.0025,0.0,-0.0004,0.0,ident_20250910_062205.csv
0.051,2.8152,-0.0006,0.0,-0.0004,0.0,ident_20250910_062205.csv
0.051,2.8151,-0.001,0.0,-0.0004,0.0,ident_20250910_062205.csv
0.051,2.8151,0.0018,0.0,-0.0004,0.0,ident_20250910_062205.csv
0.051,2.8151,-0.0033,0.0,-0.0004,0.0,ident_20250910_062205.csv
0.051,2.8152,0.0002,0.0,-0.0004,0.0,ident_20250910_062205.csv
0.051,2.8151,0.0005,0.0,-0.0004,0.0,ident_20250910_062205.csv
0.051,2.8151,0.0018,0.0,-0.0004,0.0,ident_20250910_062205.csv
0.051,2.8151,-0.0017,0.0,-0.0004,0.0,ident_20250910_062205.csv
0.051,2.8151,0.0009,0.0,-0.0004,0.0,ident_20250910_062205.csv
0.051,2.815,-0.0026,0.0,-0.0004,0.0,ident_20250910_062205.csv
0.051,2.8149,0.0006,0.0,-0.0004,0.0,ident_20250910_062205.csv
0.051,2.8149,-0.0001,0.0,-0.0004,0.0,ident_20250910_062205.csv
0.051,2.8149,0.0001,0.0,-0.0004,0.0,ident_20250910_062205.csv
0.051,2.8149,-0.0015,0.0,-0.0004,0.0,ident_20250910_062205.csv
0.052,2.8149,0.0026,0.0,-0.0004,0.0,ident_20250910_062205.csv
0.051,2.815,0.0033,0.0,-0.0004,0.0,ident_20250910_062205.csv
0.051,2.8149,0.0021,0.0,-0.0004,0.0,ident_20250910_062205.csv
0.051,2.815,0.001,0.0,-0.0004,0.0,ident_20250910_062205.csv
0.051,2.8149,-0.0018,0.0,-0.0004,0.0,ident_20250910_062205.csv
0.051,2.8149,0.0015,0.0,-0.0004,0.0,ident_20250910_062205.csv
0.051,2.815,-0.0019,0.0,-0.0004,0.0,ident_20250910_062205.csv
0.051,2.815,0.0005,0.0,-0.0004,0.0,ident_20250910_062205.csv
0.051,2.8149,-0.0001,0.0,-0.0004,0.0,ident_20250910_062205.csv
0.051,2.8149,-0.0026,0.0,-0.0004,0.0,ident_20250910_062205.csv
0.051,2.8149,0.0011,0.0,-0.0004,0.0,ident_20250910_062205.csv
0.051,2.815,0.0003,0.0,-0.0004,0.0,ident_20250910_062205.csv
0.051,2.8149,-0.0025,0.0,-0.0004,0.0,ident_20250910_062205.csv
0.051,2.815,0.0014,0.0,-0.0004,0.0,ident_20250910_062205.csv
0.051,2.815,0.0002,0.0,-0.0004,0.0,ident_20250910_062205.csv
0.051,2.8151,0.0013,0.0,-0.0004,0.0,ident_20250910_062205.csv
0.051,2.815,0.0027,0.0,-0.0004,0.0,ident_20250910_062205.csv
0.051,2.8151,0.0014,0.0,-0.0004,0.0,ident_20250910_062205.csv
0.051,2.815,-0.0015,0.0,-0.0004,0.0,ident_20250910_062205.csv
0.051,2.8149,0.0001,0.0,-0.0004,0.0,ident_20250910_062205.csv
0.051,2.815,-0.001,0.0,-0.0004,0.0,ident_20250910_062205.csv
0.051,2.8149,0.0002,0.0,-0.0004,0.0,ident_20250910_062205.csv
0.051,2.815,-0.0021,0.0,-0.0004,0.0,ident_20250910_062205.csv
0.051,2.8149,-0.0026,0.0,-0.0004,0.0,ident_20250910_062205.csv
0.051,2.8149,-0.0006,0.0,-0.0004,0.0,ident_20250910_062205.csv
0.051,2.8148,-0.0006,0.0,-0.0004,0.0,ident_20250910_062205.csv
0.051,2.8147,0.0002,0.0,-0.0004,0.0,ident_20250910_062205.csv
0.051,2.8146,-0.0031,0.0,-0.0004,0.0,ident_20250910_062205.csv
0.051,2.8147,-0.0015,0.0,-0.0004,0.0,ident_20250910_062205.csv
0.051,2.8146,-0.0007,0.0,-0.0004,0.0,ident_20250910_062205.csv
0.051,2.8146,0.0006,0.0,-0.0004,0.0,ident_20250910_062205.csv
0.051,2.8145,0.0003,0.0,-0.0004,0.0,ident_20250910_062205.csv
0.051,2.8145,-0.0025,0.0,-0.0004,0.0,ident_20250910_062205.csv
0.051,2.8145,0.001,0.0,-0.0004,0.0,ident_20250910_062205.csv
0.051,2.8144,-0.001,0.0,-0.0004,0.0,ident_20250910_062205.csv
0.051,2.8146,0.0015,0.0,-0.0004,0.0,ident_20250910_062205.csv
0.051,2.8145,0.0007,0.0,-0.0004,0.0,ident_20250910_062205.csv
0.051,2.8145,-0.0011,0.0,-0.0004,0.0,ident_20250910_062205.csv
0.051,2.8146,0.0013,0.0,-0.0004,0.0,ident_20250910_062205.csv
0.051,2.8146,0.0002,0.0,-0.0004,0.0,ident_20250910_062205.csv
0.051,2.8146,0.0002,0.0,-0.0004,0.0,ident_20250910_062205.csv
0.051,2.8147,0.0011,0.0,-0.0004,0.0,ident_20250910_062205.csv
0.051,2.8147,0.0009,0.0,-0.0004,0.0,ident_20250910_062205.csv
0.051,2.8147,-0.0014,0.0,-0.0004,0.0,ident_20250910_062205.csv
0.051,2.8147,-0.0023,0.0,-0.0004,0.0,ident_20250910_062205.csv
0.051,2.8147,-0.0001,0.0,-0.0004,0.0,ident_20250910_062205.csv
0.051,2.8148,0.0009,0.0,-0.0004,0.0,ident_20250910_062205.csv
0.051,2.8148,0.0005,0.0,-0.0004,0.0,ident_20250910_062205.csv
0.051,2.8148,-0.0002,0.0,-0.0004,0.0,ident_20250910_062205.csv
0.051,2.8148,-0.0013,0.0,-0.0004,0.0,ident_20250910_062205.csv
0.051,2.8149,-0.0015,0.0,-0.0004,0.0,ident_20250910_062205.csv
0.051,2.8149,-0.0009,0.0,-0.0004,0.0,ident_20250910_062205.csv
0.051,2.8149,-0.0005,0.0,-0.0004,0.0,ident_20250910_062205.csv
0.051,2.8149,-0.003,0.0,-0.0004,0.0,ident_20250910_062205.csv
0.051,2.8149,0.0001,0.0,-0.0004,0.0,ident_20250910_062205.csv
0.051,2.8149,0.0014,0.0,-0.0004,0.0,ident_20250910_062205.csv
0.051,2.8149,-0.0006,0.0,-0.0004,0.0,ident_20250910_062205.csv
0.051,2.8147,0.0009,0.0,-0.0004,0.0,ident_20250910_062205.csv
0.051,2.8147,0.0002,0.0,-0.0004,0.0,ident_20250910_062205.csv
0.051,2.8148,0.001,0.0,-0.0004,0.0,ident_20250910_062205.csv
0.051,2.8147,-0.0007,0.0,-0.0004,0.0,ident_20250910_062205.csv
0.051,2.8146,-0.0001,0.0,-0.0004,0.0,ident_20250910_062205.csv
0.051,2.8146,0.0018,0.0,-0.0004,0.0,ident_20250910_062205.csv
0.051,2.8146,-0.0003,0.0,-0.0004,0.0,ident_20250910_062205.csv
0.051,2.8145,-0.0027,0.0,-0.0004,0.0,ident_20250910_062205.csv
0.051,2.8145,0.0001,0.0,-0.0004,0.0,ident_20250910_062205.csv
0.052,2.8144,0.0011,0.0,-0.0004,0.0,ident_20250910_062205.csv
0.05,2.8145,0.0002,0.0,-0.0004,0.0,ident_20250910_062205.csv
0.051,2.8145,-0.0013,0.0,-0.0004,0.0,ident_20250910_062205.csv
0.052,2.8146,-0.0013,0.0,-0.0004,0.0,ident_20250910_062205.csv
0.05,2.8146,0.0007,0.0,-0.0004,0.0,ident_20250910_062205.csv
0.051,2.8146,0.0025,0.0,-0.0004,0.0,ident_20250910_062205.csv
0.051,2.8146,0.0018,0.0,-0.0004,0.0,ident_20250910_062205.csv
0.051,2.8147,0.0011,0.0,-0.0004,0.0,ident_20250910_062205.csv
0.051,2.8147,0.0009,0.0,-0.0004,0.0,ident_20250910_062205.csv
0.051,2.8148,-0.0002,0.0,-0.0004,0.0,ident_20250910_062205.csv
0.051,2.8148,0.0017,0.0,-0.0004,0.0,ident_20250910_062205.csv
0.051,2.8147,-0.0019,0.0,-0.0004,0.0,ident_20250910_062205.csv
0.051,2.8147,-0.0011,0.0,-0.0004,0.0,ident_20250910_062205.csv
0.051,2.8147,-0.0018,0.0,-0.0004,0.0,ident_20250910_062205.csv
0.051,2.8148,-0.0013,0.0,-0.0004,0.0,ident_20250910_062205.csv
0.051,2.8147,-0.0025,0.0,-0.0004,0.0,ident_20250910_062205.csv
0.051,2.8147,0.0003,0.0,-0.0004,0.0,ident_20250910_062205.csv
0.051,2.8147,-0.0015,0.0,-0.0004,0.0,ident_20250910_062205.csv
0.051,2.8146,0.0015,0.0,-0.0004,0.0,ident_20250910_062205.csv
0.051,2.8146,-0.0007,0.0,-0.0004,0.0,ident_20250910_062205.csv
0.051,2.8146,-0.001,0.0,-0.0004,0.0,ident_20250910_062205.csv
0.051,2.8146,-0.0002,0.0,-0.0004,0.0,ident_20250910_062205.csv
0.051,2.8146,0.0009,0.0,-0.0004,0.0,ident_20250910_062205.csv
0.051,2.8146,-0.0013,0.0,-0.0004,0.0,ident_20250910_062205.csv
0.051,2.8147,0.0005,0.0,-0.0004,0.0,ident_20250910_062205.csv
0.051,2.8146,-0.0014,0.0,-0.0004,0.0,ident_20250910_062205.csv
0.051,2.7991,0.0649,-25.0,-0.0036,-0.1276,ident_20250910_062205.csv
0.052,2.7733,-0.1113,-25.0,-0.014,-0.2553,ident_20250910_062205.csv
0.051,2.7545,-0.2027,-25.0,-0.03,-0.3191,ident_20250910_062205.csv
0.051,2.7369,-0.3169,-25.0,-0.0486,-0.3829,ident_20250910_062205.csv
0.051,2.7227,-0.3291,-25.0,-0.0679,-0.4467,ident_20250910_062205.csv
0.051,2.711,-0.1847,-25.0,-0.089,-0.4467,ident_20250910_062205.csv
0.052,2.7383,0.1184,0.0,-0.1031,-0.1276,ident_20250910_062205.csv
0.051,2.7804,0.0927,0.0,-0.1089,-0.1276,ident_20250910_062205.csv
0.051,2.7972,0.2532,0.0,-0.11,0.0,ident_20250910_062205.csv
0.051,2.813,0.337,0.0,-0.11,0.0,ident_20250910_062205.csv
0.051,2.826,0.2761,0.0,-0.11,0.0,ident_20250910_062205.csv
0.051,2.8329,0.1001,0.0,-0.11,0.0,ident_20250910_062205.csv
0.051,2.8297,-0.1005,0.0,-0.11,0.0,ident_20250910_062205.csv
0.051,2.8182,-0.238,0.0,-0.11,0.0,ident_20250910_062205.csv
0.051,2.804,-0.2555,0.0,-0.11,0.0,ident_20250910_062205.csv
0.051,2.7938,-0.1573,0.0,-0.11,0.0,ident_20250910_062205.csv
0.051,2.7903,-0.0014,0.0,-0.11,0.0,ident_20250910_062205.csv
0.052,2.7948,0.144,0.0,-0.11,0.0,ident_20250910_062205.csv
0.05,2.8043,0.2103,0.0,-0.11,0.0,ident_20250910_062205.csv
0.051,2.813,0.1695,0.0,-0.11,0.0,ident_20250910_062205.csv
0.051,2.8169,0.0536,0.0,-0.11,0.0,ident_20250910_062205.csv
0.052,2.814,-0.0843,0.0,-0.11,0.0,ident_20250910_062205.csv
0.05,2.8062,-0.1645,0.0,-0.11,0.0,ident_20250910_062205.csv
0.051,2.7978,-0.1522,0.0,-0.11,0.0,ident_20250910_062205.csv
0.051,2.7924,-0.0666,0.0,-0.11,0.0,ident_20250910_062205.csv
0.051,2.7924,0.044,0.0,-0.11,0.0,ident_20250910_062205.csv
0.051,2.7972,0.1221,0.0,-0.11,0.0,ident_20250910_062205.csv
0.051,2.8033,0.1286,0.0,-0.11,0.0,ident_20250910_062205.csv
0.051,2.8075,0.0692,0.0,-0.11,0.0,ident_20250910_062205.csv
0.051,2.8076,-0.0233,0.0,-0.11,0.0,ident_20250910_062205.csv
0.051,2.8036,-0.0905,0.0,-0.11,0.0,ident_20250910_062205.csv
0.051,2.7983,-0.1008,0.0,-0.11,0.0,ident_20250910_062205.csv
0.051,2.7941,-0.0599,0.0,-0.11,0.0,ident_20250910_062205.csv
0.051,2.7933,0.0119,0.0,-0.11,0.0,ident_20250910_062205.csv
0.051,2.7959,0.0671,0.0,-0.11,0.0,ident_20250910_062205.csv
0.051,2.7998,0.0835,0.0,-0.11,0.0,ident_20250910_062205.csv
0.051,2.8025,0.0479,0.0,-0.11,0.0,ident_20250910_062205.csv
0.051,2.8029,-0.0095,0.0,-0.11,0.0,ident_20250910_062205.csv
0.052,2.8006,-0.0542,0.0,-0.11,0.0,ident_20250910_062205.csv
0.051,2.7971,-0.0656,0.0,-0.11,0.0,ident_20250910_062205.csv
0.051,2.7947,-0.0319,0.0,-0.11,0.0,ident_20250910_062205.csv
0.05,2.7945,0.0099,0.0,-0.11,0.0,ident_20250910_062205.csv
0.051,2.7961,0.0455,0.0,-0.11,0.0,ident_20250910_062205.csv
0.051,2.7985,0.0511,0.0,-0.11,0.0,ident_20250910_062205.csv
0.052,2.8001,0.0251,0.0,-0.11,0.0,ident_20250910_062205.csv
0.05,2.8,-0.0129,0.0,-0.11,0.0,ident_20250910_062205.csv
0.051,2.7983,-0.0384,0.0,-0.11,0.0,ident_20250910_062205.csv
0.051,2.7963,-0.0378,0.0,-0.11,0.0,ident_20250910_062205.csv
0.051,2.7952,-0.0151,0.0,-0.11,0.0,ident_20250910_062205.csv
0.051,2.7955,0.0154,0.0,-0.11,0.0,ident_20250910_062205.csv
0.051,2.7969,0.0318,0.0,-0.11,0.0,ident_20250910_062205.csv
0.051,2.7982,0.0236,0.0,-0.11,0.0,ident_20250910_062205.csv
0.051,2.7989,0.0066,0.0,-0.11,0.0,ident_20250910_062205.csv
0.051,2.7983,-0.0143,0.0,-0.11,0.0,ident_20250910_062205.csv
0.051,2.7971,-0.0251,0.0,-0.11,0.0,ident_20250910_062205.csv
0.051,2.7958,-0.0177,0.0,-0.11,0.0,ident_20250910_062205.csv
0.051,2.7956,-0.0015,0.0,-0.11,0.0,ident_20250910_062205.csv
0.051,2.7962,0.0166,0.0,-0.11,0.0,ident_20250910_062205.csv
0.051,2.7972,0.0198,0.0,-0.11,0.0,ident_20250910_062205.csv
0.051,2.7978,0.0123,0.0,-0.11,0.0,ident_20250910_062205.csv
0.052,2.7979,-0.0047,0.0,-0.11,0.0,ident_20250910_062205.csv
0.051,2.7972,-0.0125,0.0,-0.11,0.0,ident_20250910_062205.csv
0.051,2.7965,-0.0139,0.0,-0.11,0.0,ident_20250910_062205.csv
0.051,2.796,-0.0045,0.0,-0.11,0.0,ident_20250910_062205.csv
0.05,2.7962,0.0069,0.0,-0.11,0.0,ident_20250910_062205.csv
0.052,2.7968,0.0134,0.0,-0.11,0.0,ident_20250910_062205.csv
0.051,2.7974,0.0106,0.0,-0.11,0.0,ident_20250910_062205.csv
0.051,2.7974,-0.0018,0.0,-0.11,0.0,ident_20250910_062205.csv
0.05,2.7971,-0.0066,0.0,-0.11,0.0,ident_20250910_062205.csv
0.052,2.7966,-0.0091,0.0,-0.11,0.0,ident_20250910_062205.csv
0.05,2.7962,-0.0049,0.0,-0.11,0.0,ident_20250910_062205.csv
0.051,2.7962,0.0029,0.0,-0.11,0.0,ident_20250910_062205.csv
0.051,2.7966,0.0087,0.0,-0.11,0.0,ident_20250910_062205.csv
0.052,2.797,0.0065,0.0,-0.11,0.0,ident_20250910_062205.csv
0.051,2.7971,0.0033,0.0,-0.11,0.0,ident_20250910_062205.csv
0.051,2.7971,-0.007,0.0,-0.11,0.0,ident_20250910_062205.csv
0.051,2.7967,-0.0097,0.0,-0.11,0.0,ident_20250910_062205.csv
0.051,2.7965,-0.005,0.0,-0.11,0.0,ident_20250910_062205.csv
0.051,2.7963,-0.0002,0.0,-0.11,0.0,ident_20250910_062205.csv
0.051,2.7964,0.0023,0.0,-0.11,0.0,ident_20250910_062205.csv
0.051,2.7966,0.005,0.0,-0.11,0.0,ident_20250910_062205.csv
0.051,2.7967,0.0035,0.0,-0.11,0.0,ident_20250910_062205.csv
0.051,2.7967,-0.0019,0.0,-0.11,0.0,ident_20250910_062205.csv
0.051,2.7966,-0.0039,0.0,-0.11,0.0,ident_20250910_062205.csv
0.051,2.7962,-0.0038,0.0,-0.11,0.0,ident_20250910_062205.csv
0.051,2.7961,0.0014,0.0,-0.11,0.0,ident_20250910_062205.csv
0.051,2.7963,0.0059,0.0,-0.11,0.0,ident_20250910_062205.csv
0.051,2.7966,0.0027,0.0,-0.11,0.0,ident_20250910_062205.csv
0.051,2.7967,-0.0006,0.0,-0.11,0.0,ident_20250910_062205.csv
0.051,2.7966,-0.0018,0.0,-0.11,0.0,ident_20250910_062205.csv
0.051,2.7964,-0.0018,0.0,-0.11,0.0,ident_20250910_062205.csv
0.051,2.7963,-0.0043,0.0,-0.11,0.0,ident_20250910_062205.csv
0.051,2.7963,0.0001,0.0,-0.11,0.0,ident_20250910_062205.csv
0.051,2.7963,0.0021,0.0,-0.11,0.0,ident_20250910_062205.csv
0.051,2.7965,0.0038,0.0,-0.11,0.0,ident_20250910_062205.csv
0.051,2.7966,0.0011,0.0,-0.11,0.0,ident_20250910_062205.csv
0.051,2.7966,-0.0033,0.0,-0.11,0.0,ident_20250910_062205.csv
0.051,2.7964,-0.0009,0.0,-0.11,0.0,ident_20250910_062205.csv
0.051,2.7963,-0.0043,0.0,-0.11,0.0,ident_20250910_062205.csv
0.051,2.7962,-0.0037,0.0,-0.11,0.0,ident_20250910_062205.csv
0.051,2.7962,0.0027,0.0,-0.11,0.0,ident_20250910_062205.csv
0.051,2.7962,0.0006,0.0,-0.11,0.0,ident_20250910_062205.csv
0.051,2.7962,-0.0005,0.0,-0.11,0.0,ident_20250910_062205.csv
0.051,2.7962,-0.0031,0.0,-0.11,0.0,ident_20250910_062205.csv
0.051,2.7961,-0.0022,0.0,-0.11,0.0,ident_20250910_062205.csv
0.051,2.7961,-0.0011,0.0,-0.11,0.0,ident_20250910_062205.csv
0.051,2.7962,-0.0006,0.0,-0.11,0.0,ident_20250910_062205.csv
0.051,2.7963,-0.0005,0.0,-0.11,0.0,ident_20250910_062205.csv
0.051,2.7963,0.0054,0.0,-0.11,0.0,ident_20250910_062205.csv
0.051,2.7963,0.003,0.0,-0.11,0.0,ident_20250910_062205.csv
0.051,2.7962,-0.0003,0.0,-0.11,0.0,ident_20250910_062205.csv
0.051,2.7962,-0.0029,0.0,-0.11,0.0,ident_20250910_062205.csv
0.051,2.7962,-0.0006,0.0,-0.11,0.0,ident_20250910_062205.csv
0.051,2.7962,-0.0019,0.0,-0.11,0.0,ident_20250910_062205.csv
0.051,2.7963,-0.0002,0.0,-0.11,0.0,ident_20250910_062205.csv
0.051,2.7964,-0.0005,0.0,-0.11,0.0,ident_20250910_062205.csv
0.051,2.7965,-0.0015,0.0,-0.11,0.0,ident_20250910_062205.csv
0.051,2.7964,-0.0009,0.0,-0.11,0.0,ident_20250910_062205.csv
0.051,2.7963,0.0014,0.0,-0.11,0.0,ident_20250910_062205.csv
0.051,2.7962,0.0001,0.0,-0.11,0.0,ident_20250910_062205.csv
0.051,2.7963,-0.0013,0.0,-0.11,0.0,ident_20250910_062205.csv
0.051,2.7963,-0.001,0.0,-0.11,0.0,ident_20250910_062205.csv
0.051,2.7964,-0.0009,0.0,-0.11,0.0,ident_20250910_062205.csv
0.05,2.7964,0.0023,0.0,-0.11,0.0,ident_20250910_062205.csv
0.051,2.7965,-0.0014,0.0,-0.11,0.0,ident_20250910_062205.csv
0.051,2.7964,-0.0003,0.0,-0.11,0.0,ident_20250910_062205.csv
0.051,2.7965,-0.0001,0.0,-0.11,0.0,ident_20250910_062205.csv
0.051,2.7966,0.0009,0.0,-0.11,0.0,ident_20250910_062205.csv
0.052,2.7966,0.0007,0.0,-0.11,0.0,ident_20250910_062205.csv
0.05,2.7966,-0.0007,0.0,-0.11,0.0,ident_20250910_062205.csv
0.051,2.7967,-0.0003,0.0,-0.11,0.0,ident_20250910_062205.csv
0.051,2.7967,-0.0013,0.0,-0.11,0.0,ident_20250910_062205.csv
0.051,2.7967,-0.0018,0.0,-0.11,0.0,ident_20250910_062205.csv
0.051,2.7967,0.001,0.0,-0.11,0.0,ident_20250910_062205.csv
0.051,2.7968,-0.0023,0.0,-0.11,0.0,ident_20250910_062205.csv
0.051,2.7967,0.0009,0.0,-0.11,0.0,ident_20250910_062205.csv
0.051,2.7967,0.0013,0.0,-0.11,0.0,ident_20250910_062205.csv
0.051,2.7968,-0.0006,0.0,-0.11,0.0,ident_20250910_062205.csv
0.051,2.7967,0.0002,0.0,-0.11,0.0,ident_20250910_062205.csv
0.051,2.7965,-0.0046,0.0,-0.11,0.0,ident_20250910_062205.csv
0.051,2.7965,0.0017,0.0,-0.11,0.0,ident_20250910_062205.csv
0.051,2.7966,0.0027,0.0,-0.11,0.0,ident_20250910_062205.csv
0.051,2.7966,0.0018,0.0,-0.11,0.0,ident_20250910_062205.csv
0.051,2.7966,0.0021,0.0,-0.11,0.0,ident_20250910_062205.csv
0.051,2.7966,0.0003,0.0,-0.11,0.0,ident_20250910_062205.csv
0.051,2.7967,-0.0005,0.0,-0.11,0.0,ident_20250910_062205.csv
0.051,2.7967,-0.001,0.0,-0.11,0.0,ident_20250910_062205.csv
0.051,2.7967,-0.0009,0.0,-0.11,0.0,ident_20250910_062205.csv
0.051,2.7967,0.0007,0.0,-0.11,0.0,ident_20250910_062205.csv
0.051,2.7967,-0.0011,0.0,-0.11,0.0,ident_20250910_062205.csv
0.051,2.7967,-0.0029,0.0,-0.11,0.0,ident_20250910_062205.csv
0.051,2.7967,-0.0001,0.0,-0.11,0.0,ident_20250910_062205.csv
0.051,2.7967,0.0005,0.0,-0.11,0.0,ident_20250910_062205.csv
0.051,2.7967,0.0006,0.0,-0.11,0.0,ident_20250910_062205.csv
0.051,2.7966,-0.0003,0.0,-0.11,0.0,ident_20250910_062205.csv
0.051,2.7966,-0.0019,0.0,-0.11,0.0,ident_20250910_062205.csv
0.051,2.7966,-0.0009,0.0,-0.11,0.0,ident_20250910_062205.csv
0.051,2.7966,-0.0017,0.0,-0.11,0.0,ident_20250910_062205.csv
0.051,2.7966,-0.0015,0.0,-0.11,0.0,ident_20250910_062205.csv
0.051,2.7966,-0.0001,0.0,-0.11,0.0,ident_20250910_062205.csv
0.051,2.7965,0.001,0.0,-0.11,0.0,ident_20250910_062205.csv
0.051,2.7965,0.0001,0.0,-0.11,0.0,ident_20250910_062205.csv
0.051,2.7965,0.0015,0.0,-0.11,0.0,ident_20250910_062205.csv
0.051,2.7965,-0.0021,0.0,-0.11,0.0,ident_20250910_062205.csv
0.051,2.7965,0.0009,0.0,-0.11,0.0,ident_20250910_062205.csv
0.051,2.7965,0.0005,0.0,-0.11,0.0,ident_20250910_062205.csv
0.051,2.7966,-0.0017,0.0,-0.11,0.0,ident_20250910_062205.csv
0.051,2.7966,0.0005,0.0,-0.11,0.0,ident_20250910_062205.csv
0.051,2.7965,0.0011,0.0,-0.11,0.0,ident_20250910_062205.csv
0.051,2.7966,0.0001,0.0,-0.11,0.0,ident_20250910_062205.csv
0.051,2.7965,-0.0005,0.0,-0.11,0.0,ident_20250910_062205.csv
0.051,2.7965,0.0025,0.0,-0.11,0.0,ident_20250910_062205.csv
0.051,2.7966,0.001,0.0,-0.11,0.0,ident_20250910_062205.csv
0.051,2.7966,0.0011,0.0,-0.11,0.0,ident_20250910_062205.csv
0.051,2.7966,-0.0027,0.0,-0.11,0.0,ident_20250910_062205.csv
0.05,2.7966,0.0021,0.0,-0.11,0.0,ident_20250910_062205.csv
0.052,2.7966,0.001,0.0,-0.11,0.0,ident_20250910_062205.csv
0.051,2.7967,-0.0039,0.0,-0.11,0.0,ident_20250910_062205.csv
0.051,2.7966,0.0007,0.0,-0.11,0.0,ident_20250910_062205.csv
0.051,2.7966,0.0005,0.0,-0.11,0.0,ident_20250910_062205.csv
0.051,2.7966,0.0006,0.0,-0.11,0.0,ident_20250910_062205.csv
0.051,2.7966,-0.0038,0.0,-0.11,0.0,ident_20250910_062205.csv
0.05,2.7966,0.0006,0.0,-0.11,0.0,ident_20250910_062205.csv
0.052,2.7966,-0.0001,0.0,-0.11,0.0,ident_20250910_062205.csv
0.051,2.7966,0.0027,0.0,-0.11,0.0,ident_20250910_062205.csv
0.05,2.7967,0.0007,0.0,-0.11,0.0,ident_20250910_062205.csv
0.051,2.7967,-0.0018,0.0,-0.11,0.0,ident_20250910_062205.csv
0.051,2.7966,0.0041,0.0,-0.11,0.0,ident_20250910_062205.csv
0.051,2.7967,0.0005,0.0,-0.11,0.0,ident_20250910_062205.csv
0.052,2.7967,0.0026,0.0,-0.11,0.0,ident_20250910_062205.csv
0.051,2.7966,0.0018,0.0,-0.11,0.0,ident_20250910_062205.csv
0.051,2.7964,-0.0006,0.0,-0.11,0.0,ident_20250910_062205.csv
0.051,2.7965,-0.0018,0.0,-0.11,0.0,ident_20250910_062205.csv
0.051,2.7965,0.0013,0.0,-0.11,0.0,ident_20250910_062205.csv
0.051,2.7965,0.0002,0.0,-0.11,0.0,ident_20250910_062205.csv
0.051,2.7964,-0.0033,0.0,-0.11,0.0,ident_20250910_062205.csv
0.051,2.7964,0.0001,0.0,-0.11,0.0,ident_20250910_062205.csv
0.051,2.7965,0.0005,0.0,-0.11,0.0,ident_20250910_062205.csv
0.051,2.7965,0.0022,0.0,-0.11,0.0,ident_20250910_062205.csv
0.051,2.7964,-0.0006,0.0,-0.11,0.0,ident_20250910_062205.csv
0.051,2.7965,0.0019,0.0,-0.11,0.0,ident_20250910_062205.csv
0.051,2.7965,0.0023,0.0,-0.11,0.0,ident_20250910_062205.csv
0.051,2.816,0.0087,25.0,-0.1064,0.1276,ident_20250910_062205.csv
0.051,2.8384,0.0519,25.0,-0.0961,0.2553,ident_20250910_062205.csv
0.052,2.8552,0.3453,25.0,-0.0801,0.2553,ident_20250910_062205.csv
0.051,2.8875,0.5943,25.0,-0.0619,0.3829,ident_20250910_062205.csv
0.051,2.9152,0.5243,25.0,-0.0422,0.3829,ident_20250910_062205.csv
0.052,2.9236,0.1733,25.0,-0.0212,0.4467,ident_20250910_062205.csv
0.051,2.8993,-0.3619,0.0,-0.0083,0.2553,ident_20250910_062205.csv
0.051,2.8597,-0.3603,0.0,-0.0029,0.0,ident_20250910_062205.csv
0.051,2.8232,-0.7175,0.0,-0.0023,0.0,ident_20250910_062205.csv
0.051,2.7844,-0.8017,0.0,-0.0023,0.0,ident_20250910_062205.csv
0.052,2.755,-0.4625,0.0,-0.0023,0.0,ident_20250910_062205.csv
0.05,2.7508,0.0744,0.0,-0.0023,0.0,ident_20250910_062205.csv
0.051,2.7711,0.5077,0.0,-0.0023,0.0,ident_20250910_062205.csv
0.051,2.8035,0.6437,0.0,-0.0023,0.0,ident_20250910_062205.csv
0.052,2.8307,0.4355,0.0,-0.0023,0.0,ident_20250910_062205.csv
0.05,2.8388,0.0318,0.0,-0.0023,0.0,ident_20250910_062205.csv
0.051,2.8276,-0.3378,0.0,-0.0023,0.0,ident_20250910_062205.csv
0.051,2.8034,-0.5203,0.0,-0.0023,0.0,ident_20250910_062205.csv
0.051,2.7801,-0.4038,0.0,-0.0023,0.0,ident_20250910_062205.csv
0.051,2.7713,-0.0859,0.0,-0.0023,0.0,ident_20250910_062205.csv
0.051,2.7799,0.2545,0.0,-0.0023,0.0,ident_20250910_062205.csv
0.051,2.7996,0.4062,0.0,-0.0023,0.0,ident_20250910_062205.csv
0.051,2.8177,0.3077,0.0,-0.0023,0.0,ident_20250910_062205.csv
0.051,2.825,0.0664,0.0,-0.0023,0.0,ident_20250910_062205.csv
0.051,2.8187,-0.1969,0.0,-0.0023,0.0,ident_20250910_062205.csv
0.051,2.8037,-0.3142,0.0,-0.0023,0.0,ident_20250910_062205.csv
0.051,2.7905,-0.2475,0.0,-0.0023,0.0,ident_20250910_062205.csv
0.051,2.7854,-0.0358,0.0,-0.0023,0.0,ident_20250910_062205.csv
0.051,2.7914,0.1675,0.0,-0.0023,0.0,ident_20250910_062205.csv
0.051,2.8031,0.2403,0.0,-0.0023,0.0,ident_20250910_062205.csv
0.052,2.8131,0.1586,0.0,-0.0023,0.0,ident_20250910_062205.csv
0.051,2.8154,-0.0058,0.0,-0.0023,0.0,ident_20250910_062205.csv
0.05,2.8099,-0.1474,0.0,-0.0023,0.0,ident_20250910_062205.csv
0.052,2.801,-0.1763,0.0,-0.0023,0.0,ident_20250910_062205.csv
0.051,2.7946,-0.0972,0.0,-0.0023,0.0,ident_20250910_062205.csv
0.051,2.7946,0.0383,0.0,-0.0023,0.0,ident_20250910_062205.csv
0.05,2.8,0.1256,0.0,-0.0023,0.0,ident_20250910_062205.csv
0.052,2.8067,0.1212,0.0,-0.0023,0.0,ident_20250910_062205.csv
0.05,2.8103,0.0419,0.0,-0.0023,0.0,ident_20250910_062205.csv
0.051,2.8087,-0.0542,0.0,-0.0023,0.0,ident_20250910_062205.csv
0.051,2.804,-0.1027,0.0,-0.0023,0.0,ident_20250910_062205.csv
0.052,2.7995,-0.078,0.0,-0.0023,0.0,ident_20250910_062205.csv
0.05,2.7984,-0.0001,0.0,-0.0023,0.0,ident_20250910_062205.csv
0.051,2.8008,0.0656,0.0,-0.0023,0.0,ident_20250910_062205.csv
0.051,2.8046,0.0739,0.0,-0.0023,0.0,ident_20250910_062205.csv
0.051,2.8071,0.0354,0.0,-0.0023,0.0,ident_20250910_062205.csv
0.051,2.8067,-0.0274,0.0,-0.0023,0.0,ident_20250910_062205.csv
0.051,2.8041,-0.0578,0.0,-0.0023,0.0,ident_20250910_062205.csv
0.051,2.8016,-0.0466,0.0,-0.0023,0.0,ident_20250910_062205.csv
0.051,2.8009,0.0026,0.0,-0.0023,0.0,ident_20250910_062205.csv
0.051,2.8023,0.037,0.0,-0.0023,0.0,ident_20250910_062205.csv
0.052,2.8046,0.0423,0.0,-0.0023,0.0,ident_20250910_062205.csv
0.051,2.8058,0.0139,0.0,-0.0023,0.0,ident_20250910_062205.csv
0.051,2.8052,-0.0185,0.0,-0.0023,0.0,ident_20250910_062205.csv
0.051,2.8037,-0.0346,0.0,-0.0023,0.0,ident_20250910_062205.csv
0.051,2.8024,-0.0202,0.0,-0.0023,0.0,ident_20250910_062205.csv
0.051,2.8024,0.0045,0.0,-0.0023,0.0,ident_20250910_062205.csv
0.051,2.8034,0.026,0.0,-0.0023,0.0,ident_20250910_062205.csv
0.051,2.8047,0.0199,0.0,-0.0023,0.0,ident_20250910_062205.csv
0.051,2.8051,-0.0026,0.0,-0.0023,0.0,ident_20250910_062205.csv
0.051,2.8046,-0.0185,0.0,-0.0023,0.0,ident_20250910_062205.csv
0.051,2.8036,-0.0211,0.0,-0.0023,0.0,ident_20250910_062205.csv
0.051,2.8031,-0.0057,0.0,-0.0023,0.0,ident_20250910_062205.csv
0.051,2.8034,0.0106,0.0,-0.0023,0.0,ident_20250910_062205.csv
0.051,2.8043,0.0138,0.0,-0.0023,0.0,ident_20250910_062205.csv
0.051,2.8048,0.0057,0.0,-0.0023,0.0,ident_20250910_062205.csv
0.051,2.8046,-0.0063,0.0,-0.0023,0.0,ident_20250910_062205.csv
0.051,2.8041,-0.0126,0.0,-0.0023,0.0,ident_20250910_062205.csv
0.05,2.8036,-0.0087,0.0,-0.0023,0.0,ident_20250910_062205.csv
0.052,2.8034,0.0026,0.0,-0.0023,0.0,ident_20250910_062205.csv
0.051,2.8039,0.0097,0.0,-0.0023,0.0,ident_20250910_062205.csv
0.051,2.8042,0.003,0.0,-0.0023,0.0,ident_20250910_062205.csv
0.051,2.8043,-0.0003,0.0,-0.0023,0.0,ident_20250910_062205.csv
0.051,2.8041,-0.0073,0.0,-0.0023,0.0,ident_20250910_062205.csv
0.051,2.8037,-0.0035,0.0,-0.0023,0.0,ident_20250910_062205.csv
0.051,2.8037,-0.0018,0.0,-0.0023,0.0,ident_20250910_062205.csv
0.051,2.804,0.005,0.0,-0.0023,0.0,ident_20250910_062205.csv
0.05,2.8043,0.0049,0.0,-0.0023,0.0,ident_20250910_062205.csv
0.052,2.8044,0.0023,0.0,-0.0023,0.0,ident_20250910_062205.csv
0.051,2.8041,-0.0045,0.0,-0.0023,0.0,ident_20250910_062205.csv
0.051,2.8039,-0.0051,0.0,-0.0023,0.0,ident_20250910_062205.csv
0.051,2.8037,-0.0006,0.0,-0.0023,0.0,ident_20250910_062205.csv
0.051,2.8038,0.0059,0.0,-0.0023,0.0,ident_20250910_062205.csv
0.051,2.804,0.0043,0.0,-0.0023,0.0,ident_20250910_062205.csv
0.051,2.8041,0.0001,0.0,-0.0023,0.0,ident_20250910_062205.csv
0.051,2.8041,-0.0007,0.0,-0.0023,0.0,ident_20250910_062205.csv
0.051,2.8039,-0.0043,0.0,-0.0023,0.0,ident_20250910_062205.csv
0.051,2.8038,-0.0025,0.0,-0.0023,0.0,ident_20250910_062205.csv
0.051,2.8038,0.0014,0.0,-0.0023,0.0,ident_20250910_062205.csv
0.051,2.8039,0.0001,0.0,-0.0023,0.0,ident_20250910_062205.csv
0.051,2.804,0.0021,0.0,-0.0023,0.0,ident_20250910_062205.csv
0.051,2.8039,-0.0047,0.0,-0.0023,0.0,ident_20250910_062205.csv
0.051,2.8037,-0.0026,0.0,-0.0023,0.0,ident_20250910_062205.csv
0.051,2.8037,-0.0018,0.0,-0.0023,0.0,ident_20250910_062205.csv
0.052,2.8037,0.0018,0.0,-0.0023,0.0,ident_20250910_062205.csv
0.051,2.8038,0.0025,0.0,-0.0023,0.0,ident_20250910_062205.csv
0.051,2.8037,-0.0001,0.0,-0.0023,0.0,ident_20250910_062205.csv
0.051,2.8038,-0.0038,0.0,-0.0023,0.0,ident_20250910_062205.csv
0.051,2.8036,0.0011,0.0,-0.0023,0.0,ident_20250910_062205.csv
0.051,2.8037,-0.0013,0.0,-0.0023,0.0,ident_20250910_062205.csv
0.051,2.8036,-0.0027,0.0,-0.0023,0.0,ident_20250910_062205.csv
0.051,2.8036,0.0019,0.0,-0.0023,0.0,ident_20250910_062205.csv
0.051,2.8035,0.0022,0.0,-0.0023,0.0,ident_20250910_062205.csv
0.051,2.8035,-0.0014,0.0,-0.0023,0.0,ident_20250910_062205.csv
0.051,2.8034,-0.0003,0.0,-0.0023,0.0,ident_20250910_062205.csv
0.051,2.8035,-0.0018,0.0,-0.0023,0.0,ident_20250910_062205.csv
0.051,2.8035,0.0002,0.0,-0.0023,0.0,ident_20250910_062205.csv
0.051,2.8036,0.0014,0.0,-0.0023,0.0,ident_20250910_062205.csv
0.051,2.8037,-0.0019,0.0,-0.0023,0.0,ident_20250910_062205.csv
0.051,2.8037,-0.0019,0.0,-0.0023,0.0,ident_20250910_062205.csv
0.051,2.8037,-0.0005,0.0,-0.0023,0.0,ident_20250910_062205.csv
0.051,2.8038,0.0001,0.0,-0.0023,0.0,ident_20250910_062205.csv
0.051,2.8037,-0.0023,0.0,-0.0023,0.0,ident_20250910_062205.csv
0.051,2.8038,-0.0018,0.0,-0.0023,0.0,ident_20250910_062205.csv
0.051,2.8039,0.0017,0.0,-0.0023,0.0,ident_20250910_062205.csv
0.051,2.8039,-0.0023,0.0,-0.0023,0.0,ident_20250910_062205.csv
0.051,2.8039,-0.0003,0.0,-0.0023,0.0,ident_20250910_062205.csv
0.051,2.8039,-0.0013,0.0,-0.0023,0.0,ident_20250910_062205.csv
0.051,2.8037,0.0017,0.0,-0.0023,0.0,ident_20250910_062205.csv
0.051,2.8037,-0.0013,0.0,-0.0023,0.0,ident_20250910_062205.csv
0.051,2.8037,-0.0022,0.0,-0.0023,0.0,ident_20250910_062205.csv
0.051,2.8038,0.0002,0.0,-0.0023,0.0,ident_20250910_062205.csv
0.051,2.8038,0.0027,0.0,-0.0023,0.0,ident_20250910_062205.csv
0.051,2.8038,0.0029,0.0,-0.0023,0.0,ident_20250910_062205.csv
0.051,2.8038,-0.0002,0.0,-0.0023,0.0,ident_20250910_062205.csv
0.051,2.8037,0.0003,0.0,-0.0023,0.0,ident_20250910_062205.csv
0.051,2.8037,-0.0027,0.0,-0.0023,0.0,ident_20250910_062205.csv
0.051,2.8037,0.0007,0.0,-0.0023,0.0,ident_20250910_062205.csv
0.051,2.8037,-0.0009,0.0,-0.0023,0.0,ident_20250910_062205.csv
0.051,2.8038,-0.0034,0.0,-0.0023,0.0,ident_20250910_062205.csv
0.051,2.8037,-0.0013,0.0,-0.0023,0.0,ident_20250910_062205.csv
0.051,2.8038,0.0033,0.0,-0.0023,0.0,ident_20250910_062205.csv
0.051,2.8039,0.001,0.0,-0.0023,0.0,ident_20250910_062205.csv
0.051,2.8038,-0.0026,0.0,-0.0023,0.0,ident_20250910_062205.csv
0.051,2.8038,-0.0029,0.0,-0.0023,0.0,ident_20250910_062205.csv
0.051,2.8038,-0.0025,0.0,-0.0023,0.0,ident_20250910_062205.csv
0.051,2.8038,-0.0017,0.0,-0.0023,0.0,ident_20250910_062205.csv
0.051,2.8039,0.0005,0.0,-0.0023,0.0,ident_20250910_062205.csv
0.051,2.804,-0.0011,0.0,-0.0023,0.0,ident_20250910_062205.csv
0.051,2.804,-0.0003,0.0,-0.0023,0.0,ident_20250910_062205.csv
0.051,2.804,0.0014,0.0,-0.0023,0.0,ident_20250910_062205.csv
0.051,2.8039,-0.0013,0.0,-0.0023,0.0,ident_20250910_062205.csv
0.051,2.8039,0.0025,0.0,-0.0023,0.0,ident_20250910_062205.csv
0.051,2.8039,0.0001,0.0,-0.0023,0.0,ident_20250910_062205.csv
0.052,2.8039,-0.0011,0.0,-0.0023,0.0,ident_20250910_062205.csv
0.051,2.8039,0.0035,0.0,-0.0023,0.0,ident_20250910_062205.csv
0.05,2.804,0.0026,0.0,-0.0023,0.0,ident_20250910_062205.csv
0.052,2.8039,-0.0027,0.0,-0.0023,0.0,ident_20250910_062205.csv
0.051,2.8038,0.0007,0.0,-0.0023,0.0,ident_20250910_062205.csv
0.05,2.8039,-0.0009,0.0,-0.0023,0.0,ident_20250910_062205.csv
0.051,2.8038,-0.0003,0.0,-0.0023,0.0,ident_20250910_062205.csv
0.052,2.8038,-0.0014,0.0,-0.0023,0.0,ident_20250910_062205.csv
0.05,2.8038,0.0029,0.0,-0.0023,0.0,ident_20250910_062205.csv
0.051,2.8037,0.0025,0.0,-0.0023,0.0,ident_20250910_062205.csv
0.051,2.8038,-0.0022,0.0,-0.0023,0.0,ident_20250910_062205.csv
0.052,2.8038,0.0009,0.0,-0.0023,0.0,ident_20250910_062205.csv
0.05,2.8037,-0.0009,0.0,-0.0023,0.0,ident_20250910_062205.csv
0.051,2.8038,0.0007,0.0,-0.0023,0.0,ident_20250910_062205.csv
0.052,2.8038,0.0001,0.0,-0.0023,0.0,ident_20250910_062205.csv
0.051,2.8038,0.0015,0.0,-0.0023,0.0,ident_20250910_062205.csv
0.051,2.8038,0.0017,0.0,-0.0023,0.0,ident_20250910_062205.csv
0.051,2.8038,0.0014,0.0,-0.0023,0.0,ident_20250910_062205.csv
0.051,2.8039,-0.0019,0.0,-0.0023,0.0,ident_20250910_062205.csv
0.051,2.8039,0.0018,0.0,-0.0023,0.0,ident_20250910_062205.csv
0.051,2.8039,-0.0014,0.0,-0.0023,0.0,ident_20250910_062205.csv
0.051,2.8038,-0.0021,0.0,-0.0023,0.0,ident_20250910_062205.csv
0.051,2.8038,-0.0007,0.0,-0.0023,0.0,ident_20250910_062205.csv
0.051,2.804,0.0009,0.0,-0.0023,0.0,ident_20250910_062205.csv
0.051,2.8039,0.0017,0.0,-0.0023,0.0,ident_20250910_062205.csv
0.051,2.8038,-0.0006,0.0,-0.0023,0.0,ident_20250910_062205.csv
0.051,2.8037,-0.003,0.0,-0.0023,0.0,ident_20250910_062205.csv
0.051,2.8037,-0.0011,0.0,-0.0023,0.0,ident_20250910_062205.csv
0.051,2.8037,-0.0038,0.0,-0.0023,0.0,ident_20250910_062205.csv
0.051,2.8036,-0.0002,0.0,-0.0023,0.0,ident_20250910_062205.csv
0.051,2.8037,0.0001,0.0,-0.0023,0.0,ident_20250910_062205.csv
0.051,2.8036,-0.0027,0.0,-0.0023,0.0,ident_20250910_062205.csv
0.051,2.8037,-0.001,0.0,-0.0023,0.0,ident_20250910_062205.csv
0.051,2.8038,-0.0019,0.0,-0.0023,0.0,ident_20250910_062205.csv
0.051,2.8038,0.0003,0.0,-0.0023,0.0,ident_20250910_062205.csv
0.051,2.8038,-0.0006,0.0,-0.0023,0.0,ident_20250910_062205.csv
0.051,2.8038,-0.0022,0.0,-0.0023,0.0,ident_20250910_062205.csv
0.051,2.8038,-0.0023,0.0,-0.0023,0.0,ident_20250910_062205.csv
0.052,2.8038,-0.0006,0.0,-0.0023,0.0,ident_20250910_062205.csv
0.051,2.8037,0.0003,0.0,-0.0023,0.0,ident_20250910_062205.csv
0.051,2.8038,-0.0003,0.0,-0.0023,0.0,ident_20250910_062205.csv
0.05,2.8039,-0.0031,0.0,-0.0023,0.0,ident_20250910_062205.csv
0.052,2.8039,-0.0002,0.0,-0.0023,0.0,ident_20250910_062205.csv
0.05,2.804,0.0017,0.0,-0.0023,0.0,ident_20250910_062205.csv
0.051,2.804,-0.0006,0.0,-0.0023,0.0,ident_20250910_062205.csv
0.051,2.8041,-0.0011,0.0,-0.0023,0.0,ident_20250910_062205.csv
0.052,2.804,-0.0026,0.0,-0.0023,0.0,ident_20250910_062205.csv
0.051,2.8039,0.0011,0.0,-0.0023,0.0,ident_20250910_062205.csv
0.05,2.804,-0.001,0.0,-0.0023,0.0,ident_20250910_062205.csv
0.051,2.804,0.0025,0.0,-0.0023,0.0,ident_20250910_062205.csv
0.051,2.804,0.0002,0.0,-0.0023,0.0,ident_20250910_062205.csv
0.052,2.804,-0.0006,0.0,-0.0023,0.0,ident_20250910_062205.csv
0.05,2.804,-0.0003,0.0,-0.0023,0.0,ident_20250910_062205.csv
0.051,2.804,-0.0017,0.0,-0.0023,0.0,ident_20250910_062205.csv
0.051,2.8041,0.0006,0.0,-0.0023,0.0,ident_20250910_062205.csv
0.052,2.8042,0.001,0.0,-0.0023,0.0,ident_20250910_062205.csv
0.05,2.8041,0.0003,0.0,-0.0023,0.0,ident_20250910_062205.csv
0.051,2.804,-0.0043,0.0,-0.0023,0.0,ident_20250910_062205.csv
0.052,2.8041,0.001,0.0,-0.0023,0.0,ident_20250910_062205.csv
0.051,2.804,-0.0011,0.0,-0.0023,0.0,ident_20250910_062205.csv
0.051,2.8042,-0.0007,0.0,-0.0023,0.0,ident_20250910_062205.csv
0.05,2.8042,-0.0021,0.0,-0.0023,0.0,ident_20250910_062205.csv
0.051,2.8041,0.0003,0.0,-0.0023,0.0,ident_20250910_062205.csv
0.051,2.8042,-0.0002,0.0,-0.0023,0.0,ident_20250910_062205.csv
0.052,2.8041,-0.0003,0.0,-0.0023,0.0,ident_20250910_062205.csv
0.051,2.8041,-0.0011,0.0,-0.0023,0.0,ident_20250910_062205.csv
0.051,2.8041,0.0001,0.0,-0.0023,0.0,ident_20250910_062205.csv
0.051,2.804,0.001,0.0,-0.0023,0.0,ident_20250910_062205.csv
0.051,2.8038,-0.0013,0.0,-0.0023,0.0,ident_20250910_062205.csv
0.051,2.8038,0.0033,0.0,-0.0023,0.0,ident_20250910_062205.csv
0.051,2.8039,0.0001,0.0,-0.0023,0.0,ident_20250910_062205.csv
0.051,2.804,-0.003,0.0,-0.0023,0.0,ident_20250910_062205.csv
0.051,2.804,-0.0019,0.0,-0.0023,0.0,ident_20250910_062205.csv
0.051,2.8038,-0.0013,0.0,-0.0023,0.0,ident_20250910_062205.csv
0.051,2.8039,0.0022,0.0,-0.0023,0.0,ident_20250910_062205.csv
0.05,2.8038,0.0013,0.0,-0.0023,0.0,ident_20250910_062205.csv
0.052,2.8038,0.0005,0.0,-0.0023,0.0,ident_20250910_062205.csv
0.051,2.8037,-0.0011,0.0,-0.0023,0.0,ident_20250910_062205.csv
0.051,2.8036,0.003,0.0,-0.0023,0.0,ident_20250910_062205.csv
0.051,2.8036,-0.0014,0.0,-0.0023,0.0,ident_20250910_062205.csv
0.051,2.8036,-0.0022,0.0,-0.0023,0.0,ident_20250910_062205.csv
0.051,2.8035,0.0003,0.0,-0.0023,0.0,ident_20250910_062205.csv
0.051,2.8036,-0.0025,0.0,-0.0023,0.0,ident_20250910_062205.csv
0.051,2.8036,0.0007,0.0,-0.0023,0.0,ident_20250910_062205.csv
0.051,2.8037,0.0022,0.0,-0.0023,0.0,ident_20250910_062205.csv
0.051,2.8037,-0.0002,0.0,-0.0023,0.0,ident_20250910_062205.csv
0.051,2.8037,-0.0023,0.0,-0.0023,0.0,ident_20250910_062205.csv
0.051,2.8036,-0.0039,0.0,-0.0023,0.0,ident_20250910_062205.csv
0.051,2.8037,-0.0011,0.0,-0.0023,0.0,ident_20250910_062205.csv
0.051,2.8036,0.003,0.0,-0.0023,0.0,ident_20250910_062205.csv
0.051,2.8036,0.0007,0.0,-0.0023,0.0,ident_20250910_062205.csv
0.051,2.8037,-0.0026,0.0,-0.0023,0.0,ident_20250910_062205.csv
0.051,2.8037,0.0007,0.0,-0.0023,0.0,ident_20250910_062205.csv
0.051,2.8037,-0.0002,0.0,-0.0023,0.0,ident_20250910_062205.csv
0.052,2.8037,-0.0002,0.0,-0.0023,0.0,ident_20250910_062205.csv
0.051,2.8038,0.0019,0.0,-0.0023,0.0,ident_20250910_062205.csv
0.051,2.8038,-0.0009,0.0,-0.0023,0.0,ident_20250910_062205.csv
0.05,2.8039,-0.0021,0.0,-0.0023,0.0,ident_20250910_062205.csv
0.052,2.8039,0.0007,0.0,-0.0023,0.0,ident_20250910_062205.csv
0.051,2.8038,-0.0007,0.0,-0.0023,0.0,ident_20250910_062205.csv
0.051,2.8038,0.0005,0.0,-0.0023,0.0,ident_20250910_062205.csv
0.052,2.8038,0.0003,0.0,-0.0023,0.0,ident_20250910_062205.csv
0.051,2.8038,0.001,0.0,-0.0023,0.0,ident_20250910_062205.csv
0.051,2.8038,-0.0029,0.0,-0.0023,0.0,ident_20250910_062205.csv
0.05,2.8038,0.0006,0.0,-0.0023,0.0,ident_20250910_062205.csv
0.052,2.8038,0.001,0.0,-0.0023,0.0,ident_20250910_062205.csv
0.051,2.8038,-0.0015,0.0,-0.0023,0.0,ident_20250910_062205.csv
0.05,2.8036,0.0002,0.0,-0.0023,0.0,ident_20250910_062205.csv
0.051,2.8036,-0.0014,0.0,-0.0023,0.0,ident_20250910_062205.csv
0.052,2.8036,-0.0003,0.0,-0.0023,0.0,ident_20250910_062205.csv
0.051,2.8037,-0.0005,0.0,-0.0023,0.0,ident_20250910_062205.csv
0.051,2.8038,-0.0013,0.0,-0.0023,0.0,ident_20250910_062205.csv
0.051,2.8037,-0.0021,0.0,-0.0023,0.0,ident_20250910_062205.csv
0.051,2.8036,-0.0014,0.0,-0.0023,0.0,ident_20250910_062205.csv
0.051,2.8037,-0.0009,0.0,-0.0023,0.0,ident_20250910_062205.csv
0.051,2.8038,0.0011,0.0,-0.0023,0.0,ident_20250910_062205.csv
0.05,2.8038,-0.0003,0.0,-0.0023,0.0,ident_20250910_062205.csv
0.051,2.8039,0.0017,0.0,-0.0023,0.0,ident_20250910_062205.csv
0.052,2.804,-0.001,0.0,-0.0023,0.0,ident_20250910_062205.csv
0.051,2.804,-0.0003,0.0,-0.0023,0.0,ident_20250910_062205.csv
0.051,2.804,0.0006,0.0,-0.0023,0.0,ident_20250910_062205.csv
0.05,2.8039,0.0014,0.0,-0.0023,0.0,ident_20250910_062205.csv
0.052,2.804,-0.0015,0.0,-0.0023,0.0,ident_20250910_062205.csv
0.051,2.8039,0.0041,0.0,-0.0023,0.0,ident_20250910_062205.csv
0.051,2.804,-0.0002,0.0,-0.0023,0.0,ident_20250910_062205.csv
0.051,2.804,-0.0011,0.0,-0.0023,0.0,ident_20250910_062205.csv
0.05,2.804,-0.0022,0.0,-0.0023,0.0,ident_20250910_062205.csv
0.052,2.804,-0.0013,0.0,-0.0023,0.0,ident_20250910_062205.csv
0.051,2.8041,0.0014,0.0,-0.0023,0.0,ident_20250910_062205.csv
0.051,2.804,0.0019,0.0,-0.0023,0.0,ident_20250910_062205.csv
0.05,2.804,0.0005,0.0,-0.0023,0.0,ident_20250910_062205.csv
0.052,2.804,0.0019,0.0,-0.0023,0.0,ident_20250910_062205.csv
0.05,2.804,0.0006,0.0,-0.0023,0.0,ident_20250910_062205.csv
0.051,2.804,-0.0019,0.0,-0.0023,0.0,ident_20250910_062205.csv
0.051,2.8039,-0.0029,0.0,-0.0023,0.0,ident_20250910_062205.csv
0.052,2.8038,0.0006,0.0,-0.0023,0.0,ident_20250910_062205.csv
0.051,2.8038,-0.0035,0.0,-0.0023,0.0,ident_20250910_062205.csv
0.051,2.8037,-0.003,0.0,-0.0023,0.0,ident_20250910_062205.csv
0.051,2.8037,-0.001,0.0,-0.0023,0.0,ident_20250910_062205.csv
0.051,2.8038,-0.0011,0.0,-0.0023,0.0,ident_20250910_062205.csv
0.051,2.8037,-0.0025,0.0,-0.0023,0.0,ident_20250910_062205.csv
0.051,2.8038,-0.0007,0.0,-0.0023,0.0,ident_20250910_062205.csv
0.051,2.8039,0.0001,0.0,-0.0023,0.0,ident_20250910_062205.csv
0.051,2.8037,0.0005,0.0,-0.0023,0.0,ident_20250910_062205.csv
0.051,2.8037,-0.0011,0.0,-0.0023,0.0,ident_20250910_062205.csv
0.052,2.8037,-0.0015,0.0,-0.0023,0.0,ident_20250910_062205.csv
0.051,2.8037,-0.0011,0.0,-0.0023,0.0,ident_20250910_062205.csv
0.05,2.8038,0.0006,0.0,-0.0023,0.0,ident_20250910_062205.csv
0.051,2.8039,0.0003,0.0,-0.0023,0.0,ident_20250910_062205.csv
0.052,2.8037,-0.0003,0.0,-0.0023,0.0,ident_20250910_062205.csv
0.05,2.8037,0.0005,0.0,-0.0023,0.0,ident_20250910_062205.csv
0.051,2.8038,-0.0026,0.0,-0.0023,0.0,ident_20250910_062205.csv
0.051,2.8038,0.0009,0.0,-0.0023,0.0,ident_20250910_062205.csv
0.051,2.8038,0.0017,0.0,-0.0023,0.0,ident_20250910_062205.csv
0.051,2.8038,-0.0006,0.0,-0.0023,0.0,ident_20250910_062205.csv
0.051,2.8038,-0.0018,0.0,-0.0023,0.0,ident_20250910_062205.csv
0.051,2.8037,-0.0001,0.0,-0.0023,0.0,ident_20250910_062205.csv
0.051,2.8036,0.0015,0.0,-0.0023,0.0,ident_20250910_062205.csv
0.051,2.8039,-0.0021,0.0,-0.0023,0.0,ident_20250910_062205.csv
0.051,2.8039,-0.0034,0.0,-0.0023,0.0,ident_20250910_062205.csv
0.051,2.8038,-0.0035,0.0,-0.0023,0.0,ident_20250910_062205.csv
0.051,2.8037,0.0014,0.0,-0.0023,0.0,ident_20250910_062205.csv
0.051,2.8037,-0.0023,0.0,-0.0023,0.0,ident_20250910_062205.csv
0.051,2.8038,0.0007,0.0,-0.0023,0.0,ident_20250910_062205.csv
0.051,2.8038,-0.0026,0.0,-0.0023,0.0,ident_20250910_062205.csv
0.051,2.8039,-0.0006,0.0,-0.0023,0.0,ident_20250910_062205.csv
0.051,2.8038,-0.0001,0.0,-0.0023,0.0,ident_20250910_062205.csv
0.051,2.8038,-0.0031,0.0,-0.0023,0.0,ident_20250910_062205.csv
0.051,2.8037,-0.0002,0.0,-0.0023,0.0,ident_20250910_062205.csv
0.051,2.8037,0.0005,0.0,-0.0023,0.0,ident_20250910_062205.csv
0.051,2.8037,0.0001,0.0,-0.0023,0.0,ident_20250910_062205.csv
0.051,2.8037,-0.0013,0.0,-0.0023,0.0,ident_20250910_062205.csv
0.051,2.8037,0.001,0.0,-0.0023,0.0,ident_20250910_062205.csv
0.051,2.8039,-0.0014,0.0,-0.0023,0.0,ident_20250910_062205.csv
0.051,2.8038,0.0013,0.0,-0.0023,0.0,ident_20250910_062205.csv
0.051,2.8038,-0.0026,0.0,-0.0023,0.0,ident_20250910_062205.csv
0.051,2.8037,0.0021,0.0,-0.0023,0.0,ident_20250910_062205.csv
0.051,2.8038,0.0002,0.0,-0.0023,0.0,ident_20250910_062205.csv
0.051,2.8038,-0.0021,0.0,-0.0023,0.0,ident_20250910_062205.csv
0.051,2.8037,-0.0003,0.0,-0.0023,0.0,ident_20250910_062205.csv
0.051,2.8038,0.0005,0.0,-0.0023,0.0,ident_20250910_062205.csv
0.051,2.8037,-0.0023,0.0,-0.0023,0.0,ident_20250910_062205.csv
0.051,2.8038,-0.0019,0.0,-0.0023,0.0,ident_20250910_062205.csv
0.051,2.8036,0.003,0.0,-0.0023,0.0,ident_20250910_062205.csv
0.051,2.8036,-0.0002,0.0,-0.0023,0.0,ident_20250910_062205.csv
0.051,2.8037,-0.0015,0.0,-0.0023,0.0,ident_20250910_062205.csv
0.051,2.8038,0.0021,0.0,-0.0023,0.0,ident_20250910_062205.csv
0.051,2.8038,0.0019,0.0,-0.0023,0.0,ident_20250910_062205.csv
0.051,2.8038,-0.0019,0.0,-0.0023,0.0,ident_20250910_062205.csv
0.051,2.8038,0.0002,0.0,-0.0023,0.0,ident_20250910_062205.csv
0.051,2.8037,-0.0013,0.0,-0.0023,0.0,ident_20250910_062205.csv
0.051,2.8038,-0.0001,0.0,-0.0023,0.0,ident_20250910_062205.csv
0.051,2.8037,-0.0041,0.0,-0.0023,0.0,ident_20250910_062205.csv
0.051,2.8038,0.0005,0.0,-0.0023,0.0,ident_20250910_062205.csv
0.051,2.8038,-0.0021,0.0,-0.0023,0.0,ident_20250910_062205.csv
0.051,2.8038,0.0011,0.0,-0.0023,0.0,ident_20250910_062205.csv
0.051,2.8038,-0.0014,0.0,-0.0023,0.0,ident_20250910_062205.csv
0.051,2.8037,-0.0026,0.0,-0.0023,0.0,ident_20250910_062205.csv
0.051,2.8037,0.0015,0.0,-0.0023,0.0,ident_20250910_062205.csv
0.051,2.8037,-0.0023,0.0,-0.0023,0.0,ident_20250910_062205.csv
0.051,2.8037,-0.0017,0.0,-0.0023,0.0,ident_20250910_062205.csv
0.051,2.8037,0.0011,0.0,-0.0023,0.0,ident_20250910_062205.csv
0.051,2.8036,-0.0007,0.0,-0.0023,0.0,ident_20250910_062205.csv
0.051,2.8037,-0.001,0.0,-0.0023,0.0,ident_20250910_062205.csv
0.051,2.8037,-0.0003,0.0,-0.0023,0.0,ident_20250910_062205.csv
0.051,2.8037,0.0007,0.0,-0.0023,0.0,ident_20250910_062205.csv
0.051,2.8037,-0.0001,0.0,-0.0023,0.0,ident_20250910_062205.csv
0.051,2.8039,-0.0038,0.0,-0.0023,0.0,ident_20250910_062205.csv
0.051,2.8039,-0.0023,0.0,-0.0023,0.0,ident_20250910_062205.csv
0.052,2.8039,0.0002,0.0,-0.0023,0.0,ident_20250910_062205.csv
0.051,2.8038,-0.0017,0.0,-0.0023,0.0,ident_20250910_062205.csv
0.051,2.8038,-0.0019,0.0,-0.0023,0.0,ident_20250910_062205.csv
0.051,2.8037,-0.0013,0.0,-0.0023,0.0,ident_20250910_062205.csv
0.051,2.8036,0.0017,0.0,-0.0023,0.0,ident_20250910_062205.csv
0.051,2.8035,-0.0027,0.0,-0.0023,0.0,ident_20250910_062205.csv
0.051,2.8035,-0.0005,0.0,-0.0023,0.0,ident_20250910_062205.csv
0.051,2.8035,-0.0005,0.0,-0.0023,0.0,ident_20250910_062205.csv
0.051,2.8035,-0.0013,0.0,-0.0023,0.0,ident_20250910_062205.csv
0.051,2.8035,0.0009,0.0,-0.0023,0.0,ident_20250910_062205.csv
0.051,2.8036,-0.0019,0.0,-0.0023,0.0,ident_20250910_062205.csv
0.051,2.8035,0.0005,0.0,-0.0023,0.0,ident_20250910_062205.csv
0.051,2.8035,0.0002,0.0,-0.0023,0.0,ident_20250910_062205.csv
0.051,2.8036,0.0001,0.0,-0.0023,0.0,ident_20250910_062205.csv
0.051,2.8035,-0.003,0.0,-0.0023,0.0,ident_20250910_062205.csv
0.051,2.8036,0.0002,0.0,-0.0023,0.0,ident_20250910_062205.csv
0.051,2.8037,-0.0027,0.0,-0.0023,0.0,ident_20250910_062205.csv
0.051,2.8037,0.0023,0.0,-0.0023,0.0,ident_20250910_062205.csv
0.051,2.8037,0.0013,0.0,-0.0023,0.0,ident_20250910_062205.csv
0.051,2.8037,-0.0021,0.0,-0.0023,0.0,ident_20250910_062205.csv
0.051,2.8037,-0.0001,0.0,-0.0023,0.0,ident_20250910_062205.csv
0.051,2.8037,-0.0018,0.0,-0.0023,0.0,ident_20250910_062205.csv
0.051,2.8038,0.0001,0.0,-0.0023,0.0,ident_20250910_062205.csv
0.051,2.8038,-0.0007,0.0,-0.0023,0.0,ident_20250910_062205.csv
0.051,2.8038,-0.0034,0.0,-0.0023,0.0,ident_20250910_062205.csv
0.051,2.8039,-0.0021,0.0,-0.0023,0.0,ident_20250910_062205.csv
0.051,2.8039,-0.0027,0.0,-0.0023,0.0,ident_20250910_062205.csv
0.051,2.8039,-0.0001,0.0,-0.0023,0.0,ident_20250910_062205.csv
0.05,2.8039,-0.0041,0.0,-0.0023,0.0,ident_20250910_062205.csv
0.052,2.8039,0.0017,0.0,-0.0023,0.0,ident_20250910_062205.csv
0.051,2.8039,0.0018,0.0,-0.0023,0.0,ident_20250910_062205.csv
0.051,2.8038,-0.0031,0.0,-0.0023,0.0,ident_20250910_062205.csv
0.051,2.8039,-0.0005,0.0,-0.0023,0.0,ident_20250910_062205.csv
0.051,2.804,0.0001,0.0,-0.0023,0.0,ident_20250910_062205.csv
0.051,2.804,-0.0002,0.0,-0.0023,0.0,ident_20250910_062205.csv
0.051,2.8041,-0.0017,0.0,-0.0023,0.0,ident_20250910_062205.csv
0.051,2.8041,0.0019,0.0,-0.0023,0.0,ident_20250910_062205.csv
0.051,2.8042,-0.0002,0.0,-0.0023,0.0,ident_20250910_062205.csv
0.051,2.8042,-0.0001,0.0,-0.0023,0.0,ident_20250910_062205.csv
0.051,2.8041,0.0005,0.0,-0.0023,0.0,ident_20250910_062205.csv
0.051,2.804,0.0018,0.0,-0.0023,0.0,ident_20250910_062205.csv
0.051,2.804,-0.0009,0.0,-0.0023,0.0,ident_20250910_062205.csv
0.051,2.8041,0.0034,0.0,-0.0023,0.0,ident_20250910_062205.csv
0.051,2.804,0.0011,0.0,-0.0023,0.0,ident_20250910_062205.csv
0.052,2.804,-0.0014,0.0,-0.0023,0.0,ident_20250910_062205.csv
0.051,2.804,0.0013,0.0,-0.0023,0.0,ident_20250910_062205.csv
0.051,2.804,-0.0025,0.0,-0.0023,0.0,ident_20250910_062205.csv
0.051,2.8041,0.0025,0.0,-0.0023,0.0,ident_20250910_062205.csv
0.051,2.8041,0.0009,0.0,-0.0023,0.0,ident_20250910_062205.csv
0.051,2.8041,-0.0002,0.0,-0.0023,0.0,ident_20250910_062205.csv
0.051,2.8039,-0.0014,0.0,-0.0023,0.0,ident_20250910_062205.csv
0.05,2.8118,-0.1265,-20.0,-0.0003,-0.1276,ident_20250910_062433.csv
0.052,2.7883,-0.2056,-20.0,-0.0071,-0.2553,ident_20250910_062433.csv
0.051,2.7641,-0.3546,-20.0,-0.0188,-0.2553,ident_20250910_062433.csv
0.051,2.7405,-0.4297,-20.0,-0.0327,-0.2553,ident_20250910_062433.csv
0.052,2.7209,-0.4155,-20.0,-0.0479,-0.3191,ident_20250910_062433.csv
0.051,2.7041,-0.3393,-20.0,-0.0636,-0.3191,ident_20250910_062433.csv
0.051,2.7122,0.222,0.0,-0.0748,-0.1276,ident_20250910_062433.csv
0.051,2.7553,0.3265,0.0,-0.08,-0.0638,ident_20250910_062433.csv
0.051,2.7898,0.6362,0.0,-0.0805,0.0,ident_20250910_062433.csv
0.051,2.8225,0.7103,0.0,-0.0804,0.0,ident_20250910_062433.csv
0.051,2.8502,0.4804,0.0,-0.0804,0.0,ident_20250910_062433.csv
0.052,2.8584,0.0406,0.0,-0.0804,0.0,ident_20250910_062433.csv
0.051,2.8452,-0.3574,0.0,-0.0804,0.0,ident_20250910_062433.csv
0.051,2.8198,-0.5335,0.0,-0.0804,0.0,ident_20250910_062433.csv
0.051,2.794,-0.4456,0.0,-0.0804,0.0,ident_20250910_062433.csv
0.051,2.7812,-0.1512,0.0,-0.0804,0.0,ident_20250910_062433.csv
0.051,2.7851,0.1843,0.0,-0.0804,0.0,ident_20250910_062433.csv
0.051,2.8008,0.3589,0.0,-0.0804,0.0,ident_20250910_062433.csv
0.05,2.8177,0.3278,0.0,-0.0804,0.0,ident_20250910_062433.csv
0.052,2.8278,0.1526,0.0,-0.0804,0.0,ident_20250910_062433.csv
0.051,2.8266,-0.0857,0.0,-0.0804,0.0,ident_20250910_062433.csv
0.051,2.8165,-0.2266,0.0,-0.0804,0.0,ident_20250910_062433.csv
0.05,2.8042,-0.2355,0.0,-0.0804,0.0,ident_20250910_062433.csv
0.052,2.7959,-0.1109,0.0,-0.0804,0.0,ident_20250910_062433.csv
0.05,2.7958,0.057,0.0,-0.0804,0.0,ident_20250910_062433.csv
0.052,2.8023,0.1563,0.0,-0.0804,0.0,ident_20250910_062433.csv
0.05,2.8095,0.1308,0.0,-0.0804,0.0,ident_20250910_062433.csv
0.051,2.8128,0.0426,0.0,-0.0804,0.0,ident_20250910_062433.csv
0.051,2.8108,-0.0588,0.0,-0.0804,0.0,ident_20250910_062433.csv
0.051,2.8059,-0.1015,0.0,-0.0804,0.0,ident_20250910_062433.csv
0.051,2.8015,-0.0634,0.0,-0.0804,0.0,ident_20250910_062433.csv
0.051,2.8007,0.0095,0.0,-0.0804,0.0,ident_20250910_062433.csv
0.051,2.8029,0.0603,0.0,-0.0804,0.0,ident_20250910_062433.csv
0.051,2.8058,0.0535,0.0,-0.0804,0.0,ident_20250910_062433.csv
0.052,2.8068,0.0089,0.0,-0.0804,0.0,ident_20250910_062433.csv
0.051,2.8054,-0.036,0.0,-0.0804,0.0,ident_20250910_062433.csv
0.051,2.803,-0.0398,0.0,-0.0804,0.0,ident_20250910_062433.csv
0.051,2.8018,-0.0123,0.0,-0.0804,0.0,ident_20250910_062433.csv
0.05,2.8024,0.0244,0.0,-0.0804,0.0,ident_20250910_062433.csv
0.052,2.8039,0.0304,0.0,-0.0804,0.0,ident_20250910_062433.csv
0.051,2.8048,0.0049,0.0,-0.0804,0.0,ident_20250910_062433.csv
0.051,2.8043,-0.0167,0.0,-0.0804,0.0,ident_20250910_062433.csv
0.05,2.8032,-0.0218,0.0,-0.0804,0.0,ident_20250910_062433.csv
0.052,2.8023,-0.0059,0.0,-0.0804,0.0,ident_20250910_062433.csv
0.051,2.8027,0.0141,0.0,-0.0804,0.0,ident_20250910_062433.csv
0.051,2.8035,0.0175,0.0,-0.0804,0.0,ident_20250910_062433.csv
0.051,2.804,0.0035,0.0,-0.0804,0.0,ident_20250910_062433.csv
0.05,2.8036,-0.0103,0.0,-0.0804,0.0,ident_20250910_062433.csv
0.052,2.8029,-0.0114,0.0,-0.0804,0.0,ident_20250910_062433.csv
0.051,2.8025,-0.0038,0.0,-0.0804,0.0,ident_20250910_062433.csv
0.05,2.8028,0.0067,0.0,-0.0804,0.0,ident_20250910_062433.csv
0.052,2.8033,0.0086,0.0,-0.0804,0.0,ident_20250910_062433.csv
0.05,2.8033,0.0017,0.0,-0.0804,0.0,ident_20250910_062433.csv
0.051,2.803,-0.009,0.0,-0.0804,0.0,ident_20250910_062433.csv
0.052,2.8026,-0.0069,0.0,-0.0804,0.0,ident_20250910_062433.csv
0.051,2.8025,0.0021,0.0,-0.0804,0.0,ident_20250910_062433.csv
0.051,2.8027,0.0055,0.0,-0.0804,0.0,ident_20250910_062433.csv
0.051,2.8029,0.0025,0.0,-0.0804,0.0,ident_20250910_062433.csv
0.051,2.8028,-0.0019,0.0,-0.0804,0.0,ident_20250910_062433.csv
0.051,2.8026,-0.0029,0.0,-0.0804,0.0,ident_20250910_062433.csv
0.051,2.8025,-0.0015,0.0,-0.0804,0.0,ident_20250910_062433.csv
0.051,2.8025,0.0025,0.0,-0.0804,0.0,ident_20250910_062433.csv
0.051,2.8026,0.0039,0.0,-0.0804,0.0,ident_20250910_062433.csv
0.051,2.8026,0.0021,0.0,-0.0804,0.0,ident_20250910_062433.csv
0.051,2.8025,-0.0038,0.0,-0.0804,0.0,ident_20250910_062433.csv
0.051,2.8023,-0.0041,0.0,-0.0804,0.0,ident_20250910_062433.csv
0.051,2.8024,0.0007,0.0,-0.0804,0.0,ident_20250910_062433.csv
0.051,2.8025,0.0014,0.0,-0.0804,0.0,ident_20250910_062433.csv
0.051,2.8026,-0.0006,0.0,-0.0804,0.0,ident_20250910_062433.csv
0.051,2.8025,-0.0006,0.0,-0.0804,0.0,ident_20250910_062433.csv
0.051,2.8024,-0.0019,0.0,-0.0804,0.0,ident_20250910_062433.csv
0.051,2.8023,-0.0039,0.0,-0.0804,0.0,ident_20250910_062433.csv
0.051,2.8024,0.0005,0.0,-0.0804,0.0,ident_20250910_062433.csv
0.051,2.8025,0.0018,0.0,-0.0804,0.0,ident_20250910_062433.csv
0.051,2.8026,0.0023,0.0,-0.0804,0.0,ident_20250910_062433.csv
0.051,2.8027,-0.0023,0.0,-0.0804,0.0,ident_20250910_062433.csv
0.051,2.8026,-0.0034,0.0,-0.0804,0.0,ident_20250910_062433.csv
0.051,2.8026,0.0014,0.0,-0.0804,0.0,ident_20250910_062433.csv
0.051,2.8027,0.0031,0.0,-0.0804,0.0,ident_20250910_062433.csv
0.051,2.8027,0.0013,0.0,-0.0804,0.0,ident_20250910_062433.csv
0.051,2.8028,-0.0035,0.0,-0.0804,0.0,ident_20250910_062433.csv
0.051,2.8028,0.001,0.0,-0.0804,0.0,ident_20250910_062433.csv
0.051,2.8029,0.0014,0.0,-0.0804,0.0,ident_20250910_062433.csv
0.051,2.8029,-0.0017,0.0,-0.0804,0.0,ident_20250910_062433.csv
0.051,2.8029,0.0002,0.0,-0.0804,0.0,ident_20250910_062433.csv
0.051,2.803,0.0006,0.0,-0.0804,0.0,ident_20250910_062433.csv
0.05,2.803,-0.0006,0.0,-0.0804,0.0,ident_20250910_062433.csv
0.051,2.803,0.0022,0.0,-0.0804,0.0,ident_20250910_062433.csv
0.051,2.803,0.0006,0.0,-0.0804,0.0,ident_20250910_062433.csv
0.052,2.803,-0.0023,0.0,-0.0804,0.0,ident_20250910_062433.csv
0.05,2.803,-0.0018,0.0,-0.0804,0.0,ident_20250910_062433.csv
0.051,2.803,-0.0023,0.0,-0.0804,0.0,ident_20250910_062433.csv
0.052,2.8029,0.0002,0.0,-0.0804,0.0,ident_20250910_062433.csv
0.05,2.8028,0.0007,0.0,-0.0804,0.0,ident_20250910_062433.csv
0.051,2.8027,0.0013,0.0,-0.0804,0.0,ident_20250910_062433.csv
0.051,2.8028,-0.0026,0.0,-0.0804,0.0,ident_20250910_062433.csv
0.051,2.8029,-0.0009,0.0,-0.0804,0.0,ident_20250910_062433.csv
0.051,2.8029,0.0002,0.0,-0.0804,0.0,ident_20250910_062433.csv
0.051,2.8029,-0.0026,0.0,-0.0804,0.0,ident_20250910_062433.csv
0.052,2.803,0.0018,0.0,-0.0804,0.0,ident_20250910_062433.csv
0.051,2.8029,0.0006,0.0,-0.0804,0.0,ident_20250910_062433.csv
0.051,2.803,0.0011,0.0,-0.0804,0.0,ident_20250910_062433.csv
0.051,2.8029,0.0007,0.0,-0.0804,0.0,ident_20250910_062433.csv
0.051,2.803,0.0006,0.0,-0.0804,0.0,ident_20250910_062433.csv
0.051,2.8029,0.0002,0.0,-0.0804,0.0,ident_20250910_062433.csv
0.051,2.8028,-0.0034,0.0,-0.0804,0.0,ident_20250910_062433.csv
0.051,2.8027,0.0009,0.0,-0.0804,0.0,ident_20250910_062433.csv
0.051,2.8027,0.001,0.0,-0.0804,0.0,ident_20250910_062433.csv
0.051,2.8028,0.0003,0.0,-0.0804,0.0,ident_20250910_062433.csv
0.051,2.8028,-0.0029,0.0,-0.0804,0.0,ident_20250910_062433.csv
0.051,2.8028,-0.0005,0.0,-0.0804,0.0,ident_20250910_062433.csv
0.05,2.8029,-0.0019,0.0,-0.0804,0.0,ident_20250910_062433.csv
0.052,2.8029,-0.001,0.0,-0.0804,0.0,ident_20250910_062433.csv
0.05,2.8029,0.0021,0.0,-0.0804,0.0,ident_20250910_062433.csv
0.052,2.8028,0.0006,0.0,-0.0804,0.0,ident_20250910_062433.csv
0.05,2.8028,-0.0003,0.0,-0.0804,0.0,ident_20250910_062433.csv
0.051,2.8029,-0.0038,0.0,-0.0804,0.0,ident_20250910_062433.csv
0.051,2.8029,-0.0021,0.0,-0.0804,0.0,ident_20250910_062433.csv
0.052,2.803,-0.0014,0.0,-0.0804,0.0,ident_20250910_062433.csv
0.051,2.803,-0.0031,0.0,-0.0804,0.0,ident_20250910_062433.csv
0.051,2.803,-0.001,0.0,-0.0804,0.0,ident_20250910_062433.csv
0.051,2.803,-0.0017,0.0,-0.0804,0.0,ident_20250910_062433.csv
0.051,2.8029,0.0015,0.0,-0.0804,0.0,ident_20250910_062433.csv
0.051,2.8028,-0.0027,0.0,-0.0804,0.0,ident_20250910_062433.csv
0.051,2.8029,-0.0029,0.0,-0.0804,0.0,ident_20250910_062433.csv
0.051,2.8028,0.0014,0.0,-0.0804,0.0,ident_20250910_062433.csv
0.051,2.8029,0.0039,0.0,-0.0804,0.0,ident_20250910_062433.csv
0.051,2.8029,-0.0025,0.0,-0.0804,0.0,ident_20250910_062433.csv
0.051,2.8029,-0.0006,0.0,-0.0804,0.0,ident_20250910_062433.csv
0.051,2.803,-0.0005,0.0,-0.0804,0.0,ident_20250910_062433.csv
0.051,2.803,-0.0023,0.0,-0.0804,0.0,ident_20250910_062433.csv
0.051,2.8031,0.0007,0.0,-0.0804,0.0,ident_20250910_062433.csv
0.051,2.8031,0.0029,0.0,-0.0804,0.0,ident_20250910_062433.csv
0.051,2.803,-0.0001,0.0,-0.0804,0.0,ident_20250910_062433.csv
0.051,2.8031,0.0002,0.0,-0.0804,0.0,ident_20250910_062433.csv
0.051,2.8031,-0.0002,0.0,-0.0804,0.0,ident_20250910_062433.csv
0.051,2.8031,0.0029,0.0,-0.0804,0.0,ident_20250910_062433.csv
0.051,2.8031,-0.0021,0.0,-0.0804,0.0,ident_20250910_062433.csv
0.051,2.803,-0.0003,0.0,-0.0804,0.0,ident_20250910_062433.csv
0.051,2.8032,0.0014,0.0,-0.0804,0.0,ident_20250910_062433.csv
0.051,2.8032,-0.0019,0.0,-0.0804,0.0,ident_20250910_062433.csv
0.051,2.8032,-0.0002,0.0,-0.0804,0.0,ident_20250910_062433.csv
0.05,2.8032,-0.0002,0.0,-0.0804,0.0,ident_20250910_062433.csv
0.052,2.8032,0.0014,0.0,-0.0804,0.0,ident_20250910_062433.csv
0.051,2.8033,0.0006,0.0,-0.0804,0.0,ident_20250910_062433.csv
0.051,2.8033,-0.0007,0.0,-0.0804,0.0,ident_20250910_062433.csv
0.05,2.8032,-0.0019,0.0,-0.0804,0.0,ident_20250910_062433.csv
0.052,2.8033,0.0007,0.0,-0.0804,0.0,ident_20250910_062433.csv
0.05,2.8032,-0.0005,0.0,-0.0804,0.0,ident_20250910_062433.csv
0.052,2.8031,-0.0025,0.0,-0.0804,0.0,ident_20250910_062433.csv
0.05,2.8032,0.0017,0.0,-0.0804,0.0,ident_20250910_062433.csv
0.051,2.8031,-0.0009,0.0,-0.0804,0.0,ident_20250910_062433.csv
0.051,2.8031,-0.0003,0.0,-0.0804,0.0,ident_20250910_062433.csv
0.052,2.8031,-0.0001,0.0,-0.0804,0.0,ident_20250910_062433.csv
0.05,2.8029,-0.0017,0.0,-0.0804,0.0,ident_20250910_062433.csv
0.051,2.8029,-0.0026,0.0,-0.0804,0.0,ident_20250910_062433.csv
0.052,2.8029,0.0003,0.0,-0.0804,0.0,ident_20250910_062433.csv
0.05,2.8029,0.0001,0.0,-0.0804,0.0,ident_20250910_062433.csv
0.051,2.803,0.0017,0.0,-0.0804,0.0,ident_20250910_062433.csv
0.051,2.8031,0.0029,0.0,-0.0804,0.0,ident_20250910_062433.csv
0.051,2.8031,-0.0023,0.0,-0.0804,0.0,ident_20250910_062433.csv
0.051,2.8031,-0.0006,0.0,-0.0804,0.0,ident_20250910_062433.csv
0.051,2.8031,0.0019,0.0,-0.0804,0.0,ident_20250910_062433.csv
0.052,2.8032,-0.0009,0.0,-0.0804,0.0,ident_20250910_062433.csv
0.05,2.8031,0.0002,0.0,-0.0804,0.0,ident_20250910_062433.csv
0.051,2.8031,0.0015,0.0,-0.0804,0.0,ident_20250910_062433.csv
0.052,2.8031,0.0014,0.0,-0.0804,0.0,ident_20250910_062433.csv
0.05,2.803,0.0003,0.0,-0.0804,0.0,ident_20250910_062433.csv
0.051,2.803,-0.0002,0.0,-0.0804,0.0,ident_20250910_062433.csv
0.052,2.803,-0.0001,0.0,-0.0804,0.0,ident_20250910_062433.csv
0.051,2.803,-0.0007,0.0,-0.0804,0.0,ident_20250910_062433.csv
0.051,2.803,-0.0026,0.0,-0.0804,0.0,ident_20250910_062433.csv
0.051,2.8031,-0.0007,0.0,-0.0804,0.0,ident_20250910_062433.csv
0.051,2.803,-0.0013,0.0,-0.0804,0.0,ident_20250910_062433.csv
0.051,2.8029,-0.0001,0.0,-0.0804,0.0,ident_20250910_062433.csv
0.051,2.8029,0.0005,0.0,-0.0804,0.0,ident_20250910_062433.csv
0.05,2.8029,-0.0015,0.0,-0.0804,0.0,ident_20250910_062433.csv
0.051,2.803,0.0027,0.0,-0.0804,0.0,ident_20250910_062433.csv
0.051,2.803,0.0001,0.0,-0.0804,0.0,ident_20250910_062433.csv
0.052,2.803,0.0002,0.0,-0.0804,0.0,ident_20250910_062433.csv
0.05,2.803,0.0027,0.0,-0.0804,0.0,ident_20250910_062433.csv
0.051,2.8031,0.0003,0.0,-0.0804,0.0,ident_20250910_062433.csv
0.051,2.8031,0.0018,0.0,-0.0804,0.0,ident_20250910_062433.csv
0.052,2.803,0.0011,0.0,-0.0804,0.0,ident_20250910_062433.csv
0.051,2.8031,0.0007,0.0,-0.0804,0.0,ident_20250910_062433.csv
0.051,2.8031,0.0003,0.0,-0.0804,0.0,ident_20250910_062433.csv
0.051,2.803,-0.0018,0.0,-0.0804,0.0,ident_20250910_062433.csv
0.051,2.803,-0.001,0.0,-0.0804,0.0,ident_20250910_062433.csv
0.051,2.803,-0.0005,0.0,-0.0804,0.0,ident_20250910_062433.csv
0.051,2.803,0.0018,0.0,-0.0804,0.0,ident_20250910_062433.csv
0.051,2.8031,0.0018,0.0,-0.0804,0.0,ident_20250910_062433.csv
0.051,2.8031,-0.0007,0.0,-0.0804,0.0,ident_20250910_062433.csv
0.051,2.8031,-0.0002,0.0,-0.0804,0.0,ident_20250910_062433.csv
0.051,2.8031,-0.0026,0.0,-0.0804,0.0,ident_20250910_062433.csv
0.051,2.8032,0.0007,0.0,-0.0804,0.0,ident_20250910_062433.csv
0.051,2.8033,0.0017,0.0,-0.0804,0.0,ident_20250910_062433.csv
0.051,2.8033,-0.0021,0.0,-0.0804,0.0,ident_20250910_062433.csv
0.051,2.8032,-0.0011,0.0,-0.0804,0.0,ident_20250910_062433.csv
0.051,2.8031,0.0015,0.0,-0.0804,0.0,ident_20250910_062433.csv
0.051,2.8031,0.0005,0.0,-0.0804,0.0,ident_20250910_062433.csv
0.051,2.803,-0.0002,0.0,-0.0804,0.0,ident_20250910_062433.csv
0.051,2.8031,0.0011,0.0,-0.0804,0.0,ident_20250910_062433.csv
0.051,2.8147,-0.0131,20.0,-0.0785,0.1276,ident_20250910_062433.csv
0.051,2.8357,0.1478,20.0,-0.0716,0.1276,ident_20250910_062433.csv
0.052,2.8586,0.2593,20.0,-0.0602,0.2553,ident_20250910_062433.csv
0.052,2.8746,0.2292,20.0,-0.0462,0.3191,ident_20250910_062433.csv
0.051,2.881,0.0687,20.0,-0.0309,0.2553,ident_20250910_062433.csv
0.051,2.8754,-0.1244,20.0,-0.0145,0.3191,ident_20250910_062433.csv
0.052,2.8473,-0.2187,0.0,-0.0028,0.1914,ident_20250910_062433.csv
0.051,2.8173,0.0025,0.0,0.0023,0.0638,ident_20250910_062433.csv
0.051,2.8135,0.0853,0.0,0.0028,0.0,ident_20250910_062433.csv
0.051,2.819,0.0759,0.0,0.0028,0.0,ident_20250910_062433.csv
0.051,2.8226,0.0322,0.0,0.0028,0.0,ident_20250910_062433.csv
0.051,2.8228,-0.0191,0.0,0.0028,0.0,ident_20250910_062433.csv
0.051,2.821,-0.0547,0.0,0.0028,0.0,ident_20250910_062433.csv
0.051,2.8188,-0.0584,0.0,0.0028,0.0,ident_20250910_062433.csv
0.051,2.8174,-0.0275,0.0,0.0028,0.0,ident_20250910_062433.csv
0.051,2.8181,0.0129,0.0,0.0028,0.0,ident_20250910_062433.csv
0.051,2.8203,0.0382,0.0,0.0028,0.0,ident_20250910_062433.csv
0.051,2.8227,0.0339,0.0,0.0028,0.0,ident_20250910_062433.csv
0.051,2.824,0.0087,0.0,0.0028,0.0,ident_20250910_062433.csv
0.051,2.8239,-0.0183,0.0,0.0028,0.0,ident_20250910_062433.csv
0.051,2.823,-0.0282,0.0,0.0028,0.0,ident_20250910_062433.csv
0.051,2.822,-0.0169,0.0,0.0028,0.0,ident_20250910_062433.csv
0.051,2.822,0.0003,0.0,0.0028,0.0,ident_20250910_062433.csv
0.051,2.823,0.0147,0.0,0.0028,0.0,ident_20250910_062433.csv
0.051,2.8242,0.0154,0.0,0.0028,0.0,ident_20250910_062433.csv
0.051,2.8249,0.0059,0.0,0.0028,0.0,ident_20250910_062433.csv
0.051,2.8249,-0.0053,0.0,0.0028,0.0,ident_20250910_062433.csv
0.051,2.8245,-0.0129,0.0,0.0028,0.0,ident_20250910_062433.csv
0.051,2.8241,-0.0091,0.0,0.0028,0.0,ident_20250910_062433.csv
0.051,2.8242,0.0014,0.0,0.0028,0.0,ident_20250910_062433.csv
0.051,2.8247,0.0079,0.0,0.0028,0.0,ident_20250910_062433.csv
0.051,2.8254,0.009,0.0,0.0028,0.0,ident_20250910_062433.csv
0.051,2.8257,0.001,0.0,0.0028,0.0,ident_20250910_062433.csv
0.051,2.8256,-0.007,0.0,0.0028,0.0,ident_20250910_062433.csv
0.051,2.8252,-0.0077,0.0,0.0028,0.0,ident_20250910_062433.csv
0.051,2.825,-0.0013,0.0,0.0028,0.0,ident_20250910_062433.csv
0.051,2.8253,0.003,0.0,0.0028,0.0,ident_20250910_062433.csv
0.051,2.8255,0.0026,0.0,0.0028,0.0,ident_20250910_062433.csv
0.051,2.8258,0.0011,0.0,0.0028,0.0,ident_20250910_062433.csv
0.051,2.8258,-0.0001,0.0,0.0028,0.0,ident_20250910_062433.csv
0.051,2.8257,-0.0061,0.0,0.0028,0.0,ident_20250910_062433.csv
0.051,2.8256,-0.0026,0.0,0.0028,0.0,ident_20250910_062433.csv
0.051,2.8257,-0.0001,0.0,0.0028,0.0,ident_20250910_062433.csv
0.051,2.8258,0.0029,0.0,0.0028,0.0,ident_20250910_062433.csv
0.051,2.8259,0.003,0.0,0.0028,0.0,ident_20250910_062433.csv
0.051,2.8259,0.0003,0.0,0.0028,0.0,ident_20250910_062433.csv
0.051,2.8259,-0.0017,0.0,0.0028,0.0,ident_20250910_062433.csv
0.051,2.8258,-0.003,0.0,0.0028,0.0,ident_20250910_062433.csv
0.051,2.8258,-0.0001,0.0,0.0028,0.0,ident_20250910_062433.csv
0.051,2.8257,-0.0002,0.0,0.0028,0.0,ident_20250910_062433.csv
0.051,2.8258,0.0007,0.0,0.0028,0.0,ident_20250910_062433.csv
0.051,2.8258,-0.001,0.0,0.0028,0.0,ident_20250910_062433.csv
0.051,2.8258,-0.0015,0.0,0.0028,0.0,ident_20250910_062433.csv
0.051,2.8257,-0.0007,0.0,0.0028,0.0,ident_20250910_062433.csv
0.051,2.8256,-0.0035,0.0,0.0028,0.0,ident_20250910_062433.csv
0.051,2.8256,-0.0011,0.0,0.0028,0.0,ident_20250910_062433.csv
0.051,2.8257,-0.0015,0.0,0.0028,0.0,ident_20250910_062433.csv
0.051,2.8258,-0.0006,0.0,0.0028,0.0,ident_20250910_062433.csv
0.051,2.8258,0.0015,0.0,0.0028,0.0,ident_20250910_062433.csv
0.051,2.8259,-0.0039,0.0,0.0028,0.0,ident_20250910_062433.csv
0.051,2.8259,0.0002,0.0,0.0028,0.0,ident_20250910_062433.csv
0.051,2.826,0.0001,0.0,0.0028,0.0,ident_20250910_062433.csv
0.051,2.826,-0.001,0.0,0.0028,0.0,ident_20250910_062433.csv
0.051,2.826,0.0018,0.0,0.0028,0.0,ident_20250910_062433.csv
0.051,2.826,-0.0013,0.0,0.0028,0.0,ident_20250910_062433.csv
0.051,2.8259,-0.0014,0.0,0.0028,0.0,ident_20250910_062433.csv
0.051,2.8259,0.0002,0.0,0.0028,0.0,ident_20250910_062433.csv
0.051,2.8259,0.0009,0.0,0.0028,0.0,ident_20250910_062433.csv
0.051,2.826,0.0023,0.0,0.0028,0.0,ident_20250910_062433.csv
0.051,2.8261,-0.0003,0.0,0.0028,0.0,ident_20250910_062433.csv
0.051,2.826,-0.0026,0.0,0.0028,0.0,ident_20250910_062433.csv
0.051,2.8261,0.0013,0.0,0.0028,0.0,ident_20250910_062433.csv
0.051,2.8261,-0.0022,0.0,0.0028,0.0,ident_20250910_062433.csv
0.051,2.8261,-0.0003,0.0,0.0028,0.0,ident_20250910_062433.csv
0.051,2.8261,0.0001,0.0,0.0028,0.0,ident_20250910_062433.csv
0.051,2.8262,0.0006,0.0,0.0028,0.0,ident_20250910_062433.csv
0.051,2.8262,0.0017,0.0,0.0028,0.0,ident_20250910_062433.csv
0.051,2.8262,0.0026,0.0,0.0028,0.0,ident_20250910_062433.csv
0.051,2.8262,0.0015,0.0,0.0028,0.0,ident_20250910_062433.csv
0.051,2.8261,-0.0021,0.0,0.0028,0.0,ident_20250910_062433.csv
0.051,2.8261,-0.0018,0.0,0.0028,0.0,ident_20250910_062433.csv
0.051,2.8261,-0.0002,0.0,0.0028,0.0,ident_20250910_062433.csv
0.051,2.8261,0.0006,0.0,0.0028,0.0,ident_20250910_062433.csv
0.051,2.8262,0.0017,0.0,0.0028,0.0,ident_20250910_062433.csv
0.051,2.8262,0.0013,0.0,0.0028,0.0,ident_20250910_062433.csv
0.051,2.8262,-0.0011,0.0,0.0028,0.0,ident_20250910_062433.csv
0.051,2.8261,-0.0006,0.0,0.0028,0.0,ident_20250910_062433.csv
0.051,2.826,-0.0005,0.0,0.0028,0.0,ident_20250910_062433.csv
0.051,2.826,0.0007,0.0,0.0028,0.0,ident_20250910_062433.csv
0.051,2.8261,0.0006,0.0,0.0028,0.0,ident_20250910_062433.csv
0.051,2.8261,-0.0006,0.0,0.0028,0.0,ident_20250910_062433.csv
0.051,2.826,-0.0011,0.0,0.0028,0.0,ident_20250910_062433.csv
0.051,2.826,-0.0015,0.0,0.0028,0.0,ident_20250910_062433.csv
0.051,2.8258,-0.0001,0.0,0.0028,0.0,ident_20250910_062433.csv
0.051,2.8257,0.0017,0.0,0.0028,0.0,ident_20250910_062433.csv
0.051,2.8257,0.0017,0.0,0.0028,0.0,ident_20250910_062433.csv
0.052,2.8258,-0.001,0.0,0.0028,0.0,ident_20250910_062433.csv
0.05,2.8258,0.0007,0.0,0.0028,0.0,ident_20250910_062433.csv
0.051,2.8258,-0.0022,0.0,0.0028,0.0,ident_20250910_062433.csv
0.051,2.8258,-0.001,0.0,0.0028,0.0,ident_20250910_062433.csv
0.051,2.8258,-0.0026,0.0,0.0028,0.0,ident_20250910_062433.csv
0.051,2.8258,-0.0011,0.0,0.0028,0.0,ident_20250910_062433.csv
0.051,2.8257,-0.0021,0.0,0.0028,0.0,ident_20250910_062433.csv
0.051,2.8256,0.0006,0.0,0.0028,0.0,ident_20250910_062433.csv
0.051,2.8256,0.0007,0.0,0.0028,0.0,ident_20250910_062433.csv
0.051,2.8256,-0.0001,0.0,0.0028,0.0,ident_20250910_062433.csv
0.051,2.8256,-0.001,0.0,0.0028,0.0,ident_20250910_062433.csv
0.051,2.8256,-0.0006,0.0,0.0028,0.0,ident_20250910_062433.csv
0.051,2.8257,-0.0019,0.0,0.0028,0.0,ident_20250910_062433.csv
0.051,2.8256,0.0015,0.0,0.0028,0.0,ident_20250910_062433.csv
0.051,2.8256,-0.0018,0.0,0.0028,0.0,ident_20250910_062433.csv
0.051,2.8255,-0.0005,0.0,0.0028,0.0,ident_20250910_062433.csv
0.051,2.8256,-0.0005,0.0,0.0028,0.0,ident_20250910_062433.csv
0.051,2.8256,0.0014,0.0,0.0028,0.0,ident_20250910_062433.csv
0.051,2.8256,-0.0009,0.0,0.0028,0.0,ident_20250910_062433.csv
0.051,2.8255,0.0017,0.0,0.0028,0.0,ident_20250910_062433.csv
0.051,2.8256,0.0005,0.0,0.0028,0.0,ident_20250910_062433.csv
0.051,2.8255,-0.005,0.0,0.0028,0.0,ident_20250910_062433.csv
0.051,2.8256,0.0021,0.0,0.0028,0.0,ident_20250910_062433.csv
0.051,2.8256,-0.0011,0.0,0.0028,0.0,ident_20250910_062433.csv
0.051,2.8256,-0.0003,0.0,0.0028,0.0,ident_20250910_062433.csv
0.051,2.8257,-0.0025,0.0,0.0028,0.0,ident_20250910_062433.csv
0.051,2.8257,0.0018,0.0,0.0028,0.0,ident_20250910_062433.csv
0.051,2.8257,-0.0005,0.0,0.0028,0.0,ident_20250910_062433.csv
0.051,2.8256,-0.0022,0.0,0.0028,0.0,ident_20250910_062433.csv
0.051,2.8257,-0.0025,0.0,0.0028,0.0,ident_20250910_062433.csv
0.051,2.8257,-0.0025,0.0,0.0028,0.0,ident_20250910_062433.csv
0.051,2.8257,0.0001,0.0,0.0028,0.0,ident_20250910_062433.csv
0.051,2.8257,-0.0017,0.0,0.0028,0.0,ident_20250910_062433.csv
0.051,2.8256,0.0005,0.0,0.0028,0.0,ident_20250910_062433.csv
0.051,2.8255,0.0013,0.0,0.0028,0.0,ident_20250910_062433.csv
0.051,2.8256,-0.0009,0.0,0.0028,0.0,ident_20250910_062433.csv
0.051,2.8256,-0.001,0.0,0.0028,0.0,ident_20250910_062433.csv
0.051,2.8256,-0.0003,0.0,0.0028,0.0,ident_20250910_062433.csv
0.051,2.8256,0.0006,0.0,0.0028,0.0,ident_20250910_062433.csv
0.051,2.8256,-0.0022,0.0,0.0028,0.0,ident_20250910_062433.csv
0.051,2.8256,0.0014,0.0,0.0028,0.0,ident_20250910_062433.csv
0.051,2.8256,0.0005,0.0,0.0028,0.0,ident_20250910_062433.csv
0.051,2.8255,0.0009,0.0,0.0028,0.0,ident_20250910_062433.csv
0.051,2.8257,-0.0027,0.0,0.0028,0.0,ident_20250910_062433.csv
0.051,2.8257,0.0013,0.0,0.0028,0.0,ident_20250910_062433.csv
0.051,2.8257,-0.0022,0.0,0.0028,0.0,ident_20250910_062433.csv
0.051,2.8257,-0.0033,0.0,0.0028,0.0,ident_20250910_062433.csv
0.051,2.8257,-0.0002,0.0,0.0028,0.0,ident_20250910_062433.csv
0.051,2.8256,-0.0018,0.0,0.0028,0.0,ident_20250910_062433.csv
0.051,2.8255,0.0005,0.0,0.0028,0.0,ident_20250910_062433.csv
0.051,2.8256,-0.0021,0.0,0.0028,0.0,ident_20250910_062433.csv
0.051,2.8255,-0.0019,0.0,0.0028,0.0,ident_20250910_062433.csv
0.051,2.8255,-0.0009,0.0,0.0028,0.0,ident_20250910_062433.csv
0.051,2.8255,-0.0014,0.0,0.0028,0.0,ident_20250910_062433.csv
0.051,2.8254,-0.0002,0.0,0.0028,0.0,ident_20250910_062433.csv
0.051,2.8255,0.0007,0.0,0.0028,0.0,ident_20250910_062433.csv
0.051,2.8255,-0.0011,0.0,0.0028,0.0,ident_20250910_062433.csv
0.051,2.8255,-0.0002,0.0,0.0028,0.0,ident_20250910_062433.csv
0.052,2.8255,-0.0023,0.0,0.0028,0.0,ident_20250910_062433.csv
0.05,2.8254,-0.0033,0.0,0.0028,0.0,ident_20250910_062433.csv
0.051,2.8254,-0.0029,0.0,0.0028,0.0,ident_20250910_062433.csv
0.051,2.8254,0.0019,0.0,0.0028,0.0,ident_20250910_062433.csv
0.051,2.8254,-0.0007,0.0,0.0028,0.0,ident_20250910_062433.csv
0.051,2.8254,0.0015,0.0,0.0028,0.0,ident_20250910_062433.csv
0.051,2.8254,0.0017,0.0,0.0028,0.0,ident_20250910_062433.csv
0.051,2.8255,0.0007,0.0,0.0028,0.0,ident_20250910_062433.csv
0.051,2.8254,0.0009,0.0,0.0028,0.0,ident_20250910_062433.csv
0.051,2.8255,-0.003,0.0,0.0028,0.0,ident_20250910_062433.csv
0.051,2.8254,-0.0027,0.0,0.0028,0.0,ident_20250910_062433.csv
0.051,2.8254,-0.0034,0.0,0.0028,0.0,ident_20250910_062433.csv
0.051,2.8255,-0.0014,0.0,0.0028,0.0,ident_20250910_062433.csv
0.051,2.8256,-0.0003,0.0,0.0028,0.0,ident_20250910_062433.csv
0.051,2.8255,0.0007,0.0,0.0028,0.0,ident_20250910_062433.csv
0.051,2.8255,-0.0013,0.0,0.0028,0.0,ident_20250910_062433.csv
0.051,2.8255,0.0003,0.0,0.0028,0.0,ident_20250910_062433.csv
0.051,2.8255,-0.0003,0.0,0.0028,0.0,ident_20250910_062433.csv
0.051,2.8255,-0.0014,0.0,0.0028,0.0,ident_20250910_062433.csv
0.051,2.8255,0.0002,0.0,0.0028,0.0,ident_20250910_062433.csv
0.051,2.8254,-0.0021,0.0,0.0028,0.0,ident_20250910_062433.csv
0.051,2.8254,-0.0002,0.0,0.0028,0.0,ident_20250910_062433.csv
0.051,2.8255,-0.0022,0.0,0.0028,0.0,ident_20250910_062433.csv
0.051,2.8254,-0.0011,0.0,0.0028,0.0,ident_20250910_062433.csv
0.051,2.8254,-0.0023,0.0,0.0028,0.0,ident_20250910_062433.csv
0.051,2.8255,-0.0001,0.0,0.0028,0.0,ident_20250910_062433.csv
0.051,2.8255,-0.0015,0.0,0.0028,0.0,ident_20250910_062433.csv
0.051,2.8256,-0.0009,0.0,0.0028,0.0,ident_20250910_062433.csv
0.051,2.8256,0.0001,0.0,0.0028,0.0,ident_20250910_062433.csv
0.051,2.8256,0.0014,0.0,0.0028,0.0,ident_20250910_062433.csv
0.051,2.8256,-0.0018,0.0,0.0028,0.0,ident_20250910_062433.csv
0.051,2.8256,0.0011,0.0,0.0028,0.0,ident_20250910_062433.csv
0.051,2.8257,0.0002,0.0,0.0028,0.0,ident_20250910_062433.csv
0.051,2.8256,0.0017,0.0,0.0028,0.0,ident_20250910_062433.csv
0.051,2.8255,0.0006,0.0,0.0028,0.0,ident_20250910_062433.csv
0.051,2.8255,-0.0041,0.0,0.0028,0.0,ident_20250910_062433.csv
0.051,2.8255,-0.0011,0.0,0.0028,0.0,ident_20250910_062433.csv
0.051,2.8255,-0.0011,0.0,0.0028,0.0,ident_20250910_062433.csv
0.051,2.8254,0.0003,0.0,0.0028,0.0,ident_20250910_062433.csv
0.051,2.8255,0.0003,0.0,0.0028,0.0,ident_20250910_062433.csv
0.051,2.8256,-0.0026,0.0,0.0028,0.0,ident_20250910_062433.csv
0.051,2.8256,-0.0011,0.0,0.0028,0.0,ident_20250910_062433.csv
0.051,2.8255,-0.0022,0.0,0.0028,0.0,ident_20250910_062433.csv
0.051,2.8254,-0.0037,0.0,0.0028,0.0,ident_20250910_062433.csv
0.051,2.8254,0.0017,0.0,0.0028,0.0,ident_20250910_062433.csv
0.051,2.8253,-0.0013,0.0,0.0028,0.0,ident_20250910_062433.csv
0.051,2.8254,-0.001,0.0,0.0028,0.0,ident_20250910_062433.csv
0.051,2.8255,0.0022,0.0,0.0028,0.0,ident_20250910_062433.csv
0.051,2.8143,-0.0327,-20.0,0.0009,-0.0638,ident_20250910_062433.csv
0.051,2.7939,-0.2135,-20.0,-0.007,-0.1914,ident_20250910_062433.csv
0.052,2.7697,-0.3605,-20.0,-0.0193,-0.2553,ident_20250910_062433.csv
0.051,2.7459,-0.4224,-20.0,-0.0337,-0.3191,ident_20250910_062433.csv
0.051,2.7269,-0.3362,-20.0,-0.049,-0.2553,ident_20250910_062433.csv
0.052,2.7169,-0.1945,-20.0,-0.0652,-0.2552,ident_20250910_062433.csv
0.051,2.7361,0.1535,0.0,-0.0766,-0.3829,ident_20250910_062433.csv
0.051,2.7778,0.2693,0.0,-0.0812,0.0,ident_20250910_062433.csv
0.051,2.8024,0.4164,0.0,-0.0817,0.0,ident_20250910_062433.csv
0.051,2.8219,0.4129,0.0,-0.0817,0.0,ident_20250910_062433.csv
0.051,2.8355,0.217,0.0,-0.0817,0.0,ident_20250910_062433.csv
0.051,2.8361,-0.0462,0.0,-0.0817,0.0,ident_20250910_062433.csv
0.051,2.825,-0.2579,0.0,-0.0817,0.0,ident_20250910_062433.csv
0.051,2.809,-0.3174,0.0,-0.0817,0.0,ident_20250910_062433.csv
0.051,2.7948,-0.2235,0.0,-0.0817,0.0,ident_20250910_062433.csv
0.051,2.7894,-0.0283,0.0,-0.0817,0.0,ident_20250910_062433.csv
0.052,2.7941,0.1519,0.0,-0.0817,0.0,ident_20250910_062433.csv
0.051,2.8041,0.2228,0.0,-0.0817,0.0,ident_20250910_062433.csv
0.051,2.8131,0.1677,0.0,-0.0817,0.0,ident_20250910_062433.csv
0.051,2.8168,0.0367,0.0,-0.0817,0.0,ident_20250910_062433.csv
0.051,2.8133,-0.0948,0.0,-0.0817,0.0,ident_20250910_062433.csv
0.051,2.8057,-0.1484,0.0,-0.0817,0.0,ident_20250910_062433.csv
0.051,2.7988,-0.1154,0.0,-0.0817,0.0,ident_20250910_062433.csv
0.051,2.7958,-0.0185,0.0,-0.0817,0.0,ident_20250910_062433.csv
0.051,2.7976,0.0665,0.0,-0.0817,0.0,ident_20250910_062433.csv
0.051,2.8021,0.0963,0.0,-0.0817,0.0,ident_20250910_062433.csv
0.051,2.8054,0.062,0.0,-0.0817,0.0,ident_20250910_062433.csv
0.051,2.806,0.0001,0.0,-0.0817,0.0,ident_20250910_062433.csv
0.051,2.8037,-0.0579,0.0,-0.0817,0.0,ident_20250910_062433.csv
0.051,2.8005,-0.0602,0.0,-0.0817,0.0,ident_20250910_062433.csv
0.051,2.7984,-0.019,0.0,-0.0817,0.0,ident_20250910_062433.csv
0.051,2.7987,0.0238,0.0,-0.0817,0.0,ident_20250910_062433.csv
0.051,2.8005,0.04,0.0,-0.0817,0.0,ident_20250910_062433.csv
0.051,2.8018,0.0274,0.0,-0.0817,0.0,ident_20250910_062433.csv
0.051,2.8019,-0.0083,0.0,-0.0817,0.0,ident_20250910_062433.csv
0.051,2.8006,-0.0248,0.0,-0.0817,0.0,ident_20250910_062433.csv
0.051,2.7991,-0.0209,0.0,-0.0817,0.0,ident_20250910_062433.csv
0.051,2.7987,-0.0009,0.0,-0.0817,0.0,ident_20250910_062433.csv
0.051,2.7993,0.0159,0.0,-0.0817,0.0,ident_20250910_062433.csv
0.051,2.8003,0.0167,0.0,-0.0817,0.0,ident_20250910_062433.csv
0.051,2.8004,0.0014,0.0,-0.0817,0.0,ident_20250910_062433.csv
0.051,2.7999,-0.0126,0.0,-0.0817,0.0,ident_20250910_062433.csv
0.051,2.799,-0.0125,0.0,-0.0817,0.0,ident_20250910_062433.csv
0.051,2.7985,-0.0007,0.0,-0.0817,0.0,ident_20250910_062433.csv
0.051,2.7987,0.0071,0.0,-0.0817,0.0,ident_20250910_062433.csv
0.051,2.7993,0.0093,0.0,-0.0817,0.0,ident_20250910_062433.csv
0.051,2.7995,0.0021,0.0,-0.0817,0.0,ident_20250910_062433.csv
0.051,2.7993,-0.0046,0.0,-0.0817,0.0,ident_20250910_062433.csv
0.051,2.7988,-0.0078,0.0,-0.0817,0.0,ident_20250910_062433.csv
0.051,2.7986,-0.0025,0.0,-0.0817,0.0,ident_20250910_062433.csv
0.051,2.7987,0.0066,0.0,-0.0817,0.0,ident_20250910_062433.csv
0.051,2.7991,0.0051,0.0,-0.0817,0.0,ident_20250910_062433.csv
0.051,2.7992,0.0006,0.0,-0.0817,0.0,ident_20250910_062433.csv
0.051,2.7989,-0.0018,0.0,-0.0817,0.0,ident_20250910_062433.csv
0.051,2.7986,-0.0033,0.0,-0.0817,0.0,ident_20250910_062433.csv
0.051,2.7985,-0.0019,0.0,-0.0817,0.0,ident_20250910_062433.csv
0.051,2.7986,0.0038,0.0,-0.0817,0.0,ident_20250910_062433.csv
0.051,2.7988,0.0007,0.0,-0.0817,0.0,ident_20250910_062433.csv
0.051,2.7988,-0.0026,0.0,-0.0817,0.0,ident_20250910_062433.csv
0.051,2.7987,-0.0025,0.0,-0.0817,0.0,ident_20250910_062433.csv
0.051,2.7986,-0.0007,0.0,-0.0817,0.0,ident_20250910_062433.csv
0.051,2.7985,-0.0013,0.0,-0.0817,0.0,ident_20250910_062433.csv
0.051,2.7987,0.0009,0.0,-0.0817,0.0,ident_20250910_062433.csv
0.051,2.7986,0.0014,0.0,-0.0817,0.0,ident_20250910_062433.csv
0.051,2.7985,-0.0014,0.0,-0.0817,0.0,ident_20250910_062433.csv
0.051,2.7985,-0.003,0.0,-0.0817,0.0,ident_20250910_062433.csv
0.051,2.7985,0.0009,0.0,-0.0817,0.0,ident_20250910_062433.csv
0.051,2.7985,0.0014,0.0,-0.0817,0.0,ident_20250910_062433.csv
0.051,2.7985,0.0015,0.0,-0.0817,0.0,ident_20250910_062433.csv
0.051,2.7985,0.0009,0.0,-0.0817,0.0,ident_20250910_062433.csv
0.051,2.7985,-0.0014,0.0,-0.0817,0.0,ident_20250910_062433.csv
0.051,2.7985,-0.0009,0.0,-0.0817,0.0,ident_20250910_062433.csv
0.051,2.7986,0.0011,0.0,-0.0817,0.0,ident_20250910_062433.csv
0.051,2.7986,0.0031,0.0,-0.0817,0.0,ident_20250910_062433.csv
0.051,2.7986,-0.0023,0.0,-0.0817,0.0,ident_20250910_062433.csv
0.051,2.7986,-0.0009,0.0,-0.0817,0.0,ident_20250910_062433.csv
0.051,2.7985,0.0007,0.0,-0.0817,0.0,ident_20250910_062433.csv
0.051,2.7985,0.0019,0.0,-0.0817,0.0,ident_20250910_062433.csv
0.051,2.7986,0.0007,0.0,-0.0817,0.0,ident_20250910_062433.csv
0.051,2.7987,-0.0006,0.0,-0.0817,0.0,ident_20250910_062433.csv
0.051,2.7987,0.0002,0.0,-0.0817,0.0,ident_20250910_062433.csv
0.051,2.7986,-0.0027,0.0,-0.0817,0.0,ident_20250910_062433.csv
0.051,2.7985,-0.0011,0.0,-0.0817,0.0,ident_20250910_062433.csv
0.051,2.7985,0.0007,0.0,-0.0817,0.0,ident_20250910_062433.csv
0.051,2.7987,-0.0005,0.0,-0.0817,0.0,ident_20250910_062433.csv
0.051,2.7986,-0.003,0.0,-0.0817,0.0,ident_20250910_062433.csv
0.051,2.7986,0.0005,0.0,-0.0817,0.0,ident_20250910_062433.csv
0.051,2.7986,-0.0002,0.0,-0.0817,0.0,ident_20250910_062433.csv
0.051,2.7988,-0.0023,0.0,-0.0817,0.0,ident_20250910_062433.csv
0.051,2.7987,0.0007,0.0,-0.0817,0.0,ident_20250910_062433.csv
0.051,2.7986,-0.0035,0.0,-0.0817,0.0,ident_20250910_062433.csv
0.051,2.7987,-0.0017,0.0,-0.0817,0.0,ident_20250910_062433.csv
0.051,2.7987,-0.0017,0.0,-0.0817,0.0,ident_20250910_062433.csv
0.051,2.7987,0.003,0.0,-0.0817,0.0,ident_20250910_062433.csv
0.051,2.7987,0.001,0.0,-0.0817,0.0,ident_20250910_062433.csv
0.051,2.7988,-0.0009,0.0,-0.0817,0.0,ident_20250910_062433.csv
0.051,2.7988,0.0018,0.0,-0.0817,0.0,ident_20250910_062433.csv
0.051,2.7988,0.0001,0.0,-0.0817,0.0,ident_20250910_062433.csv
0.051,2.7988,0.0011,0.0,-0.0817,0.0,ident_20250910_062433.csv
0.051,2.7988,-0.0026,0.0,-0.0817,0.0,ident_20250910_062433.csv
0.051,2.7988,-0.0009,0.0,-0.0817,0.0,ident_20250910_062433.csv
0.051,2.7989,-0.0015,0.0,-0.0817,0.0,ident_20250910_062433.csv
0.051,2.7989,-0.0011,0.0,-0.0817,0.0,ident_20250910_062433.csv
0.051,2.7989,0.0005,0.0,-0.0817,0.0,ident_20250910_062433.csv
0.051,2.7988,-0.0022,0.0,-0.0817,0.0,ident_20250910_062433.csv
0.051,2.7988,0.0013,0.0,-0.0817,0.0,ident_20250910_062433.csv
0.051,2.7987,0.0018,0.0,-0.0817,0.0,ident_20250910_062433.csv
0.051,2.7988,0.0006,0.0,-0.0817,0.0,ident_20250910_062433.csv
0.051,2.7988,-0.0015,0.0,-0.0817,0.0,ident_20250910_062433.csv
0.051,2.7989,0.0005,0.0,-0.0817,0.0,ident_20250910_062433.csv
0.051,2.7988,0.0001,0.0,-0.0817,0.0,ident_20250910_062433.csv
0.051,2.7988,-0.0021,0.0,-0.0817,0.0,ident_20250910_062433.csv
0.051,2.7988,-0.0018,0.0,-0.0817,0.0,ident_20250910_062433.csv
0.051,2.7987,-0.0021,0.0,-0.0817,0.0,ident_20250910_062433.csv
0.051,2.7987,-0.001,0.0,-0.0817,0.0,ident_20250910_062433.csv
0.051,2.7987,0.0022,0.0,-0.0817,0.0,ident_20250910_062433.csv
0.051,2.7986,-0.0005,0.0,-0.0817,0.0,ident_20250910_062433.csv
0.051,2.7986,-0.0014,0.0,-0.0817,0.0,ident_20250910_062433.csv
0.051,2.7986,0.0013,0.0,-0.0817,0.0,ident_20250910_062433.csv
0.051,2.7986,-0.0019,0.0,-0.0817,0.0,ident_20250910_062433.csv
0.051,2.7986,-0.0002,0.0,-0.0817,0.0,ident_20250910_062433.csv
0.051,2.7985,0.0013,0.0,-0.0817,0.0,ident_20250910_062433.csv
0.051,2.7985,0.0027,0.0,-0.0817,0.0,ident_20250910_062433.csv
0.051,2.7986,0.0013,0.0,-0.0817,0.0,ident_20250910_062433.csv
0.051,2.7985,-0.0029,0.0,-0.0817,0.0,ident_20250910_062433.csv
0.052,2.7985,0.0002,0.0,-0.0817,0.0,ident_20250910_062433.csv
0.051,2.7986,0.0001,0.0,-0.0817,0.0,ident_20250910_062433.csv
0.051,2.7986,0.0027,0.0,-0.0817,0.0,ident_20250910_062433.csv
0.051,2.7986,-0.0006,0.0,-0.0817,0.0,ident_20250910_062433.csv
0.051,2.7987,-0.0018,0.0,-0.0817,0.0,ident_20250910_062433.csv
0.051,2.7987,-0.0006,0.0,-0.0817,0.0,ident_20250910_062433.csv
0.051,2.7986,-0.0002,0.0,-0.0817,0.0,ident_20250910_062433.csv
0.05,2.7987,-0.0018,0.0,-0.0817,0.0,ident_20250910_062433.csv
0.052,2.7986,-0.0003,0.0,-0.0817,0.0,ident_20250910_062433.csv
0.051,2.7987,0.0001,0.0,-0.0817,0.0,ident_20250910_062433.csv
0.051,2.7988,-0.0007,0.0,-0.0817,0.0,ident_20250910_062433.csv
0.051,2.7989,-0.0001,0.0,-0.0817,0.0,ident_20250910_062433.csv
0.051,2.7989,0.0001,0.0,-0.0817,0.0,ident_20250910_062433.csv
0.051,2.7988,0.0015,0.0,-0.0817,0.0,ident_20250910_062433.csv
0.05,2.7988,0.0007,0.0,-0.0817,0.0,ident_20250910_062433.csv
0.051,2.7988,0.0021,0.0,-0.0817,0.0,ident_20250910_062433.csv
0.052,2.7988,-0.0021,0.0,-0.0817,0.0,ident_20250910_062433.csv
0.051,2.7988,-0.0022,0.0,-0.0817,0.0,ident_20250910_062433.csv
0.051,2.7988,0.0009,0.0,-0.0817,0.0,ident_20250910_062433.csv
0.051,2.7988,-0.0005,0.0,-0.0817,0.0,ident_20250910_062433.csv
0.051,2.7988,0.0014,0.0,-0.0817,0.0,ident_20250910_062433.csv
0.051,2.7988,0.0006,0.0,-0.0817,0.0,ident_20250910_062433.csv
0.051,2.7987,-0.0014,0.0,-0.0817,0.0,ident_20250910_062433.csv
0.05,2.7986,-0.0006,0.0,-0.0817,0.0,ident_20250910_062433.csv
0.052,2.7986,0.0005,0.0,-0.0817,0.0,ident_20250910_062433.csv
0.051,2.7986,-0.0013,0.0,-0.0817,0.0,ident_20250910_062433.csv
0.051,2.7987,-0.0027,0.0,-0.0817,0.0,ident_20250910_062433.csv
0.05,2.7988,0.0011,0.0,-0.0817,0.0,ident_20250910_062433.csv
0.052,2.7988,-0.0006,0.0,-0.0817,0.0,ident_20250910_062433.csv
0.05,2.7987,0.0009,0.0,-0.0817,0.0,ident_20250910_062433.csv
0.051,2.7988,0.0014,0.0,-0.0817,0.0,ident_20250910_062433.csv
0.051,2.7988,0.0011,0.0,-0.0817,0.0,ident_20250910_062433.csv
0.051,2.7988,0.0001,0.0,-0.0817,0.0,ident_20250910_062433.csv
0.051,2.7987,-0.0014,0.0,-0.0817,0.0,ident_20250910_062433.csv
0.051,2.7988,-0.0005,0.0,-0.0817,0.0,ident_20250910_062433.csv
0.052,2.7988,-0.001,0.0,-0.0817,0.0,ident_20250910_062433.csv
0.05,2.7988,-0.0014,0.0,-0.0817,0.0,ident_20250910_062433.csv
0.051,2.7988,0.0014,0.0,-0.0817,0.0,ident_20250910_062433.csv
0.051,2.7989,0.001,0.0,-0.0817,0.0,ident_20250910_062433.csv
0.051,2.7989,-0.0018,0.0,-0.0817,0.0,ident_20250910_062433.csv
0.051,2.7989,0.0027,0.0,-0.0817,0.0,ident_20250910_062433.csv
0.052,2.7989,-0.0017,0.0,-0.0817,0.0,ident_20250910_062433.csv
0.05,2.799,0.0017,0.0,-0.0817,0.0,ident_20250910_062433.csv
0.052,2.7991,-0.001,0.0,-0.0817,0.0,ident_20250910_062433.csv
0.051,2.7991,0.0013,0.0,-0.0817,0.0,ident_20250910_062433.csv
0.051,2.799,-0.001,0.0,-0.0817,0.0,ident_20250910_062433.csv
0.051,2.7991,-0.0015,0.0,-0.0817,0.0,ident_20250910_062433.csv
0.051,2.7991,-0.001,0.0,-0.0817,0.0,ident_20250910_062433.csv
0.051,2.799,0.0002,0.0,-0.0817,0.0,ident_20250910_062433.csv
0.051,2.7989,-0.0006,0.0,-0.0817,0.0,ident_20250910_062433.csv
0.051,2.7989,0.0019,0.0,-0.0817,0.0,ident_20250910_062433.csv
0.051,2.7989,0.0026,0.0,-0.0817,0.0,ident_20250910_062433.csv
0.051,2.799,-0.0007,0.0,-0.0817,0.0,ident_20250910_062433.csv
0.051,2.7989,-0.0025,0.0,-0.0817,0.0,ident_20250910_062433.csv
0.051,2.799,-0.0017,0.0,-0.0817,0.0,ident_20250910_062433.csv
0.051,2.7991,0.001,0.0,-0.0817,0.0,ident_20250910_062433.csv
0.051,2.7991,0.0013,0.0,-0.0817,0.0,ident_20250910_062433.csv
0.051,2.799,-0.0026,0.0,-0.0817,0.0,ident_20250910_062433.csv
0.051,2.799,-0.0015,0.0,-0.0817,0.0,ident_20250910_062433.csv
0.051,2.799,0.0042,0.0,-0.0817,0.0,ident_20250910_062433.csv
0.051,2.7989,-0.0009,0.0,-0.0817,0.0,ident_20250910_062433.csv
0.05,2.799,0.0007,0.0,-0.0817,0.0,ident_20250910_062433.csv
0.052,2.799,-0.0011,0.0,-0.0817,0.0,ident_20250910_062433.csv
0.051,2.799,0.0023,0.0,-0.0817,0.0,ident_20250910_062433.csv
0.051,2.799,-0.0006,0.0,-0.0817,0.0,ident_20250910_062433.csv
0.051,2.7989,-0.0023,0.0,-0.0817,0.0,ident_20250910_062433.csv
0.051,2.7989,-0.0003,0.0,-0.0817,0.0,ident_20250910_062433.csv
0.051,2.7989,-0.0029,0.0,-0.0817,0.0,ident_20250910_062433.csv
0.051,2.7989,-0.001,0.0,-0.0817,0.0,ident_20250910_062433.csv
0.051,2.7989,-0.0014,0.0,-0.0817,0.0,ident_20250910_062433.csv
0.051,2.7988,0.0005,0.0,-0.0817,0.0,ident_20250910_062433.csv
0.051,2.7989,-0.0007,0.0,-0.0817,0.0,ident_20250910_062433.csv
0.051,2.7988,0.0029,0.0,-0.0817,0.0,ident_20250910_062433.csv
0.051,2.7989,-0.0001,0.0,-0.0817,0.0,ident_20250910_062433.csv
0.051,2.799,0.0046,0.0,-0.0817,0.0,ident_20250910_062433.csv
0.051,2.799,0.0003,0.0,-0.0817,0.0,ident_20250910_062433.csv
0.051,2.7991,-0.001,0.0,-0.0817,0.0,ident_20250910_062433.csv
0.051,2.8141,0.0119,20.0,-0.0793,0.0,ident_20250910_062433.csv
0.051,2.8376,0.2605,20.0,-0.0712,0.1914,ident_20250910_062433.csv
0.051,2.8619,0.3429,20.0,-0.0593,0.2553,ident_20250910_062433.csv
0.052,2.8789,0.2581,20.0,-0.0449,0.3191,ident_20250910_062433.csv
0.051,2.8854,0.0669,20.0,-0.03,0.3829,ident_20250910_062433.csv
0.051,2.8811,-0.0887,20.0,-0.0137,0.3191,ident_20250910_062433.csv
0.052,2.8522,-0.1938,0.0,-0.0024,0.0638,ident_20250910_062433.csv
0.051,2.8253,-0.0884,0.0,0.0022,0.0,ident_20250910_062433.csv
0.051,2.8156,-0.0518,0.0,0.0023,0.0,ident_20250910_062433.csv
0.051,2.813,-0.1036,0.0,0.002,0.0,ident_20250910_062433.csv
0.051,2.81,-0.0973,0.0,0.002,0.0,ident_20250910_062433.csv
0.051,2.8079,-0.025,0.0,0.002,0.0,ident_20250910_062433.csv
0.051,2.8101,0.0492,0.0,0.002,0.0,ident_20250910_062433.csv
0.051,2.8147,0.0879,0.0,0.002,0.0,ident_20250910_062433.csv
0.051,2.8196,0.0812,0.0,0.002,0.0,ident_20250910_062433.csv
0.051,2.8227,0.035,0.0,0.002,0.0,ident_20250910_062433.csv
0.051,2.8228,-0.0235,0.0,0.002,0.0,ident_20250910_062433.csv
0.051,2.8207,-0.0568,0.0,0.002,0.0,ident_20250910_062433.csv
0.051,2.8181,-0.0563,0.0,0.002,0.0,ident_20250910_062433.csv
0.051,2.8167,-0.0247,0.0,0.002,0.0,ident_20250910_062433.csv
0.051,2.8171,0.0154,0.0,0.002,0.0,ident_20250910_062433.csv
0.051,2.8191,0.0404,0.0,0.002,0.0,ident_20250910_062433.csv
0.051,2.8213,0.0408,0.0,0.002,0.0,ident_20250910_062433.csv
0.051,2.8227,0.0126,0.0,0.002,0.0,ident_20250910_062433.csv
0.051,2.8227,-0.0123,0.0,0.002,0.0,ident_20250910_062433.csv
0.051,2.8216,-0.0299,0.0,0.002,0.0,ident_20250910_062433.csv
0.051,2.8204,-0.0243,0.0,0.002,0.0,ident_20250910_062433.csv
0.051,2.82,-0.0082,0.0,0.002,0.0,ident_20250910_062433.csv
0.051,2.8205,0.0122,0.0,0.002,0.0,ident_20250910_062433.csv
0.051,2.8217,0.0204,0.0,0.002,0.0,ident_20250910_062433.csv
0.051,2.8227,0.013,0.0,0.002,0.0,ident_20250910_062433.csv
0.051,2.823,-0.0027,0.0,0.002,0.0,ident_20250910_062433.csv
0.051,2.8226,-0.0127,0.0,0.002,0.0,ident_20250910_062433.csv
0.051,2.8218,-0.0165,0.0,0.002,0.0,ident_20250910_062433.csv
0.05,2.8216,-0.0057,0.0,0.002,0.0,ident_20250910_062433.csv
0.052,2.8219,0.0042,0.0,0.002,0.0,ident_20250910_062433.csv
0.051,2.8226,0.0085,0.0,0.002,0.0,ident_20250910_062433.csv
0.051,2.8231,0.0065,0.0,0.002,0.0,ident_20250910_062433.csv
0.051,2.8233,-0.0034,0.0,0.002,0.0,ident_20250910_062433.csv
0.05,2.823,-0.0077,0.0,0.002,0.0,ident_20250910_062433.csv
0.051,2.8227,-0.0043,0.0,0.002,0.0,ident_20250910_062433.csv
0.051,2.8227,0.0014,0.0,0.002,0.0,ident_20250910_062433.csv
0.051,2.8228,0.0063,0.0,0.002,0.0,ident_20250910_062433.csv
0.052,2.8231,0.0039,0.0,0.002,0.0,ident_20250910_062433.csv
0.051,2.8234,0.0017,0.0,0.002,0.0,ident_20250910_062433.csv
0.05,2.8232,-0.0027,0.0,0.002,0.0,ident_20250910_062433.csv
0.052,2.8231,-0.0073,0.0,0.002,0.0,ident_20250910_062433.csv
0.05,2.8229,-0.0033,0.0,0.002,0.0,ident_20250910_062433.csv
0.051,2.823,0.0011,0.0,0.002,0.0,ident_20250910_062433.csv
0.051,2.8232,0.0029,0.0,0.002,0.0,ident_20250910_062433.csv
0.051,2.8232,0.0009,0.0,0.002,0.0,ident_20250910_062433.csv
0.051,2.8232,-0.0029,0.0,0.002,0.0,ident_20250910_062433.csv
0.052,2.8231,-0.0051,0.0,0.002,0.0,ident_20250910_062433.csv
0.051,2.8228,-0.0018,0.0,0.002,0.0,ident_20250910_062433.csv
0.05,2.8228,0.0025,0.0,0.002,0.0,ident_20250910_062433.csv
0.052,2.823,0.0018,0.0,0.002,0.0,ident_20250910_062433.csv
0.05,2.8231,0.0015,0.0,0.002,0.0,ident_20250910_062433.csv
0.051,2.8232,-0.0039,0.0,0.002,0.0,ident_20250910_062433.csv
0.051,2.8232,-0.0015,0.0,0.002,0.0,ident_20250910_062433.csv
0.051,2.8232,-0.0002,0.0,0.002,0.0,ident_20250910_062433.csv
0.051,2.8231,0.0027,0.0,0.002,0.0,ident_20250910_062433.csv
0.052,2.8231,0.0014,0.0,0.002,0.0,ident_20250910_062433.csv
0.05,2.8232,0.0005,0.0,0.002,0.0,ident_20250910_062433.csv
0.051,2.8233,0.0002,0.0,0.002,0.0,ident_20250910_062433.csv
0.052,2.8233,-0.0025,0.0,0.002,0.0,ident_20250910_062433.csv
0.05,2.8234,-0.0018,0.0,0.002,0.0,ident_20250910_062433.csv
0.051,2.8234,0.0006,0.0,0.002,0.0,ident_20250910_062433.csv
0.051,2.8233,-0.0025,0.0,0.002,0.0,ident_20250910_062433.csv
0.052,2.8233,-0.0013,0.0,0.002,0.0,ident_20250910_062433.csv
0.05,2.8233,-0.0019,0.0,0.002,0.0,ident_20250910_062433.csv
0.051,2.8233,-0.0006,0.0,0.002,0.0,ident_20250910_062433.csv
0.051,2.8233,-0.0009,0.0,0.002,0.0,ident_20250910_062433.csv
0.051,2.8232,0.0009,0.0,0.002,0.0,ident_20250910_062433.csv
0.052,2.8232,-0.0006,0.0,0.002,0.0,ident_20250910_062433.csv
0.051,2.8232,-0.0013,0.0,0.002,0.0,ident_20250910_062433.csv
0.051,2.8231,-0.0001,0.0,0.002,0.0,ident_20250910_062433.csv
0.051,2.8231,0.0009,0.0,0.002,0.0,ident_20250910_062433.csv
0.051,2.8231,0.0007,0.0,0.002,0.0,ident_20250910_062433.csv
0.051,2.8231,-0.0002,0.0,0.002,0.0,ident_20250910_062433.csv
0.051,2.8231,0.0002,0.0,0.002,0.0,ident_20250910_062433.csv
0.051,2.8231,-0.0006,0.0,0.002,0.0,ident_20250910_062433.csv
0.051,2.8232,-0.0009,0.0,0.002,0.0,ident_20250910_062433.csv
0.051,2.823,-0.0017,0.0,0.002,0.0,ident_20250910_062433.csv
0.051,2.823,-0.0035,0.0,0.002,0.0,ident_20250910_062433.csv
0.051,2.823,-0.0003,0.0,0.002,0.0,ident_20250910_062433.csv
0.051,2.823,-0.0007,0.0,0.002,0.0,ident_20250910_062433.csv
0.051,2.8231,-0.003,0.0,0.002,0.0,ident_20250910_062433.csv
0.051,2.823,-0.0035,0.0,0.002,0.0,ident_20250910_062433.csv
0.051,2.823,0.0002,0.0,0.002,0.0,ident_20250910_062433.csv
0.051,2.8231,0.0001,0.0,0.002,0.0,ident_20250910_062433.csv
0.051,2.8232,-0.0025,0.0,0.002,0.0,ident_20250910_062433.csv
0.051,2.8232,-0.0027,0.0,0.002,0.0,ident_20250910_062433.csv
0.051,2.8232,0.0003,0.0,0.002,0.0,ident_20250910_062433.csv
0.051,2.8232,-0.0017,0.0,0.002,0.0,ident_20250910_062433.csv
0.051,2.8233,0.0003,0.0,0.002,0.0,ident_20250910_062433.csv
0.051,2.8232,-0.0023,0.0,0.002,0.0,ident_20250910_062433.csv
0.05,2.8233,-0.0006,0.0,0.002,0.0,ident_20250910_062433.csv
0.051,2.8231,-0.0015,0.0,0.002,0.0,ident_20250910_062433.csv
0.051,2.8231,-0.0014,0.0,0.002,0.0,ident_20250910_062433.csv
0.051,2.8232,0.0025,0.0,0.002,0.0,ident_20250910_062433.csv
0.051,2.8231,-0.0013,0.0,0.002,0.0,ident_20250910_062433.csv
0.051,2.8231,-0.0002,0.0,0.002,0.0,ident_20250910_062433.csv
0.051,2.8232,-0.001,0.0,0.002,0.0,ident_20250910_062433.csv
0.051,2.8232,-0.0026,0.0,0.002,0.0,ident_20250910_062433.csv
0.051,2.8232,-0.0001,0.0,0.002,0.0,ident_20250910_062433.csv
0.051,2.8233,0.0009,0.0,0.002,0.0,ident_20250910_062433.csv
0.051,2.8234,-0.0011,0.0,0.002,0.0,ident_20250910_062433.csv
0.051,2.8234,-0.0031,0.0,0.002,0.0,ident_20250910_062433.csv
0.051,2.8233,-0.0002,0.0,0.002,0.0,ident_20250910_062433.csv
0.051,2.8233,-0.0021,0.0,0.002,0.0,ident_20250910_062433.csv
0.051,2.8233,-0.0018,0.0,0.002,0.0,ident_20250910_062433.csv
0.051,2.8233,0.0003,0.0,0.002,0.0,ident_20250910_062433.csv
0.051,2.8234,-0.0015,0.0,0.002,0.0,ident_20250910_062433.csv
0.051,2.8234,-0.0007,0.0,0.002,0.0,ident_20250910_062433.csv
0.051,2.8235,0.0023,0.0,0.002,0.0,ident_20250910_062433.csv
0.051,2.8234,-0.0019,0.0,0.002,0.0,ident_20250910_062433.csv
0.051,2.8234,-0.0003,0.0,0.002,0.0,ident_20250910_062433.csv
0.051,2.8234,-0.0021,0.0,0.002,0.0,ident_20250910_062433.csv
0.051,2.8233,-0.0015,0.0,0.002,0.0,ident_20250910_062433.csv
0.051,2.8233,-0.0009,0.0,0.002,0.0,ident_20250910_062433.csv
0.051,2.8231,0.0013,0.0,0.002,0.0,ident_20250910_062433.csv
0.051,2.8231,0.0002,0.0,0.002,0.0,ident_20250910_062433.csv
0.051,2.823,-0.0007,0.0,0.002,0.0,ident_20250910_062433.csv
0.051,2.823,-0.0005,0.0,0.002,0.0,ident_20250910_062433.csv
0.051,2.8231,-0.0018,0.0,0.002,0.0,ident_20250910_062433.csv
0.051,2.8232,-0.0017,0.0,0.002,0.0,ident_20250910_062433.csv
0.051,2.8232,0.0021,0.0,0.002,0.0,ident_20250910_062433.csv
0.051,2.8233,-0.0019,0.0,0.002,0.0,ident_20250910_062433.csv
0.051,2.8233,-0.0037,0.0,0.002,0.0,ident_20250910_062433.csv
0.051,2.8233,0.0006,0.0,0.002,0.0,ident_20250910_062433.csv
0.051,2.8232,-0.0019,0.0,0.002,0.0,ident_20250910_062433.csv
0.051,2.8233,-0.0002,0.0,0.002,0.0,ident_20250910_062433.csv
0.051,2.8233,0.0003,0.0,0.002,0.0,ident_20250910_062433.csv
0.051,2.8232,0.0013,0.0,0.002,0.0,ident_20250910_062433.csv
0.051,2.8232,-0.0005,0.0,0.002,0.0,ident_20250910_062433.csv
0.051,2.8231,0.001,0.0,0.002,0.0,ident_20250910_062433.csv
0.051,2.823,-0.0023,0.0,0.002,0.0,ident_20250910_062433.csv
0.051,2.8229,0.0001,0.0,0.002,0.0,ident_20250910_062433.csv
0.051,2.8229,0.0002,0.0,0.002,0.0,ident_20250910_062433.csv
0.052,2.8229,0.0015,0.0,0.002,0.0,ident_20250910_062433.csv
0.051,2.823,-0.0023,0.0,0.002,0.0,ident_20250910_062433.csv
0.051,2.823,-0.0011,0.0,0.002,0.0,ident_20250910_062433.csv
0.051,2.823,-0.003,0.0,0.002,0.0,ident_20250910_062433.csv
0.051,2.823,-0.0021,0.0,0.002,0.0,ident_20250910_062433.csv
0.051,2.8231,-0.0009,0.0,0.002,0.0,ident_20250910_062433.csv
0.051,2.8231,-0.0005,0.0,0.002,0.0,ident_20250910_062433.csv
0.051,2.8231,0.0018,0.0,0.002,0.0,ident_20250910_062433.csv
0.051,2.8231,-0.0002,0.0,0.002,0.0,ident_20250910_062433.csv
0.051,2.8231,-0.0011,0.0,0.002,0.0,ident_20250910_062433.csv
0.051,2.8231,-0.0018,0.0,0.002,0.0,ident_20250910_062433.csv
0.051,2.8231,0.0013,0.0,0.002,0.0,ident_20250910_062433.csv
0.051,2.8232,-0.0001,0.0,0.002,0.0,ident_20250910_062433.csv
0.051,2.8232,-0.0015,0.0,0.002,0.0,ident_20250910_062433.csv
0.051,2.8231,-0.0002,0.0,0.002,0.0,ident_20250910_062433.csv
0.051,2.8231,-0.0021,0.0,0.002,0.0,ident_20250910_062433.csv
0.051,2.8231,0.0002,0.0,0.002,0.0,ident_20250910_062433.csv
0.051,2.8231,-0.0009,0.0,0.002,0.0,ident_20250910_062433.csv
0.051,2.8231,-0.0015,0.0,0.002,0.0,ident_20250910_062433.csv
0.05,2.8231,-0.0002,0.0,0.002,0.0,ident_20250910_062433.csv
0.052,2.8231,0.0009,0.0,0.002,0.0,ident_20250910_062433.csv
0.051,2.8231,0.0011,0.0,0.002,0.0,ident_20250910_062433.csv
0.051,2.8231,0.0001,0.0,0.002,0.0,ident_20250910_062433.csv
0.051,2.823,0.0001,0.0,0.002,0.0,ident_20250910_062433.csv
0.051,2.823,-0.0022,0.0,0.002,0.0,ident_20250910_062433.csv
0.051,2.823,0.0005,0.0,0.002,0.0,ident_20250910_062433.csv
0.051,2.8229,0.0021,0.0,0.002,0.0,ident_20250910_062433.csv
0.051,2.8229,0.001,0.0,0.002,0.0,ident_20250910_062433.csv
0.051,2.823,0.0005,0.0,0.002,0.0,ident_20250910_062433.csv
0.051,2.823,0.0005,0.0,0.002,0.0,ident_20250910_062433.csv
0.051,2.8232,0.0041,0.0,0.002,0.0,ident_20250910_062433.csv
0.051,2.8232,0.0022,0.0,0.002,0.0,ident_20250910_062433.csv
0.051,2.8233,-0.0018,0.0,0.002,0.0,ident_20250910_062433.csv
0.051,2.8233,-0.0011,0.0,0.002,0.0,ident_20250910_062433.csv
0.051,2.8233,0.0006,0.0,0.002,0.0,ident_20250910_062433.csv
0.051,2.8233,-0.0034,0.0,0.002,0.0,ident_20250910_062433.csv
0.051,2.8232,0.0009,0.0,0.002,0.0,ident_20250910_062433.csv
0.051,2.8232,0.0013,0.0,0.002,0.0,ident_20250910_062433.csv
0.051,2.8232,-0.0029,0.0,0.002,0.0,ident_20250910_062433.csv
0.051,2.8232,0.0039,0.0,0.002,0.0,ident_20250910_062433.csv
0.051,2.8232,0.0006,0.0,0.002,0.0,ident_20250910_062433.csv
0.051,2.8232,0.001,0.0,0.002,0.0,ident_20250910_062433.csv
0.052,2.8231,0.0015,0.0,0.002,0.0,ident_20250910_062433.csv
0.05,2.8232,0.001,0.0,0.002,0.0,ident_20250910_062433.csv
0.052,2.8233,-0.0033,0.0,0.002,0.0,ident_20250910_062433.csv
0.051,2.8232,0.0009,0.0,0.002,0.0,ident_20250910_062433.csv
0.051,2.8231,-0.0019,0.0,0.002,0.0,ident_20250910_062433.csv
0.051,2.8232,-0.0022,0.0,0.002,0.0,ident_20250910_062433.csv
0.051,2.8231,-0.0026,0.0,0.002,0.0,ident_20250910_062433.csv
0.051,2.8232,-0.0015,0.0,0.002,0.0,ident_20250910_062433.csv
0.051,2.8231,-0.0017,0.0,0.002,0.0,ident_20250910_062433.csv
0.051,2.8231,-0.001,0.0,0.002,0.0,ident_20250910_062433.csv
0.051,2.8231,-0.0026,0.0,0.002,0.0,ident_20250910_062433.csv
0.051,2.8231,0.0001,0.0,0.002,0.0,ident_20250910_062433.csv
0.05,2.8231,0.0025,0.0,0.002,0.0,ident_20250910_062433.csv
0.052,2.8231,-0.0029,0.0,0.002,0.0,ident_20250910_062433.csv
0.05,2.8231,-0.0026,0.0,0.002,0.0,ident_20250910_062433.csv
0.051,2.823,0.0015,0.0,0.002,0.0,ident_20250910_062433.csv
0.051,2.823,-0.0005,0.0,0.002,0.0,ident_20250910_062433.csv
0.052,2.823,-0.0014,0.0,0.002,0.0,ident_20250910_062433.csv
0.05,2.823,-0.0014,0.0,0.002,0.0,ident_20250910_062433.csv
0.051,2.8231,0.0029,0.0,0.002,0.0,ident_20250910_062433.csv
0.052,2.8231,-0.0006,0.0,0.002,0.0,ident_20250910_062433.csv
0.051,2.8231,-0.0022,0.0,0.002,0.0,ident_20250910_062433.csv
0.05,2.823,-0.0013,0.0,0.002,0.0,ident_20250910_062433.csv
0.051,2.823,-0.0034,0.0,0.002,0.0,ident_20250910_062433.csv
0.051,2.8231,-0.0006,0.0,0.002,0.0,ident_20250910_062433.csv
0.051,2.823,-0.0003,0.0,0.002,0.0,ident_20250910_062433.csv
0.051,2.823,0.0018,0.0,0.002,0.0,ident_20250910_062433.csv
0.051,2.823,-0.0029,0.0,0.002,0.0,ident_20250910_062433.csv
0.051,2.823,0.0013,0.0,0.002,0.0,ident_20250910_062433.csv
0.051,2.823,-0.0009,0.0,0.002,0.0,ident_20250910_062433.csv
0.051,2.8229,0.0013,0.0,0.002,0.0,ident_20250910_062433.csv
0.051,2.823,-0.0014,0.0,0.002,0.0,ident_20250910_062433.csv
0.051,2.823,-0.0002,0.0,0.002,0.0,ident_20250910_062433.csv
0.051,2.823,0.0001,0.0,0.002,0.0,ident_20250910_062433.csv
0.051,2.823,-0.0037,0.0,0.002,0.0,ident_20250910_062433.csv
0.051,2.8229,-0.0002,0.0,0.002,0.0,ident_20250910_062433.csv
0.051,2.8229,-0.0002,0.0,0.002,0.0,ident_20250910_062433.csv
0.051,2.8229,0.0009,0.0,0.002,0.0,ident_20250910_062433.csv
0.051,2.8229,0.0001,0.0,0.002,0.0,ident_20250910_062433.csv
0.051,2.8228,-0.0029,0.0,0.002,0.0,ident_20250910_062433.csv
0.051,2.8228,0.0009,0.0,0.002,0.0,ident_20250910_062433.csv
0.051,2.8228,0.001,0.0,0.002,0.0,ident_20250910_062433.csv
0.051,2.8229,0.0001,0.0,0.002,0.0,ident_20250910_062433.csv
0.051,2.8229,-0.0021,0.0,0.002,0.0,ident_20250910_062433.csv
0.051,2.8229,0.0013,0.0,0.002,0.0,ident_20250910_062433.csv
0.051,2.8229,0.0006,0.0,0.002,0.0,ident_20250910_062433.csv
0.051,2.8228,0.0014,0.0,0.002,0.0,ident_20250910_062433.csv
0.051,2.8229,0.003,0.0,0.002,0.0,ident_20250910_062433.csv
0.051,2.8228,-0.0003,0.0,0.002,0.0,ident_20250910_062433.csv
0.051,2.8227,0.0025,0.0,0.002,0.0,ident_20250910_062433.csv
0.051,2.8226,0.0014,0.0,0.002,0.0,ident_20250910_062433.csv
0.051,2.8226,-0.0018,0.0,0.002,0.0,ident_20250910_062433.csv
0.051,2.8227,-0.0005,0.0,0.002,0.0,ident_20250910_062433.csv
0.051,2.8226,0.0017,0.0,0.002,0.0,ident_20250910_062433.csv
0.051,2.8226,-0.0015,0.0,0.002,0.0,ident_20250910_062433.csv
0.051,2.8226,-0.0019,0.0,0.002,0.0,ident_20250910_062433.csv
0.051,2.8226,0.0003,0.0,0.002,0.0,ident_20250910_062433.csv
0.051,2.8226,-0.0011,0.0,0.002,0.0,ident_20250910_062433.csv
0.051,2.8227,-0.0025,0.0,0.002,0.0,ident_20250910_062433.csv
0.051,2.8227,0.0003,0.0,0.002,0.0,ident_20250910_062433.csv
0.051,2.8227,-0.0035,0.0,0.002,0.0,ident_20250910_062433.csv
0.051,2.8227,-0.0011,0.0,0.002,0.0,ident_20250910_062433.csv
0.051,2.8227,0.001,0.0,0.002,0.0,ident_20250910_062433.csv
0.051,2.8227,0.0025,0.0,0.002,0.0,ident_20250910_062433.csv
0.051,2.8226,-0.0005,0.0,0.002,0.0,ident_20250910_062433.csv
0.052,2.8227,0.0014,0.0,0.002,0.0,ident_20250910_062433.csv
0.051,2.8227,0.0005,0.0,0.002,0.0,ident_20250910_062433.csv
0.051,2.8227,0.0014,0.0,0.002,0.0,ident_20250910_062433.csv
0.051,2.8227,-0.0013,0.0,0.002,0.0,ident_20250910_062433.csv
0.051,2.8227,-0.0013,0.0,0.002,0.0,ident_20250910_062433.csv
0.051,2.8227,-0.0006,0.0,0.002,0.0,ident_20250910_062433.csv
0.051,2.8227,0.0003,0.0,0.002,0.0,ident_20250910_062433.csv
0.051,2.8227,0.0002,0.0,0.002,0.0,ident_20250910_062433.csv
0.051,2.8227,-0.0031,0.0,0.002,0.0,ident_20250910_062433.csv
0.051,2.8229,-0.0022,0.0,0.002,0.0,ident_20250910_062433.csv
0.051,2.8229,0.0006,0.0,0.002,0.0,ident_20250910_062433.csv
0.051,2.8229,-0.0022,0.0,0.002,0.0,ident_20250910_062433.csv
0.051,2.8228,-0.0027,0.0,0.002,0.0,ident_20250910_062433.csv
0.051,2.8228,-0.0013,0.0,0.002,0.0,ident_20250910_062433.csv
0.051,2.8228,-0.0011,0.0,0.002,0.0,ident_20250910_062433.csv
0.051,2.8228,-0.0019,0.0,0.002,0.0,ident_20250910_062433.csv
0.051,2.8227,-0.001,0.0,0.002,0.0,ident_20250910_062433.csv
0.051,2.8227,-0.0007,0.0,0.002,0.0,ident_20250910_062433.csv
0.051,2.8227,-0.0015,0.0,0.002,0.0,ident_20250910_062433.csv
0.051,2.8228,0.0009,0.0,0.002,0.0,ident_20250910_062433.csv
0.052,2.8228,0.0013,0.0,0.002,0.0,ident_20250910_062433.csv
0.051,2.8228,-0.0001,0.0,0.002,0.0,ident_20250910_062433.csv
0.051,2.8229,-0.0019,0.0,0.002,0.0,ident_20250910_062433.csv
0.051,2.8229,0.0002,0.0,0.002,0.0,ident_20250910_062433.csv
0.05,2.8229,-0.0014,0.0,0.002,0.0,ident_20250910_062433.csv
0.052,2.8228,0.0006,0.0,0.002,0.0,ident_20250910_062433.csv
0.051,2.8227,0.0006,0.0,0.002,0.0,ident_20250910_062433.csv
0.051,2.8227,-0.0018,0.0,0.002,0.0,ident_20250910_062433.csv
0.051,2.8227,0.0017,0.0,0.002,0.0,ident_20250910_062433.csv
0.051,2.8227,0.0022,0.0,0.002,0.0,ident_20250910_062433.csv
0.051,2.8227,-0.0006,0.0,0.002,0.0,ident_20250910_062433.csv
0.05,2.8227,-0.0031,0.0,0.002,0.0,ident_20250910_062433.csv
0.052,2.8227,0.0005,0.0,0.002,0.0,ident_20250910_062433.csv
0.051,2.8227,0.0006,0.0,0.002,0.0,ident_20250910_062433.csv
0.05,2.8226,-0.0019,0.0,0.002,0.0,ident_20250910_062433.csv
0.051,2.8226,-0.0005,0.0,0.002,0.0,ident_20250910_062433.csv
0.052,2.8226,-0.0001,0.0,0.002,0.0,ident_20250910_062433.csv
0.05,2.8226,-0.0003,0.0,0.002,0.0,ident_20250910_062433.csv
0.051,2.8226,0.0002,0.0,0.002,0.0,ident_20250910_062433.csv
0.051,2.8227,-0.0006,0.0,0.002,0.0,ident_20250910_062433.csv
0.051,2.8226,0.0026,0.0,0.002,0.0,ident_20250910_062433.csv
0.051,2.8226,0.0014,0.0,0.002,0.0,ident_20250910_062433.csv
0.051,2.8226,-0.0035,0.0,0.002,0.0,ident_20250910_062433.csv
0.052,2.8227,-0.0021,0.0,0.002,0.0,ident_20250910_062433.csv
0.051,2.8227,-0.003,0.0,0.002,0.0,ident_20250910_062433.csv
0.051,2.8227,-0.0007,0.0,0.002,0.0,ident_20250910_062433.csv
0.051,2.8227,0.0001,0.0,0.002,0.0,ident_20250910_062433.csv
0.051,2.8226,-0.0002,0.0,0.002,0.0,ident_20250910_062433.csv
0.051,2.8227,0.0023,0.0,0.002,0.0,ident_20250910_062433.csv
0.051,2.8227,0.0005,0.0,0.002,0.0,ident_20250910_062433.csv
0.051,2.8226,0.0017,0.0,0.002,0.0,ident_20250910_062433.csv
0.051,2.8226,0.0003,0.0,0.002,0.0,ident_20250910_062433.csv
0.051,2.8225,0.0005,0.0,0.002,0.0,ident_20250910_062433.csv
0.051,2.8226,-0.0011,0.0,0.002,0.0,ident_20250910_062433.csv
0.051,2.8226,0.0009,0.0,0.002,0.0,ident_20250910_062433.csv
0.051,2.8226,0.0002,0.0,0.002,0.0,ident_20250910_062433.csv
0.051,2.8228,-0.0011,0.0,0.002,0.0,ident_20250910_062433.csv
0.051,2.8228,0.0015,0.0,0.002,0.0,ident_20250910_062433.csv
0.051,2.8229,-0.0003,0.0,0.002,0.0,ident_20250910_062433.csv
0.051,2.8229,0.0002,0.0,0.002,0.0,ident_20250910_062433.csv
0.051,2.8229,-0.0026,0.0,0.002,0.0,ident_20250910_062433.csv
0.051,2.8229,-0.0023,0.0,0.002,0.0,ident_20250910_062433.csv
0.051,2.8228,-0.0006,0.0,0.002,0.0,ident_20250910_062433.csv
0.051,2.8228,0.001,0.0,0.002,0.0,ident_20250910_062433.csv
0.051,2.8228,-0.0027,0.0,0.002,0.0,ident_20250910_062433.csv
0.051,2.8227,-0.0002,0.0,0.002,0.0,ident_20250910_062433.csv
0.051,2.8226,0.0041,0.0,0.002,0.0,ident_20250910_062433.csv
0.051,2.8225,-0.0018,0.0,0.002,0.0,ident_20250910_062433.csv
0.051,2.8225,-0.0006,0.0,0.002,0.0,ident_20250910_062433.csv
0.051,2.8224,-0.0007,0.0,0.002,0.0,ident_20250910_062433.csv
0.051,2.8224,-0.0005,0.0,0.002,0.0,ident_20250910_062433.csv
0.051,2.8224,0.0002,0.0,0.002,0.0,ident_20250910_062433.csv
0.051,2.8224,-0.0014,0.0,0.002,0.0,ident_20250910_062433.csv
0.051,2.8224,-0.0037,0.0,0.002,0.0,ident_20250910_062433.csv
0.051,2.8225,0.0009,0.0,0.002,0.0,ident_20250910_062433.csv
0.051,2.8226,-0.0006,0.0,0.002,0.0,ident_20250910_062433.csv
0.051,2.8227,-0.0011,0.0,0.002,0.0,ident_20250910_062433.csv
0.051,2.8226,-0.0006,0.0,0.002,0.0,ident_20250910_062433.csv
0.051,2.8226,-0.0011,0.0,0.002,0.0,ident_20250910_062433.csv
0.051,2.8226,0.001,0.0,0.002,0.0,ident_20250910_062433.csv
0.051,2.8227,-0.0022,0.0,0.002,0.0,ident_20250910_062433.csv
0.051,2.8227,-0.0022,0.0,0.002,0.0,ident_20250910_062433.csv
0.051,2.8227,0.0002,0.0,0.002,0.0,ident_20250910_062433.csv
0.051,2.8227,-0.0019,0.0,0.002,0.0,ident_20250910_062433.csv
0.051,2.8226,0.0007,0.0,0.002,0.0,ident_20250910_062433.csv
0.051,2.8227,-0.0018,0.0,0.002,0.0,ident_20250910_062433.csv
0.051,2.8225,-0.0017,0.0,0.002,0.0,ident_20250910_062433.csv
0.051,2.8226,-0.0005,0.0,0.002,0.0,ident_20250910_062433.csv
0.051,2.8226,-0.0014,0.0,0.002,0.0,ident_20250910_062433.csv
0.051,2.8226,0.0022,0.0,0.002,0.0,ident_20250910_062433.csv
0.051,2.8227,0.0011,0.0,0.002,0.0,ident_20250910_062433.csv
0.051,2.8228,0.0035,0.0,0.002,0.0,ident_20250910_062433.csv
0.051,2.8229,-0.0003,0.0,0.002,0.0,ident_20250910_062433.csv
0.051,2.8229,-0.0001,0.0,0.002,0.0,ident_20250910_062433.csv
0.051,2.8229,0.0019,0.0,0.002,0.0,ident_20250910_062433.csv
0.051,2.8229,0.0011,0.0,0.002,0.0,ident_20250910_062433.csv
0.051,2.8228,0.001,0.0,0.002,0.0,ident_20250910_062433.csv
0.051,2.8228,-0.001,0.0,0.002,0.0,ident_20250910_062433.csv
0.051,2.8227,0.0038,0.0,0.002,0.0,ident_20250910_062433.csv
0.051,2.8227,-0.0006,0.0,0.002,0.0,ident_20250910_062433.csv
0.051,2.8228,-0.0027,0.0,0.002,0.0,ident_20250910_062433.csv
0.051,2.8229,0.0015,0.0,0.002,0.0,ident_20250910_062433.csv
0.051,2.8229,-0.0025,0.0,0.002,0.0,ident_20250910_062433.csv
0.051,2.8228,-0.0023,0.0,0.002,0.0,ident_20250910_062433.csv
0.051,2.8229,0.0019,0.0,0.002,0.0,ident_20250910_062433.csv
0.051,2.8229,0.0006,0.0,0.002,0.0,ident_20250910_062433.csv
0.051,2.823,-0.0005,0.0,0.002,0.0,ident_20250910_062433.csv
0.051,2.8231,-0.0003,0.0,0.002,0.0,ident_20250910_062433.csv
0.051,2.8232,0.0003,0.0,0.002,0.0,ident_20250910_062433.csv
0.051,2.8232,-0.0015,0.0,0.002,0.0,ident_20250910_062433.csv
0.051,2.8231,-0.0021,0.0,0.002,0.0,ident_20250910_062433.csv
0.051,2.8232,-0.0015,0.0,0.002,0.0,ident_20250910_062433.csv
0.051,2.8232,-0.0022,0.0,0.002,0.0,ident_20250910_062433.csv
0.051,2.8231,0.0003,0.0,0.002,0.0,ident_20250910_062433.csv
0.051,2.8232,0.0009,0.0,0.002,0.0,ident_20250910_062433.csv
0.051,2.8233,-0.001,0.0,0.002,0.0,ident_20250910_062433.csv
0.051,2.8232,-0.0005,0.0,0.002,0.0,ident_20250910_062433.csv
0.051,2.8233,-0.0001,0.0,0.002,0.0,ident_20250910_062433.csv
0.051,2.8232,0.0003,0.0,0.002,0.0,ident_20250910_062433.csv
0.051,2.8232,-0.0042,0.0,0.002,0.0,ident_20250910_062433.csv
0.051,2.8232,0.0005,0.0,0.002,0.0,ident_20250910_062433.csv
0.051,2.8231,-0.0014,0.0,0.002,0.0,ident_20250910_062433.csv
0.051,2.823,-0.0041,0.0,0.002,0.0,ident_20250910_062433.csv
0.051,2.8231,-0.0003,0.0,0.002,0.0,ident_20250910_062433.csv
0.051,2.823,0.0005,0.0,0.002,0.0,ident_20250910_062433.csv
0.051,2.8231,0.0011,0.0,0.002,0.0,ident_20250910_062433.csv
0.051,2.8231,0.0019,0.0,0.002,0.0,ident_20250910_062433.csv
0.051,2.8231,-0.0005,0.0,0.002,0.0,ident_20250910_062433.csv
0.051,2.8232,0.0033,0.0,0.002,0.0,ident_20250910_062433.csv
0.051,2.8231,-0.0015,0.0,0.002,0.0,ident_20250910_062433.csv
0.051,2.823,-0.0007,0.0,0.002,0.0,ident_20250910_062433.csv
0.051,2.823,-0.0013,0.0,0.002,0.0,ident_20250910_062433.csv
0.051,2.8229,0.0003,0.0,0.002,0.0,ident_20250910_062433.csv
0.051,2.823,-0.0027,0.0,0.002,0.0,ident_20250910_062433.csv
0.051,2.823,0.0009,0.0,0.002,0.0,ident_20250910_062433.csv
0.051,2.823,-0.0019,0.0,0.002,0.0,ident_20250910_062433.csv
0.051,2.8229,0.0003,0.0,0.002,0.0,ident_20250910_062433.csv
0.051,2.8229,-0.0003,0.0,0.002,0.0,ident_20250910_062433.csv
0.051,2.8229,0.0023,0.0,0.002,0.0,ident_20250910_062433.csv
0.051,2.8229,0.0022,0.0,0.002,0.0,ident_20250910_062433.csv
0.051,2.8227,0.0002,0.0,0.002,0.0,ident_20250910_062433.csv
0.051,2.8227,-0.0021,0.0,0.002,0.0,ident_20250910_062433.csv
0.051,2.8226,-0.0023,0.0,0.002,0.0,ident_20250910_062433.csv
0.051,2.8226,0.0003,0.0,0.002,0.0,ident_20250910_062433.csv
0.051,2.8226,-0.0013,0.0,0.002,0.0,ident_20250910_062433.csv
0.052,2.8226,0.0001,0.0,0.002,0.0,ident_20250910_062433.csv
0.05,2.8226,-0.0013,0.0,0.002,0.0,ident_20250910_062433.csv
0.051,2.8225,-0.0023,0.0,0.002,0.0,ident_20250910_062433.csv
0.051,2.8226,-0.0003,0.0,0.002,0.0,ident_20250910_062433.csv
0.052,2.8227,0.001,0.0,0.002,0.0,ident_20250910_062433.csv
0.05,2.8226,0.0015,0.0,0.002,0.0,ident_20250910_062433.csv
0.052,2.8226,-0.0022,0.0,0.002,0.0,ident_20250910_062433.csv
0.051,2.8227,-0.0014,0.0,0.002,0.0,ident_20250910_062433.csv
0.051,2.8225,0.0014,0.0,0.002,0.0,ident_20250910_062433.csv
0.051,2.8226,-0.0007,0.0,0.002,0.0,ident_20250910_062433.csv
0.051,2.8226,0.0022,0.0,0.002,0.0,ident_20250910_062433.csv
0.051,2.8226,0.0005,0.0,0.002,0.0,ident_20250910_062433.csv
0.051,2.8227,-0.0033,0.0,0.002,0.0,ident_20250910_062433.csv
0.051,2.8171,-0.0648,-15.0,0.0008,-0.0638,ident_20250910_062656.csv
0.051,2.7991,-0.1795,-15.0,-0.0037,-0.0638,ident_20250910_062656.csv
0.051,2.7761,-0.3595,-15.0,-0.0119,-0.3829,ident_20250910_062656.csv
0.051,2.7546,-0.3727,-15.0,-0.0217,-0.1914,ident_20250910_062656.csv
0.052,2.7368,-0.2905,-15.0,-0.0324,-0.1276,ident_20250910_062656.csv
0.051,2.7306,-0.0956,-15.0,-0.0439,-0.2553,ident_20250910_062656.csv
0.051,2.7452,0.312,0.0,-0.0522,-0.1276,ident_20250910_062656.csv
0.051,2.7814,0.233,0.0,-0.0556,0.0,ident_20250910_062656.csv
0.051,2.7988,0.3239,0.0,-0.056,0.0,ident_20250910_062656.csv
0.051,2.8139,0.3128,0.0,-0.056,0.0,ident_20250910_062656.csv
0.052,2.824,0.163,0.0,-0.056,0.0,ident_20250910_062656.csv
0.051,2.8244,-0.0411,0.0,-0.056,0.0,ident_20250910_062656.csv
0.051,2.8164,-0.1833,0.0,-0.056,0.0,ident_20250910_062656.csv
0.051,2.805,-0.2079,0.0,-0.056,0.0,ident_20250910_062656.csv
0.051,2.7964,-0.1266,0.0,-0.056,0.0,ident_20250910_062656.csv
0.051,2.7942,0.0071,0.0,-0.056,0.0,ident_20250910_062656.csv
0.051,2.7979,0.1102,0.0,-0.056,0.0,ident_20250910_062656.csv
0.051,2.8043,0.131,0.0,-0.056,0.0,ident_20250910_062656.csv
0.051,2.8086,0.0756,0.0,-0.056,0.0,ident_20250910_062656.csv
0.051,2.809,-0.0129,0.0,-0.056,0.0,ident_20250910_062656.csv
0.051,2.8056,-0.0769,0.0,-0.056,0.0,ident_20250910_062656.csv
0.05,2.8011,-0.0825,0.0,-0.056,0.0,ident_20250910_062656.csv
0.052,2.7982,-0.0336,0.0,-0.056,0.0,ident_20250910_062656.csv
0.05,2.7985,0.0304,0.0,-0.056,0.0,ident_20250910_062656.csv
0.051,2.8008,0.0592,0.0,-0.056,0.0,ident_20250910_062656.csv
0.051,2.8033,0.045,0.0,-0.056,0.0,ident_20250910_062656.csv
0.051,2.8039,0.0054,0.0,-0.056,0.0,ident_20250910_062656.csv
0.051,2.8024,-0.0356,0.0,-0.056,0.0,ident_20250910_062656.csv
0.051,2.8002,-0.043,0.0,-0.056,0.0,ident_20250910_062656.csv
0.051,2.7987,-0.0179,0.0,-0.056,0.0,ident_20250910_062656.csv
0.051,2.7989,0.0151,0.0,-0.056,0.0,ident_20250910_062656.csv
0.051,2.8003,0.029,0.0,-0.056,0.0,ident_20250910_062656.csv
0.051,2.8014,0.0204,0.0,-0.056,0.0,ident_20250910_062656.csv
0.051,2.8015,-0.0025,0.0,-0.056,0.0,ident_20250910_062656.csv
0.051,2.8005,-0.0193,0.0,-0.056,0.0,ident_20250910_062656.csv
0.051,2.7994,-0.0213,0.0,-0.056,0.0,ident_20250910_062656.csv
0.051,2.7988,-0.0015,0.0,-0.056,0.0,ident_20250910_062656.csv
0.051,2.7993,0.0098,0.0,-0.056,0.0,ident_20250910_062656.csv
0.051,2.8001,0.0154,0.0,-0.056,0.0,ident_20250910_062656.csv
0.051,2.8003,0.0069,0.0,-0.056,0.0,ident_20250910_062656.csv
0.051,2.8,-0.0083,0.0,-0.056,0.0,ident_20250910_062656.csv
0.051,2.7994,-0.0107,0.0,-0.056,0.0,ident_20250910_062656.csv
0.051,2.7989,-0.0071,0.0,-0.056,0.0,ident_20250910_062656.csv
0.051,2.799,0.0041,0.0,-0.056,0.0,ident_20250910_062656.csv
0.051,2.7993,0.0125,0.0,-0.056,0.0,ident_20250910_062656.csv
0.051,2.7995,0.0061,0.0,-0.056,0.0,ident_20250910_062656.csv
0.051,2.7995,-0.0023,0.0,-0.056,0.0,ident_20250910_062656.csv
0.051,2.7991,-0.009,0.0,-0.056,0.0,ident_20250910_062656.csv
0.051,2.7987,-0.0091,0.0,-0.056,0.0,ident_20250910_062656.csv
0.051,2.7985,0.0013,0.0,-0.056,0.0,ident_20250910_062656.csv
0.051,2.7985,0.0049,0.0,-0.056,0.0,ident_20250910_062656.csv
0.051,2.7987,0.0061,0.0,-0.056,0.0,ident_20250910_062656.csv
0.051,2.7988,-0.001,0.0,-0.056,0.0,ident_20250910_062656.csv
0.051,2.7986,-0.0062,0.0,-0.056,0.0,ident_20250910_062656.csv
0.051,2.7984,-0.0034,0.0,-0.056,0.0,ident_20250910_062656.csv
0.05,2.7985,0.0002,0.0,-0.056,0.0,ident_20250910_062656.csv
0.051,2.7985,0.0054,0.0,-0.056,0.0,ident_20250910_062656.csv
0.051,2.7986,0.0034,0.0,-0.056,0.0,ident_20250910_062656.csv
0.052,2.7988,0.0009,0.0,-0.056,0.0,ident_20250910_062656.csv
0.05,2.7987,-0.003,0.0,-0.056,0.0,ident_20250910_062656.csv
0.051,2.7986,-0.0013,0.0,-0.056,0.0,ident_20250910_062656.csv
0.051,2.7984,-0.0013,0.0,-0.056,0.0,ident_20250910_062656.csv
0.052,2.7985,0.0023,0.0,-0.056,0.0,ident_20250910_062656.csv
0.051,2.7986,-0.0009,0.0,-0.056,0.0,ident_20250910_062656.csv
0.051,2.7986,-0.0018,0.0,-0.056,0.0,ident_20250910_062656.csv
0.051,2.7986,0.0005,0.0,-0.056,0.0,ident_20250910_062656.csv
0.051,2.7985,-0.0013,0.0,-0.056,0.0,ident_20250910_062656.csv
0.05,2.7985,0.0002,0.0,-0.056,0.0,ident_20250910_062656.csv
0.052,2.7986,0.0018,0.0,-0.056,0.0,ident_20250910_062656.csv
0.051,2.7987,-0.0007,0.0,-0.056,0.0,ident_20250910_062656.csv
0.051,2.7987,-0.0034,0.0,-0.056,0.0,ident_20250910_062656.csv
0.051,2.7988,-0.0014,0.0,-0.056,0.0,ident_20250910_062656.csv
0.051,2.7987,-0.0023,0.0,-0.056,0.0,ident_20250910_062656.csv
0.051,2.7986,-0.0006,0.0,-0.056,0.0,ident_20250910_062656.csv
0.051,2.7986,-0.0001,0.0,-0.056,0.0,ident_20250910_062656.csv
0.05,2.7986,0.0006,0.0,-0.056,0.0,ident_20250910_062656.csv
0.052,2.7987,-0.0002,0.0,-0.056,0.0,ident_20250910_062656.csv
0.051,2.7986,0.001,0.0,-0.056,0.0,ident_20250910_062656.csv
0.051,2.7985,0.0023,0.0,-0.056,0.0,ident_20250910_062656.csv
0.051,2.7982,-0.0017,0.0,-0.056,0.0,ident_20250910_062656.csv
0.051,2.7983,0.0011,0.0,-0.056,0.0,ident_20250910_062656.csv
0.051,2.7983,-0.0003,0.0,-0.056,0.0,ident_20250910_062656.csv
0.051,2.7982,0.0025,0.0,-0.056,0.0,ident_20250910_062656.csv
0.051,2.7982,-0.001,0.0,-0.056,0.0,ident_20250910_062656.csv
0.051,2.7982,-0.0013,0.0,-0.056,0.0,ident_20250910_062656.csv
0.051,2.7982,0.0013,0.0,-0.056,0.0,ident_20250910_062656.csv
0.051,2.7983,0.0005,0.0,-0.056,0.0,ident_20250910_062656.csv
0.051,2.7984,-0.0001,0.0,-0.056,0.0,ident_20250910_062656.csv
0.051,2.7984,-0.0007,0.0,-0.056,0.0,ident_20250910_062656.csv
0.051,2.7984,-0.0022,0.0,-0.056,0.0,ident_20250910_062656.csv
0.051,2.7984,0.0005,0.0,-0.056,0.0,ident_20250910_062656.csv
0.051,2.7983,0.0002,0.0,-0.056,0.0,ident_20250910_062656.csv
0.051,2.7983,0.0009,0.0,-0.056,0.0,ident_20250910_062656.csv
0.05,2.7983,-0.0017,0.0,-0.056,0.0,ident_20250910_062656.csv
0.051,2.7984,0.0026,0.0,-0.056,0.0,ident_20250910_062656.csv
0.051,2.7983,-0.0007,0.0,-0.056,0.0,ident_20250910_062656.csv
0.051,2.7983,-0.0026,0.0,-0.056,0.0,ident_20250910_062656.csv
0.051,2.7983,-0.0007,0.0,-0.056,0.0,ident_20250910_062656.csv
0.052,2.7982,0.0006,0.0,-0.056,0.0,ident_20250910_062656.csv
0.051,2.7982,-0.0033,0.0,-0.056,0.0,ident_20250910_062656.csv
0.051,2.7983,-0.0002,0.0,-0.056,0.0,ident_20250910_062656.csv
0.051,2.7983,0.001,0.0,-0.056,0.0,ident_20250910_062656.csv
0.051,2.7983,-0.0009,0.0,-0.056,0.0,ident_20250910_062656.csv
0.051,2.7983,-0.0038,0.0,-0.056,0.0,ident_20250910_062656.csv
0.051,2.7983,-0.0023,0.0,-0.056,0.0,ident_20250910_062656.csv
0.051,2.7984,0.0009,0.0,-0.056,0.0,ident_20250910_062656.csv
0.051,2.7984,-0.0002,0.0,-0.056,0.0,ident_20250910_062656.csv
0.051,2.7983,-0.0022,0.0,-0.056,0.0,ident_20250910_062656.csv
0.051,2.7984,-0.0009,0.0,-0.056,0.0,ident_20250910_062656.csv
0.051,2.7983,0.0015,0.0,-0.056,0.0,ident_20250910_062656.csv
0.051,2.7982,-0.0015,0.0,-0.056,0.0,ident_20250910_062656.csv
0.051,2.7983,-0.0018,0.0,-0.056,0.0,ident_20250910_062656.csv
0.051,2.7984,-0.0013,0.0,-0.056,0.0,ident_20250910_062656.csv
0.051,2.7983,-0.0037,0.0,-0.056,0.0,ident_20250910_062656.csv
0.051,2.7982,0.0009,0.0,-0.056,0.0,ident_20250910_062656.csv
0.05,2.7982,-0.0018,0.0,-0.056,0.0,ident_20250910_062656.csv
0.052,2.7983,0.0011,0.0,-0.056,0.0,ident_20250910_062656.csv
0.051,2.7983,-0.0023,0.0,-0.056,0.0,ident_20250910_062656.csv
0.051,2.7982,-0.0003,0.0,-0.056,0.0,ident_20250910_062656.csv
0.051,2.7982,-0.0009,0.0,-0.056,0.0,ident_20250910_062656.csv
0.051,2.7983,0.0001,0.0,-0.056,0.0,ident_20250910_062656.csv
0.051,2.7984,-0.0029,0.0,-0.056,0.0,ident_20250910_062656.csv
0.051,2.7984,-0.0009,0.0,-0.056,0.0,ident_20250910_062656.csv
0.051,2.7983,0.0009,0.0,-0.056,0.0,ident_20250910_062656.csv
0.051,2.7984,0.0022,0.0,-0.056,0.0,ident_20250910_062656.csv
0.051,2.7983,0.0007,0.0,-0.056,0.0,ident_20250910_062656.csv
0.051,2.7984,-0.0011,0.0,-0.056,0.0,ident_20250910_062656.csv
0.051,2.7984,-0.003,0.0,-0.056,0.0,ident_20250910_062656.csv
0.051,2.7984,-0.0007,0.0,-0.056,0.0,ident_20250910_062656.csv
0.051,2.7984,0.001,0.0,-0.056,0.0,ident_20250910_062656.csv
0.051,2.7984,-0.0003,0.0,-0.056,0.0,ident_20250910_062656.csv
0.051,2.7984,-0.0006,0.0,-0.056,0.0,ident_20250910_062656.csv
0.051,2.7984,-0.0015,0.0,-0.056,0.0,ident_20250910_062656.csv
0.051,2.7984,0.0029,0.0,-0.056,0.0,ident_20250910_062656.csv
0.051,2.7984,-0.0038,0.0,-0.056,0.0,ident_20250910_062656.csv
0.05,2.7984,0.0001,0.0,-0.056,0.0,ident_20250910_062656.csv
0.052,2.7985,-0.0005,0.0,-0.056,0.0,ident_20250910_062656.csv
0.05,2.7985,-0.0006,0.0,-0.056,0.0,ident_20250910_062656.csv
0.052,2.7984,-0.0022,0.0,-0.056,0.0,ident_20250910_062656.csv
0.051,2.7984,-0.0037,0.0,-0.056,0.0,ident_20250910_062656.csv
0.051,2.7985,-0.0022,0.0,-0.056,0.0,ident_20250910_062656.csv
0.051,2.7986,0.0017,0.0,-0.056,0.0,ident_20250910_062656.csv
0.051,2.7985,-0.0014,0.0,-0.056,0.0,ident_20250910_062656.csv
0.051,2.7985,-0.0025,0.0,-0.056,0.0,ident_20250910_062656.csv
0.051,2.7985,0.0011,0.0,-0.056,0.0,ident_20250910_062656.csv
0.051,2.7985,-0.0019,0.0,-0.056,0.0,ident_20250910_062656.csv
0.051,2.7985,0.0015,0.0,-0.056,0.0,ident_20250910_062656.csv
0.051,2.7984,-0.0026,0.0,-0.056,0.0,ident_20250910_062656.csv
0.051,2.7984,-0.0021,0.0,-0.056,0.0,ident_20250910_062656.csv
0.051,2.7984,0.0011,0.0,-0.056,0.0,ident_20250910_062656.csv
0.051,2.7984,-0.0017,0.0,-0.056,0.0,ident_20250910_062656.csv
0.051,2.7983,-0.0014,0.0,-0.056,0.0,ident_20250910_062656.csv
0.051,2.7982,-0.0003,0.0,-0.056,0.0,ident_20250910_062656.csv
0.051,2.7981,0.001,0.0,-0.056,0.0,ident_20250910_062656.csv
0.051,2.7981,-0.0005,0.0,-0.056,0.0,ident_20250910_062656.csv
0.051,2.7981,-0.0029,0.0,-0.056,0.0,ident_20250910_062656.csv
0.051,2.798,-0.0009,0.0,-0.056,0.0,ident_20250910_062656.csv
0.051,2.7979,-0.0019,0.0,-0.056,0.0,ident_20250910_062656.csv
0.051,2.798,-0.0031,0.0,-0.056,0.0,ident_20250910_062656.csv
0.051,2.7979,-0.0013,0.0,-0.056,0.0,ident_20250910_062656.csv
0.051,2.7979,0.0021,0.0,-0.056,0.0,ident_20250910_062656.csv
0.051,2.7978,-0.0013,0.0,-0.056,0.0,ident_20250910_062656.csv
0.051,2.798,0.0003,0.0,-0.056,0.0,ident_20250910_062656.csv
0.051,2.798,-0.0001,0.0,-0.056,0.0,ident_20250910_062656.csv
0.051,2.798,-0.0018,0.0,-0.056,0.0,ident_20250910_062656.csv
0.051,2.7979,0.0003,0.0,-0.056,0.0,ident_20250910_062656.csv
0.052,2.7979,-0.0041,0.0,-0.056,0.0,ident_20250910_062656.csv
0.05,2.7979,-0.0019,0.0,-0.056,0.0,ident_20250910_062656.csv
0.051,2.7981,-0.0018,0.0,-0.056,0.0,ident_20250910_062656.csv
0.051,2.798,-0.0013,0.0,-0.056,0.0,ident_20250910_062656.csv
0.051,2.798,-0.0029,0.0,-0.056,0.0,ident_20250910_062656.csv
0.051,2.798,-0.0013,0.0,-0.056,0.0,ident_20250910_062656.csv
0.051,2.798,0.0033,0.0,-0.056,0.0,ident_20250910_062656.csv
0.051,2.7979,-0.0029,0.0,-0.056,0.0,ident_20250910_062656.csv
0.051,2.7979,-0.0009,0.0,-0.056,0.0,ident_20250910_062656.csv
0.051,2.7979,0.0021,0.0,-0.056,0.0,ident_20250910_062656.csv
0.051,2.7978,0.001,0.0,-0.056,0.0,ident_20250910_062656.csv
0.051,2.7978,-0.0023,0.0,-0.056,0.0,ident_20250910_062656.csv
0.051,2.7978,0.0011,0.0,-0.056,0.0,ident_20250910_062656.csv
0.051,2.7978,0.0018,0.0,-0.056,0.0,ident_20250910_062656.csv
0.051,2.7978,0.0001,0.0,-0.056,0.0,ident_20250910_062656.csv
0.051,2.7978,0.0019,0.0,-0.056,0.0,ident_20250910_062656.csv
0.051,2.7978,0.0017,0.0,-0.056,0.0,ident_20250910_062656.csv
0.051,2.7978,-0.0003,0.0,-0.056,0.0,ident_20250910_062656.csv
0.051,2.7979,-0.0017,0.0,-0.056,0.0,ident_20250910_062656.csv
0.051,2.798,-0.0017,0.0,-0.056,0.0,ident_20250910_062656.csv
0.051,2.7981,0.0003,0.0,-0.056,0.0,ident_20250910_062656.csv
0.051,2.798,-0.0007,0.0,-0.056,0.0,ident_20250910_062656.csv
0.051,2.798,-0.0014,0.0,-0.056,0.0,ident_20250910_062656.csv
0.051,2.798,0.0026,0.0,-0.056,0.0,ident_20250910_062656.csv
0.051,2.798,0.0003,0.0,-0.056,0.0,ident_20250910_062656.csv
0.051,2.798,0.0002,0.0,-0.056,0.0,ident_20250910_062656.csv
0.051,2.798,-0.0021,0.0,-0.056,0.0,ident_20250910_062656.csv
0.051,2.7981,-0.0014,0.0,-0.056,0.0,ident_20250910_062656.csv
0.051,2.7979,-0.0026,0.0,-0.056,0.0,ident_20250910_062656.csv
0.051,2.7979,-0.0021,0.0,-0.056,0.0,ident_20250910_062656.csv
0.051,2.7979,-0.0014,0.0,-0.056,0.0,ident_20250910_062656.csv
0.051,2.798,0.0015,0.0,-0.056,0.0,ident_20250910_062656.csv
0.051,2.7979,-0.0031,0.0,-0.056,0.0,ident_20250910_062656.csv
0.051,2.7979,0.0025,0.0,-0.056,0.0,ident_20250910_062656.csv
0.051,2.798,-0.0006,0.0,-0.056,0.0,ident_20250910_062656.csv
0.051,2.798,-0.0041,0.0,-0.056,0.0,ident_20250910_062656.csv
0.051,2.805,-0.0107,15.0,-0.055,0.0,ident_20250910_062656.csv
0.051,2.822,0.1164,15.0,-0.0502,0.0638,ident_20250910_062656.csv
0.051,2.8385,0.2633,15.0,-0.042,0.1914,ident_20250910_062656.csv
0.052,2.8547,0.2749,15.0,-0.032,0.1914,ident_20250910_062656.csv
0.052,2.8765,0.6024,15.0,-0.0216,0.1702,ident_20250910_062656.csv
0.051,2.9029,0.4656,15.0,-0.0114,0.1914,ident_20250910_062656.csv
0.051,2.9019,-0.1689,0.0,-0.0033,0.0638,ident_20250910_062656.csv
0.051,2.8669,-0.4765,0.0,0.0001,0.0,ident_20250910_062656.csv
0.051,2.8282,-0.7559,0.0,0.0001,0.0,ident_20250910_062656.csv
0.051,2.7901,-0.7684,0.0,0.0001,0.0,ident_20250910_062656.csv
0.051,2.763,-0.4199,0.0,0.0001,0.0,ident_20250910_062656.csv
0.051,2.7604,0.0849,0.0,0.0001,0.0,ident_20250910_062656.csv
0.051,2.7813,0.5178,0.0,0.0001,0.0,ident_20250910_062656.csv
0.051,2.8138,0.6524,0.0,0.0001,0.0,ident_20250910_062656.csv
0.051,2.8411,0.4443,0.0,0.0001,0.0,ident_20250910_062656.csv
0.051,2.8498,0.0499,0.0,0.0001,0.0,ident_20250910_062656.csv
0.051,2.8377,-0.3454,0.0,0.0001,0.0,ident_20250910_062656.csv
0.051,2.8141,-0.5119,0.0,0.0001,0.0,ident_20250910_062656.csv
0.051,2.7912,-0.4004,0.0,0.0001,0.0,ident_20250910_062656.csv
0.052,2.7813,-0.0948,0.0,0.0001,0.0,ident_20250910_062656.csv
0.05,2.7882,0.2199,0.0,0.0001,0.0,ident_20250910_062656.csv
0.051,2.8064,0.3851,0.0,0.0001,0.0,ident_20250910_062656.csv
0.051,2.8246,0.3221,0.0,0.0001,0.0,ident_20250910_062656.csv
0.051,2.8332,0.1004,0.0,0.0001,0.0,ident_20250910_062656.csv
0.052,2.8289,-0.1591,0.0,0.0001,0.0,ident_20250910_062656.csv
0.051,2.8155,-0.2878,0.0,0.0001,0.0,ident_20250910_062656.csv
0.051,2.8025,-0.2406,0.0,0.0001,0.0,ident_20250910_062656.csv
0.051,2.7964,-0.0675,0.0,0.0001,0.0,ident_20250910_062656.csv
0.051,2.8,0.1177,0.0,0.0001,0.0,ident_20250910_062656.csv
0.051,2.81,0.2092,0.0,0.0001,0.0,ident_20250910_062656.csv
0.051,2.8194,0.1701,0.0,0.0001,0.0,ident_20250910_062656.csv
0.051,2.8234,0.034,0.0,0.0001,0.0,ident_20250910_062656.csv
0.051,2.8199,-0.1059,0.0,0.0001,0.0,ident_20250910_062656.csv
0.052,2.8125,-0.1569,0.0,0.0001,0.0,ident_20250910_062656.csv
0.051,2.8061,-0.1043,0.0,0.0001,0.0,ident_20250910_062656.csv
0.051,2.8047,0.0023,0.0,0.0001,0.0,ident_20250910_062656.csv
0.051,2.8085,0.0881,0.0,0.0001,0.0,ident_20250910_062656.csv
0.051,2.814,0.1112,0.0,0.0001,0.0,ident_20250910_062656.csv
0.05,2.8177,0.0546,0.0,0.0001,0.0,ident_20250910_062656.csv
0.052,2.8176,-0.0264,0.0,0.0001,0.0,ident_20250910_062656.csv
0.05,2.8142,-0.0759,0.0,0.0001,0.0,ident_20250910_062656.csv
0.051,2.8107,-0.0668,0.0,0.0001,0.0,ident_20250910_062656.csv
0.051,2.8092,-0.0149,0.0,0.0001,0.0,ident_20250910_062656.csv
0.052,2.8105,0.0407,0.0,0.0001,0.0,ident_20250910_062656.csv
0.05,2.8133,0.0552,0.0,0.0001,0.0,ident_20250910_062656.csv
0.051,2.8154,0.0339,0.0,0.0001,0.0,ident_20250910_062656.csv
0.052,2.8155,-0.0122,0.0,0.0001,0.0,ident_20250910_062656.csv
0.051,2.8138,-0.0399,0.0,0.0001,0.0,ident_20250910_062656.csv
0.051,2.8119,-0.0376,0.0,0.0001,0.0,ident_20250910_062656.csv
0.051,2.8112,-0.0047,0.0,0.0001,0.0,ident_20250910_062656.csv
0.051,2.8121,0.0267,0.0,0.0001,0.0,ident_20250910_062656.csv
0.051,2.8135,0.0291,0.0,0.0001,0.0,ident_20250910_062656.csv
0.051,2.8145,0.0114,0.0,0.0001,0.0,ident_20250910_062656.csv
0.051,2.8141,-0.0114,0.0,0.0001,0.0,ident_20250910_062656.csv
0.051,2.8132,-0.0246,0.0,0.0001,0.0,ident_20250910_062656.csv
0.051,2.8123,-0.0151,0.0,0.0001,0.0,ident_20250910_062656.csv
0.051,2.8124,0.0069,0.0,0.0001,0.0,ident_20250910_062656.csv
0.051,2.8132,0.0194,0.0,0.0001,0.0,ident_20250910_062656.csv
0.051,2.814,0.0133,0.0,0.0001,0.0,ident_20250910_062656.csv
0.051,2.8142,-0.0033,0.0,0.0001,0.0,ident_20250910_062656.csv
0.051,2.8136,-0.0149,0.0,0.0001,0.0,ident_20250910_062656.csv
0.051,2.8131,-0.0102,0.0,0.0001,0.0,ident_20250910_062656.csv
0.051,2.8128,-0.0006,0.0,0.0001,0.0,ident_20250910_062656.csv
0.052,2.8131,0.0074,0.0,0.0001,0.0,ident_20250910_062656.csv
0.05,2.8135,0.0063,0.0,0.0001,0.0,ident_20250910_062656.csv
0.051,2.8136,0.0033,0.0,0.0001,0.0,ident_20250910_062656.csv
0.051,2.8135,-0.0097,0.0,0.0001,0.0,ident_20250910_062656.csv
0.051,2.8132,-0.0046,0.0,0.0001,0.0,ident_20250910_062656.csv
0.052,2.813,-0.0022,0.0,0.0001,0.0,ident_20250910_062656.csv
0.051,2.8133,0.0041,0.0,0.0001,0.0,ident_20250910_062656.csv
0.051,2.8135,0.0077,0.0,0.0001,0.0,ident_20250910_062656.csv
0.051,2.8136,0.0019,0.0,0.0001,0.0,ident_20250910_062656.csv
0.051,2.8134,-0.0041,0.0,0.0001,0.0,ident_20250910_062656.csv
0.051,2.8131,-0.0075,0.0,0.0001,0.0,ident_20250910_062656.csv
0.05,2.813,-0.0015,0.0,0.0001,0.0,ident_20250910_062656.csv
0.052,2.8131,0.001,0.0,0.0001,0.0,ident_20250910_062656.csv
0.051,2.8133,0.0009,0.0,0.0001,0.0,ident_20250910_062656.csv
0.051,2.8134,0.001,0.0,0.0001,0.0,ident_20250910_062656.csv
0.05,2.8133,-0.0013,0.0,0.0001,0.0,ident_20250910_062656.csv
0.052,2.8132,-0.0046,0.0,0.0001,0.0,ident_20250910_062656.csv
0.051,2.8131,-0.0011,0.0,0.0001,0.0,ident_20250910_062656.csv
0.051,2.8132,-0.0002,0.0,0.0001,0.0,ident_20250910_062656.csv
0.051,2.8133,0.0002,0.0,0.0001,0.0,ident_20250910_062656.csv
0.051,2.8134,0.0013,0.0,0.0001,0.0,ident_20250910_062656.csv
0.051,2.8134,-0.0022,0.0,0.0001,0.0,ident_20250910_062656.csv
0.05,2.8133,-0.0025,0.0,0.0001,0.0,ident_20250910_062656.csv
0.052,2.8133,0.0006,0.0,0.0001,0.0,ident_20250910_062656.csv
0.051,2.8133,0.0005,0.0,0.0001,0.0,ident_20250910_062656.csv
0.051,2.8134,-0.0003,0.0,0.0001,0.0,ident_20250910_062656.csv
0.051,2.8134,-0.0015,0.0,0.0001,0.0,ident_20250910_062656.csv
0.051,2.8133,0.0002,0.0,0.0001,0.0,ident_20250910_062656.csv
0.051,2.8133,-0.0053,0.0,0.0001,0.0,ident_20250910_062656.csv
0.052,2.8132,0.0003,0.0,0.0001,0.0,ident_20250910_062656.csv
0.05,2.8132,-0.0007,0.0,0.0001,0.0,ident_20250910_062656.csv
0.051,2.8133,0.0011,0.0,0.0001,0.0,ident_20250910_062656.csv
0.051,2.8134,0.0007,0.0,0.0001,0.0,ident_20250910_062656.csv
0.052,2.8134,-0.0017,0.0,0.0001,0.0,ident_20250910_062656.csv
0.05,2.8133,-0.0001,0.0,0.0001,0.0,ident_20250910_062656.csv
0.051,2.8132,-0.0018,0.0,0.0001,0.0,ident_20250910_062656.csv
0.051,2.8133,-0.0027,0.0,0.0001,0.0,ident_20250910_062656.csv
0.052,2.8134,-0.0007,0.0,0.0001,0.0,ident_20250910_062656.csv
0.051,2.8134,-0.003,0.0,0.0001,0.0,ident_20250910_062656.csv
0.05,2.8133,-0.0027,0.0,0.0001,0.0,ident_20250910_062656.csv
0.052,2.8133,-0.0014,0.0,0.0001,0.0,ident_20250910_062656.csv
0.05,2.8132,-0.0025,0.0,0.0001,0.0,ident_20250910_062656.csv
0.051,2.8132,-0.0006,0.0,0.0001,0.0,ident_20250910_062656.csv
0.052,2.8132,-0.0027,0.0,0.0001,0.0,ident_20250910_062656.csv
0.05,2.8133,0.0025,0.0,0.0001,0.0,ident_20250910_062656.csv
0.051,2.8133,-0.0027,0.0,0.0001,0.0,ident_20250910_062656.csv
0.052,2.8133,-0.0038,0.0,0.0001,0.0,ident_20250910_062656.csv
0.051,2.8132,-0.0014,0.0,0.0001,0.0,ident_20250910_062656.csv
0.051,2.8132,-0.0011,0.0,0.0001,0.0,ident_20250910_062656.csv
0.051,2.8132,0.0013,0.0,0.0001,0.0,ident_20250910_062656.csv
0.05,2.8132,0.0005,0.0,0.0001,0.0,ident_20250910_062656.csv
0.051,2.8132,-0.0023,0.0,0.0001,0.0,ident_20250910_062656.csv
0.052,2.8131,0.0001,0.0,0.0001,0.0,ident_20250910_062656.csv
0.051,2.813,-0.0011,0.0,0.0001,0.0,ident_20250910_062656.csv
0.051,2.8131,-0.0001,0.0,0.0001,0.0,ident_20250910_062656.csv
0.051,2.8131,0.0009,0.0,0.0001,0.0,ident_20250910_062656.csv
0.051,2.8131,0.0003,0.0,0.0001,0.0,ident_20250910_062656.csv
0.051,2.8131,-0.0022,0.0,0.0001,0.0,ident_20250910_062656.csv
0.051,2.813,0.0001,0.0,0.0001,0.0,ident_20250910_062656.csv
0.051,2.813,-0.0021,0.0,0.0001,0.0,ident_20250910_062656.csv
0.051,2.813,-0.0023,0.0,0.0001,0.0,ident_20250910_062656.csv
0.051,2.8129,-0.0019,0.0,0.0001,0.0,ident_20250910_062656.csv
0.051,2.813,-0.0026,0.0,0.0001,0.0,ident_20250910_062656.csv
0.051,2.8131,-0.0002,0.0,0.0001,0.0,ident_20250910_062656.csv
0.051,2.8133,-0.0005,0.0,0.0001,0.0,ident_20250910_062656.csv
0.051,2.8133,0.0003,0.0,0.0001,0.0,ident_20250910_062656.csv
0.051,2.8133,-0.0023,0.0,0.0001,0.0,ident_20250910_062656.csv
0.051,2.8133,-0.0022,0.0,0.0001,0.0,ident_20250910_062656.csv
0.051,2.8132,0.0009,0.0,0.0001,0.0,ident_20250910_062656.csv
0.051,2.8132,-0.003,0.0,0.0001,0.0,ident_20250910_062656.csv
0.051,2.8131,0.0015,0.0,0.0001,0.0,ident_20250910_062656.csv
0.051,2.8132,-0.0017,0.0,0.0001,0.0,ident_20250910_062656.csv
0.051,2.8132,0.0001,0.0,0.0001,0.0,ident_20250910_062656.csv
0.051,2.8132,0.0006,0.0,0.0001,0.0,ident_20250910_062656.csv
0.051,2.8131,-0.0001,0.0,0.0001,0.0,ident_20250910_062656.csv
0.051,2.8131,0.0005,0.0,0.0001,0.0,ident_20250910_062656.csv
0.051,2.813,-0.0017,0.0,0.0001,0.0,ident_20250910_062656.csv
0.051,2.813,0.0005,0.0,0.0001,0.0,ident_20250910_062656.csv
0.051,2.813,0.0002,0.0,0.0001,0.0,ident_20250910_062656.csv
0.051,2.8132,0.0001,0.0,0.0001,0.0,ident_20250910_062656.csv
0.051,2.8133,0.0005,0.0,0.0001,0.0,ident_20250910_062656.csv
0.051,2.8133,0.0015,0.0,0.0001,0.0,ident_20250910_062656.csv
0.051,2.8134,-0.0007,0.0,0.0001,0.0,ident_20250910_062656.csv
0.052,2.8133,0.0002,0.0,0.0001,0.0,ident_20250910_062656.csv
0.05,2.8133,-0.0022,0.0,0.0001,0.0,ident_20250910_062656.csv
0.051,2.8134,-0.0001,0.0,0.0001,0.0,ident_20250910_062656.csv
0.052,2.8135,-0.0018,0.0,0.0001,0.0,ident_20250910_062656.csv
0.051,2.8135,-0.0006,0.0,0.0001,0.0,ident_20250910_062656.csv
0.051,2.8134,-0.0002,0.0,0.0001,0.0,ident_20250910_062656.csv
0.051,2.8133,0.0025,0.0,0.0001,0.0,ident_20250910_062656.csv
0.051,2.8132,0.0015,0.0,0.0001,0.0,ident_20250910_062656.csv
0.051,2.8132,-0.0006,0.0,0.0001,0.0,ident_20250910_062656.csv
0.051,2.8133,0.0003,0.0,0.0001,0.0,ident_20250910_062656.csv
0.051,2.8133,-0.003,0.0,0.0001,0.0,ident_20250910_062656.csv
0.051,2.8133,-0.0013,0.0,0.0001,0.0,ident_20250910_062656.csv
0.051,2.8134,0.0003,0.0,0.0001,0.0,ident_20250910_062656.csv
0.052,2.8133,-0.0013,0.0,0.0001,0.0,ident_20250910_062656.csv
0.05,2.8133,0.0009,0.0,0.0001,0.0,ident_20250910_062656.csv
0.051,2.8131,0.0021,0.0,0.0001,0.0,ident_20250910_062656.csv
0.052,2.813,-0.0042,0.0,0.0001,0.0,ident_20250910_062656.csv
0.05,2.813,-0.0005,0.0,0.0001,0.0,ident_20250910_062656.csv
0.051,2.8129,-0.0005,0.0,0.0001,0.0,ident_20250910_062656.csv
0.051,2.8129,-0.0033,0.0,0.0001,0.0,ident_20250910_062656.csv
0.052,2.8128,0.0002,0.0,0.0001,0.0,ident_20250910_062656.csv
0.05,2.8129,-0.0013,0.0,0.0001,0.0,ident_20250910_062656.csv
0.052,2.8129,-0.0018,0.0,0.0001,0.0,ident_20250910_062656.csv
0.05,2.8129,-0.0022,0.0,0.0001,0.0,ident_20250910_062656.csv
0.051,2.8129,-0.0011,0.0,0.0001,0.0,ident_20250910_062656.csv
0.051,2.8129,0.0001,0.0,0.0001,0.0,ident_20250910_062656.csv
0.051,2.8129,-0.0017,0.0,0.0001,0.0,ident_20250910_062656.csv
0.051,2.8129,-0.0013,0.0,0.0001,0.0,ident_20250910_062656.csv
0.052,2.8129,-0.0011,0.0,0.0001,0.0,ident_20250910_062656.csv
0.05,2.8129,0.0029,0.0,0.0001,0.0,ident_20250910_062656.csv
0.051,2.8129,-0.0015,0.0,0.0001,0.0,ident_20250910_062656.csv
0.051,2.813,0.0006,0.0,0.0001,0.0,ident_20250910_062656.csv
0.051,2.8131,-0.0011,0.0,0.0001,0.0,ident_20250910_062656.csv
0.052,2.8131,-0.0021,0.0,0.0001,0.0,ident_20250910_062656.csv
0.05,2.8133,-0.0019,0.0,0.0001,0.0,ident_20250910_062656.csv
0.051,2.8133,-0.0003,0.0,0.0001,0.0,ident_20250910_062656.csv
0.051,2.8133,-0.003,0.0,0.0001,0.0,ident_20250910_062656.csv
0.051,2.8132,0.0002,0.0,0.0001,0.0,ident_20250910_062656.csv
0.052,2.8133,0.0017,0.0,0.0001,0.0,ident_20250910_062656.csv
0.05,2.8134,0.0005,0.0,0.0001,0.0,ident_20250910_062656.csv
0.051,2.8133,0.0025,0.0,0.0001,0.0,ident_20250910_062656.csv
0.051,2.8132,0.0002,0.0,0.0001,0.0,ident_20250910_062656.csv
0.052,2.8132,0.0007,0.0,0.0001,0.0,ident_20250910_062656.csv
0.05,2.8132,-0.0014,0.0,0.0001,0.0,ident_20250910_062656.csv
0.051,2.8131,-0.0022,0.0,0.0001,0.0,ident_20250910_062656.csv
0.051,2.8132,-0.0005,0.0,0.0001,0.0,ident_20250910_062656.csv
0.052,2.8131,-0.0014,0.0,0.0001,0.0,ident_20250910_062656.csv
0.05,2.8132,-0.0009,0.0,0.0001,0.0,ident_20250910_062656.csv
0.051,2.8133,-0.0006,0.0,0.0001,0.0,ident_20250910_062656.csv
0.052,2.8134,0.001,0.0,0.0001,0.0,ident_20250910_062656.csv
0.051,2.8133,-0.0005,0.0,0.0001,0.0,ident_20250910_062656.csv
0.051,2.8133,-0.0031,0.0,0.0001,0.0,ident_20250910_062656.csv
0.051,2.8133,-0.0002,0.0,0.0001,0.0,ident_20250910_062656.csv
0.051,2.8134,0.0017,0.0,0.0001,0.0,ident_20250910_062656.csv
0.052,2.8133,0.0021,0.0,0.0001,0.0,ident_20250910_062656.csv
0.051,2.8133,0.0015,0.0,0.0001,0.0,ident_20250910_062656.csv
0.051,2.8037,0.0535,-15.0,-0.0014,-0.0638,ident_20250910_062656.csv
0.051,2.7878,-0.1996,-15.0,-0.0073,-0.1914,ident_20250910_062656.csv
0.051,2.769,-0.2866,-15.0,-0.0158,-0.1914,ident_20250910_062656.csv
0.052,2.7531,-0.2681,-15.0,-0.0259,-0.1276,ident_20250910_062656.csv
0.051,2.7437,-0.143,-15.0,-0.0368,-0.2553,ident_20250910_062656.csv
0.051,2.7416,-0.0213,-15.0,-0.0481,-0.1914,ident_20250910_062656.csv
0.051,2.7647,0.135,0.0,-0.0553,-0.1276,ident_20250910_062656.csv
0.051,2.7899,0.1118,0.0,-0.0579,0.0,ident_20250910_062656.csv
0.051,2.7984,0.1907,0.0,-0.0581,0.0,ident_20250910_062656.csv
0.051,2.8068,0.1919,0.0,-0.0579,0.0,ident_20250910_062656.csv
0.052,2.8119,0.0777,0.0,-0.0579,0.0,ident_20250910_062656.csv
0.05,2.8104,-0.0511,0.0,-0.0579,0.0,ident_20250910_062656.csv
0.051,2.8043,-0.1258,0.0,-0.0579,0.0,ident_20250910_062656.csv
0.051,2.7975,-0.1133,0.0,-0.0579,0.0,ident_20250910_062656.csv
0.051,2.794,-0.0299,0.0,-0.0579,0.0,ident_20250910_062656.csv
0.051,2.7949,0.0527,0.0,-0.0579,0.0,ident_20250910_062656.csv
0.051,2.7985,0.0831,0.0,-0.0579,0.0,ident_20250910_062656.csv
0.051,2.8013,0.0536,0.0,-0.0579,0.0,ident_20250910_062656.csv
0.051,2.8015,-0.0085,0.0,-0.0579,0.0,ident_20250910_062656.csv
0.051,2.7989,-0.0523,0.0,-0.0579,0.0,ident_20250910_062656.csv
0.051,2.7959,-0.0488,0.0,-0.0579,0.0,ident_20250910_062656.csv
0.051,2.7944,-0.0106,0.0,-0.0579,0.0,ident_20250910_062656.csv
0.051,2.7951,0.0314,0.0,-0.0579,0.0,ident_20250910_062656.csv
0.051,2.7969,0.0378,0.0,-0.0579,0.0,ident_20250910_062656.csv
0.051,2.7978,0.0137,0.0,-0.0579,0.0,ident_20250910_062656.csv
0.051,2.7972,-0.0185,0.0,-0.0579,0.0,ident_20250910_062656.csv
0.051,2.7955,-0.0272,0.0,-0.0579,0.0,ident_20250910_062656.csv
0.051,2.7944,-0.0167,0.0,-0.0579,0.0,ident_20250910_062656.csv
0.051,2.7943,0.0079,0.0,-0.0579,0.0,ident_20250910_062656.csv
0.051,2.7952,0.0222,0.0,-0.0579,0.0,ident_20250910_062656.csv
0.051,2.796,0.011,0.0,-0.0579,0.0,ident_20250910_062656.csv
0.051,2.7959,-0.0073,0.0,-0.0579,0.0,ident_20250910_062656.csv
0.051,2.7951,-0.0153,0.0,-0.0579,0.0,ident_20250910_062656.csv
0.051,2.7943,-0.0103,0.0,-0.0579,0.0,ident_20250910_062656.csv
0.051,2.7941,0.0019,0.0,-0.0579,0.0,ident_20250910_062656.csv
0.051,2.7946,0.0106,0.0,-0.0579,0.0,ident_20250910_062656.csv
0.051,2.7949,0.0083,0.0,-0.0579,0.0,ident_20250910_062656.csv
0.051,2.7948,-0.0031,0.0,-0.0579,0.0,ident_20250910_062656.csv
0.05,2.7943,-0.0115,0.0,-0.0579,0.0,ident_20250910_062656.csv
0.051,2.7939,-0.0066,0.0,-0.0579,0.0,ident_20250910_062656.csv
0.051,2.7938,0.0011,0.0,-0.0579,0.0,ident_20250910_062656.csv
0.052,2.794,0.0078,0.0,-0.0579,0.0,ident_20250910_062656.csv
0.05,2.7942,0.0034,0.0,-0.0579,0.0,ident_20250910_062656.csv
0.051,2.7942,-0.0043,0.0,-0.0579,0.0,ident_20250910_062656.csv
0.051,2.7939,-0.0073,0.0,-0.0579,0.0,ident_20250910_062656.csv
0.051,2.7937,-0.003,0.0,-0.0579,0.0,ident_20250910_062656.csv
0.051,2.7937,0.001,0.0,-0.0579,0.0,ident_20250910_062656.csv
0.051,2.7939,0.0061,0.0,-0.0579,0.0,ident_20250910_062656.csv
0.051,2.7939,0.0018,0.0,-0.0579,0.0,ident_20250910_062656.csv
0.051,2.7939,-0.0047,0.0,-0.0579,0.0,ident_20250910_062656.csv
0.051,2.7936,-0.0054,0.0,-0.0579,0.0,ident_20250910_062656.csv
0.051,2.7936,-0.0031,0.0,-0.0579,0.0,ident_20250910_062656.csv
0.051,2.7936,0.0037,0.0,-0.0579,0.0,ident_20250910_062656.csv
0.051,2.7935,-0.0001,0.0,-0.0579,0.0,ident_20250910_062656.csv
0.051,2.7935,0.0018,0.0,-0.0579,0.0,ident_20250910_062656.csv
0.051,2.7936,-0.0029,0.0,-0.0579,0.0,ident_20250910_062656.csv
0.051,2.7935,-0.0019,0.0,-0.0579,0.0,ident_20250910_062656.csv
0.051,2.7934,-0.0002,0.0,-0.0579,0.0,ident_20250910_062656.csv
0.051,2.7934,0.0002,0.0,-0.0579,0.0,ident_20250910_062656.csv
0.051,2.7936,0.0027,0.0,-0.0579,0.0,ident_20250910_062656.csv
0.051,2.7936,-0.003,0.0,-0.0579,0.0,ident_20250910_062656.csv
0.051,2.7936,-0.0011,0.0,-0.0579,0.0,ident_20250910_062656.csv
0.051,2.7936,-0.0002,0.0,-0.0579,0.0,ident_20250910_062656.csv
0.051,2.7936,0.0006,0.0,-0.0579,0.0,ident_20250910_062656.csv
0.051,2.7936,0.0002,0.0,-0.0579,0.0,ident_20250910_062656.csv
0.051,2.7937,0.0033,0.0,-0.0579,0.0,ident_20250910_062656.csv
0.051,2.7937,0.0023,0.0,-0.0579,0.0,ident_20250910_062656.csv
0.051,2.7937,-0.0001,0.0,-0.0579,0.0,ident_20250910_062656.csv
0.051,2.7936,-0.0003,0.0,-0.0579,0.0,ident_20250910_062656.csv
0.051,2.7936,-0.0022,0.0,-0.0579,0.0,ident_20250910_062656.csv
0.051,2.7936,0.0014,0.0,-0.0579,0.0,ident_20250910_062656.csv
0.051,2.7936,-0.003,0.0,-0.0579,0.0,ident_20250910_062656.csv
0.051,2.7936,-0.0029,0.0,-0.0579,0.0,ident_20250910_062656.csv
0.051,2.7935,-0.0002,0.0,-0.0579,0.0,ident_20250910_062656.csv
0.051,2.7937,-0.0026,0.0,-0.0579,0.0,ident_20250910_062656.csv
0.051,2.7936,-0.0005,0.0,-0.0579,0.0,ident_20250910_062656.csv
0.051,2.7935,0.0011,0.0,-0.0579,0.0,ident_20250910_062656.csv
0.051,2.7935,0.0019,0.0,-0.0579,0.0,ident_20250910_062656.csv
0.051,2.7935,-0.0013,0.0,-0.0579,0.0,ident_20250910_062656.csv
0.051,2.7935,0.0005,0.0,-0.0579,0.0,ident_20250910_062656.csv
0.051,2.7935,-0.0014,0.0,-0.0579,0.0,ident_20250910_062656.csv
0.051,2.7934,0.0005,0.0,-0.0579,0.0,ident_20250910_062656.csv
0.051,2.7933,-0.0027,0.0,-0.0579,0.0,ident_20250910_062656.csv
0.051,2.7933,0.0019,0.0,-0.0579,0.0,ident_20250910_062656.csv
0.051,2.7933,-0.0009,0.0,-0.0579,0.0,ident_20250910_062656.csv
0.051,2.7932,0.0006,0.0,-0.0579,0.0,ident_20250910_062656.csv
0.051,2.7933,0.0007,0.0,-0.0579,0.0,ident_20250910_062656.csv
0.051,2.7931,-0.0006,0.0,-0.0579,0.0,ident_20250910_062656.csv
0.051,2.7931,0.0009,0.0,-0.0579,0.0,ident_20250910_062656.csv
0.051,2.7932,0.0009,0.0,-0.0579,0.0,ident_20250910_062656.csv
0.051,2.7932,-0.0021,0.0,-0.0579,0.0,ident_20250910_062656.csv
0.051,2.7932,0.0013,0.0,-0.0579,0.0,ident_20250910_062656.csv
0.051,2.7931,-0.0005,0.0,-0.0579,0.0,ident_20250910_062656.csv
0.051,2.7932,0.0021,0.0,-0.0579,0.0,ident_20250910_062656.csv
0.051,2.7932,0.0038,0.0,-0.0579,0.0,ident_20250910_062656.csv
0.051,2.7933,-0.0014,0.0,-0.0579,0.0,ident_20250910_062656.csv
0.051,2.7932,0.0018,0.0,-0.0579,0.0,ident_20250910_062656.csv
0.051,2.7931,-0.003,0.0,-0.0579,0.0,ident_20250910_062656.csv
0.051,2.7932,-0.0017,0.0,-0.0579,0.0,ident_20250910_062656.csv
0.051,2.7933,0.0014,0.0,-0.0579,0.0,ident_20250910_062656.csv
0.051,2.7932,-0.0023,0.0,-0.0579,0.0,ident_20250910_062656.csv
0.051,2.7932,0.0017,0.0,-0.0579,0.0,ident_20250910_062656.csv
0.051,2.7932,-0.0014,0.0,-0.0579,0.0,ident_20250910_062656.csv
0.051,2.7932,-0.0027,0.0,-0.0579,0.0,ident_20250910_062656.csv
0.052,2.7932,-0.0027,0.0,-0.0579,0.0,ident_20250910_062656.csv
0.051,2.7933,-0.0007,0.0,-0.0579,0.0,ident_20250910_062656.csv
0.05,2.7933,0.0007,0.0,-0.0579,0.0,ident_20250910_062656.csv
0.051,2.7933,-0.0026,0.0,-0.0579,0.0,ident_20250910_062656.csv
0.052,2.7932,-0.0003,0.0,-0.0579,0.0,ident_20250910_062656.csv
0.051,2.7932,-0.0003,0.0,-0.0579,0.0,ident_20250910_062656.csv
0.051,2.7933,0.0014,0.0,-0.0579,0.0,ident_20250910_062656.csv
0.051,2.7933,-0.0006,0.0,-0.0579,0.0,ident_20250910_062656.csv
0.051,2.7932,0.0001,0.0,-0.0579,0.0,ident_20250910_062656.csv
0.051,2.7931,0.0005,0.0,-0.0579,0.0,ident_20250910_062656.csv
0.051,2.7931,0.0014,0.0,-0.0579,0.0,ident_20250910_062656.csv
0.051,2.7931,0.0017,0.0,-0.0579,0.0,ident_20250910_062656.csv
0.051,2.7931,0.0002,0.0,-0.0579,0.0,ident_20250910_062656.csv
0.051,2.7931,-0.0015,0.0,-0.0579,0.0,ident_20250910_062656.csv
0.051,2.793,-0.0002,0.0,-0.0579,0.0,ident_20250910_062656.csv
0.051,2.793,0.0019,0.0,-0.0579,0.0,ident_20250910_062656.csv
0.051,2.7931,-0.0003,0.0,-0.0579,0.0,ident_20250910_062656.csv
0.051,2.7931,-0.0035,0.0,-0.0579,0.0,ident_20250910_062656.csv
0.051,2.7932,-0.0011,0.0,-0.0579,0.0,ident_20250910_062656.csv
0.051,2.7933,-0.0026,0.0,-0.0579,0.0,ident_20250910_062656.csv
0.051,2.7933,-0.0025,0.0,-0.0579,0.0,ident_20250910_062656.csv
0.052,2.7933,-0.0013,0.0,-0.0579,0.0,ident_20250910_062656.csv
0.05,2.7933,-0.0025,0.0,-0.0579,0.0,ident_20250910_062656.csv
0.051,2.7933,0.0011,0.0,-0.0579,0.0,ident_20250910_062656.csv
0.051,2.7933,-0.0017,0.0,-0.0579,0.0,ident_20250910_062656.csv
0.052,2.7934,-0.0035,0.0,-0.0579,0.0,ident_20250910_062656.csv
0.051,2.7933,0.0006,0.0,-0.0579,0.0,ident_20250910_062656.csv
0.05,2.7933,-0.0001,0.0,-0.0579,0.0,ident_20250910_062656.csv
0.052,2.7933,-0.0005,0.0,-0.0579,0.0,ident_20250910_062656.csv
0.05,2.7933,-0.0007,0.0,-0.0579,0.0,ident_20250910_062656.csv
0.051,2.7933,-0.0017,0.0,-0.0579,0.0,ident_20250910_062656.csv
0.051,2.7933,0.0029,0.0,-0.0579,0.0,ident_20250910_062656.csv
0.051,2.7933,-0.0003,0.0,-0.0579,0.0,ident_20250910_062656.csv
0.051,2.7933,-0.0011,0.0,-0.0579,0.0,ident_20250910_062656.csv
0.052,2.7933,0.0002,0.0,-0.0579,0.0,ident_20250910_062656.csv
0.05,2.7934,0.0007,0.0,-0.0579,0.0,ident_20250910_062656.csv
0.051,2.7934,0.0015,0.0,-0.0579,0.0,ident_20250910_062656.csv
0.051,2.7934,0.0009,0.0,-0.0579,0.0,ident_20250910_062656.csv
0.051,2.7935,-0.0001,0.0,-0.0579,0.0,ident_20250910_062656.csv
0.051,2.7935,-0.0002,0.0,-0.0579,0.0,ident_20250910_062656.csv
0.051,2.7934,0.0013,0.0,-0.0579,0.0,ident_20250910_062656.csv
0.052,2.7934,0.0022,0.0,-0.0579,0.0,ident_20250910_062656.csv
0.051,2.7934,-0.0019,0.0,-0.0579,0.0,ident_20250910_062656.csv
0.05,2.7934,0.0005,0.0,-0.0579,0.0,ident_20250910_062656.csv
0.052,2.7934,-0.0001,0.0,-0.0579,0.0,ident_20250910_062656.csv
0.051,2.7933,-0.0006,0.0,-0.0579,0.0,ident_20250910_062656.csv
0.05,2.7933,-0.001,0.0,-0.0579,0.0,ident_20250910_062656.csv
0.051,2.7933,0.0002,0.0,-0.0579,0.0,ident_20250910_062656.csv
0.052,2.7933,-0.0031,0.0,-0.0579,0.0,ident_20250910_062656.csv
0.05,2.7933,-0.0025,0.0,-0.0579,0.0,ident_20250910_062656.csv
0.051,2.7934,-0.0009,0.0,-0.0579,0.0,ident_20250910_062656.csv
0.051,2.7933,-0.0014,0.0,-0.0579,0.0,ident_20250910_062656.csv
0.051,2.7934,-0.0006,0.0,-0.0579,0.0,ident_20250910_062656.csv
0.051,2.7934,-0.001,0.0,-0.0579,0.0,ident_20250910_062656.csv
0.051,2.7935,0.0001,0.0,-0.0579,0.0,ident_20250910_062656.csv
0.051,2.7935,0.0005,0.0,-0.0579,0.0,ident_20250910_062656.csv
0.051,2.7935,0.0018,0.0,-0.0579,0.0,ident_20250910_062656.csv
0.051,2.7934,0.0025,0.0,-0.0579,0.0,ident_20250910_062656.csv
0.051,2.7933,-0.0034,0.0,-0.0579,0.0,ident_20250910_062656.csv
0.052,2.7934,-0.0018,0.0,-0.0579,0.0,ident_20250910_062656.csv
0.05,2.7933,-0.0027,0.0,-0.0579,0.0,ident_20250910_062656.csv
0.051,2.7933,-0.0007,0.0,-0.0579,0.0,ident_20250910_062656.csv
0.051,2.7932,-0.0013,0.0,-0.0579,0.0,ident_20250910_062656.csv
0.051,2.7933,0.0013,0.0,-0.0579,0.0,ident_20250910_062656.csv
0.051,2.7934,-0.0007,0.0,-0.0579,0.0,ident_20250910_062656.csv
0.051,2.7934,0.0015,0.0,-0.0579,0.0,ident_20250910_062656.csv
0.051,2.7934,-0.0021,0.0,-0.0579,0.0,ident_20250910_062656.csv
0.052,2.7934,0.0017,0.0,-0.0579,0.0,ident_20250910_062656.csv
0.051,2.7934,0.001,0.0,-0.0579,0.0,ident_20250910_062656.csv
0.051,2.7934,0.0009,0.0,-0.0579,0.0,ident_20250910_062656.csv
0.051,2.7934,-0.0019,0.0,-0.0579,0.0,ident_20250910_062656.csv
0.051,2.7934,-0.0001,0.0,-0.0579,0.0,ident_20250910_062656.csv
0.051,2.7933,-0.0006,0.0,-0.0579,0.0,ident_20250910_062656.csv
0.051,2.7933,-0.0031,0.0,-0.0579,0.0,ident_20250910_062656.csv
0.051,2.7932,0.0005,0.0,-0.0579,0.0,ident_20250910_062656.csv
0.051,2.7933,-0.0026,0.0,-0.0579,0.0,ident_20250910_062656.csv
0.051,2.7933,-0.0005,0.0,-0.0579,0.0,ident_20250910_062656.csv
0.051,2.7933,0.0011,0.0,-0.0579,0.0,ident_20250910_062656.csv
0.051,2.7933,-0.0029,0.0,-0.0579,0.0,ident_20250910_062656.csv
0.051,2.7933,0.0021,0.0,-0.0579,0.0,ident_20250910_062656.csv
0.051,2.7933,-0.0009,0.0,-0.0579,0.0,ident_20250910_062656.csv
0.051,2.7933,-0.0003,0.0,-0.0579,0.0,ident_20250910_062656.csv
0.051,2.7932,-0.0005,0.0,-0.0579,0.0,ident_20250910_062656.csv
0.051,2.7932,0.0005,0.0,-0.0579,0.0,ident_20250910_062656.csv
0.051,2.7933,0.0017,0.0,-0.0579,0.0,ident_20250910_062656.csv
0.051,2.7932,0.0001,0.0,-0.0579,0.0,ident_20250910_062656.csv
0.051,2.7932,0.0003,0.0,-0.0579,0.0,ident_20250910_062656.csv
0.052,2.7931,0.0015,0.0,-0.0579,0.0,ident_20250910_062656.csv
0.05,2.7932,0.0027,0.0,-0.0579,0.0,ident_20250910_062656.csv
0.051,2.7932,-0.0003,0.0,-0.0579,0.0,ident_20250910_062656.csv
0.051,2.7933,0.0007,0.0,-0.0579,0.0,ident_20250910_062656.csv
0.051,2.7932,0.0002,0.0,-0.0579,0.0,ident_20250910_062656.csv
0.051,2.7932,-0.001,0.0,-0.0579,0.0,ident_20250910_062656.csv
0.051,2.7932,-0.0006,0.0,-0.0579,0.0,ident_20250910_062656.csv
0.051,2.7932,0.003,0.0,-0.0579,0.0,ident_20250910_062656.csv
0.051,2.7933,0.0003,0.0,-0.0579,0.0,ident_20250910_062656.csv
0.051,2.7934,-0.0002,0.0,-0.0579,0.0,ident_20250910_062656.csv
0.051,2.7934,0.0017,0.0,-0.0579,0.0,ident_20250910_062656.csv
0.051,2.8048,-0.0362,15.0,-0.0562,0.1276,ident_20250910_062656.csv
0.051,2.8231,0.216,15.0,-0.0502,0.1276,ident_20250910_062656.csv
0.052,2.8434,0.3144,15.0,-0.0414,0.1914,ident_20250910_062656.csv
0.051,2.8605,0.3289,15.0,-0.0317,0.1276,ident_20250910_062656.csv
0.051,2.8853,0.6536,15.0,-0.0211,0.1914,ident_20250910_062656.csv
0.052,2.9124,0.4127,15.0,-0.0101,0.1914,ident_20250910_062656.csv
0.051,2.897,-0.0995,0.0,-0.0038,0.0638,ident_20250910_062656.csv
0.051,2.8627,-0.6033,0.0,-0.0015,0.0638,ident_20250910_062656.csv
0.051,2.8172,-0.9677,0.0,-0.0015,0.0,ident_20250910_062656.csv
0.051,2.7712,-0.8839,0.0,-0.0015,0.0,ident_20250910_062656.csv
0.051,2.7432,-0.4012,0.0,-0.0015,0.0,ident_20250910_062656.csv
0.051,2.7465,0.2516,0.0,-0.0015,0.0,ident_20250910_062656.csv
0.051,2.7767,0.6983,0.0,-0.0015,0.0,ident_20250910_062656.csv
0.051,2.8156,0.7715,0.0,-0.0015,0.0,ident_20250910_062656.csv
0.051,2.8448,0.4561,0.0,-0.0015,0.0,ident_20250910_062656.csv
0.051,2.8511,-0.0359,0.0,-0.0015,0.0,ident_20250910_062656.csv
0.051,2.8347,-0.456,0.0,-0.0015,0.0,ident_20250910_062656.csv
0.051,2.8043,-0.6244,0.0,-0.0015,0.0,ident_20250910_062656.csv
0.051,2.7782,-0.4495,0.0,-0.0015,0.0,ident_20250910_062656.csv
0.051,2.7682,-0.0777,0.0,-0.0015,0.0,ident_20250910_062656.csv
0.051,2.7775,0.2826,0.0,-0.0015,0.0,ident_20250910_062656.csv
0.051,2.7998,0.4805,0.0,-0.0015,0.0,ident_20250910_062656.csv
0.051,2.8223,0.3896,0.0,-0.0015,0.0,ident_20250910_062656.csv
0.051,2.8319,0.1112,0.0,-0.0015,0.0,ident_20250910_062656.csv
0.051,2.8263,-0.2047,0.0,-0.0015,0.0,ident_20250910_062656.csv
0.051,2.8099,-0.3587,0.0,-0.0015,0.0,ident_20250910_062656.csv
0.051,2.7937,-0.2916,0.0,-0.0015,0.0,ident_20250910_062656.csv
0.051,2.7865,-0.0676,0.0,-0.0015,0.0,ident_20250910_062656.csv
0.051,2.7913,0.1599,0.0,-0.0015,0.0,ident_20250910_062656.csv
0.051,2.804,0.2636,0.0,-0.0015,0.0,ident_20250910_062656.csv
0.051,2.8153,0.1962,0.0,-0.0015,0.0,ident_20250910_062656.csv
0.051,2.8194,0.028,0.0,-0.0015,0.0,ident_20250910_062656.csv
0.051,2.8146,-0.1376,0.0,-0.0015,0.0,ident_20250910_062656.csv
0.052,2.8051,-0.1926,0.0,-0.0015,0.0,ident_20250910_062656.csv
0.05,2.798,-0.1145,0.0,-0.0015,0.0,ident_20250910_062656.csv
0.051,2.7968,0.0153,0.0,-0.0015,0.0,ident_20250910_062656.csv
0.051,2.8015,0.1182,0.0,-0.0015,0.0,ident_20250910_062656.csv
0.051,2.8081,0.1257,0.0,-0.0015,0.0,ident_20250910_062656.csv
0.051,2.8119,0.0536,0.0,-0.0015,0.0,ident_20250910_062656.csv
0.051,2.811,-0.0476,0.0,-0.0015,0.0,ident_20250910_062656.csv
0.051,2.8068,-0.0947,0.0,-0.0015,0.0,ident_20250910_062656.csv
0.051,2.8026,-0.0709,0.0,-0.0015,0.0,ident_20250910_062656.csv
0.051,2.8016,-0.0037,0.0,-0.0015,0.0,ident_20250910_062656.csv
0.051,2.8039,0.0594,0.0,-0.0015,0.0,ident_20250910_062656.csv
0.052,2.8074,0.0661,0.0,-0.0015,0.0,ident_20250910_062656.csv
0.05,2.8093,0.0203,0.0,-0.0015,0.0,ident_20250910_062656.csv
0.051,2.8087,-0.0262,0.0,-0.0015,0.0,ident_20250910_062656.csv
0.052,2.8064,-0.0532,0.0,-0.0015,0.0,ident_20250910_062656.csv
0.051,2.8043,-0.0312,0.0,-0.0015,0.0,ident_20250910_062656.csv
0.051,2.8041,0.0079,0.0,-0.0015,0.0,ident_20250910_062656.csv
0.051,2.8056,0.0358,0.0,-0.0015,0.0,ident_20250910_062656.csv
0.051,2.8074,0.0303,0.0,-0.0015,0.0,ident_20250910_062656.csv
0.051,2.8078,0.0009,0.0,-0.0015,0.0,ident_20250910_062656.csv
0.051,2.8069,-0.0247,0.0,-0.0015,0.0,ident_20250910_062656.csv
0.051,2.8055,-0.029,0.0,-0.0015,0.0,ident_20250910_062656.csv
0.05,2.8047,-0.0085,0.0,-0.0015,0.0,ident_20250910_062656.csv
0.052,2.8052,0.0158,0.0,-0.0015,0.0,ident_20250910_062656.csv
0.051,2.8062,0.0226,0.0,-0.0015,0.0,ident_20250910_062656.csv
0.051,2.807,0.0081,0.0,-0.0015,0.0,ident_20250910_062656.csv
0.05,2.8068,-0.0117,0.0,-0.0015,0.0,ident_20250910_062656.csv
0.052,2.8059,-0.0195,0.0,-0.0015,0.0,ident_20250910_062656.csv
0.051,2.8053,-0.0087,0.0,-0.0015,0.0,ident_20250910_062656.csv
0.051,2.8055,0.0062,0.0,-0.0015,0.0,ident_20250910_062656.csv
0.051,2.8061,0.0129,0.0,-0.0015,0.0,ident_20250910_062656.csv
0.051,2.8067,0.0089,0.0,-0.0015,0.0,ident_20250910_062656.csv
0.051,2.8068,-0.0049,0.0,-0.0015,0.0,ident_20250910_062656.csv
0.05,2.8064,-0.0114,0.0,-0.0015,0.0,ident_20250910_062656.csv
0.052,2.806,-0.0059,0.0,-0.0015,0.0,ident_20250910_062656.csv
0.051,2.8059,0.0006,0.0,-0.0015,0.0,ident_20250910_062656.csv
0.051,2.8063,0.0059,0.0,-0.0015,0.0,ident_20250910_062656.csv
0.051,2.8067,0.0041,0.0,-0.0015,0.0,ident_20250910_062656.csv
0.051,2.8067,0.0007,0.0,-0.0015,0.0,ident_20250910_062656.csv
0.051,2.8064,-0.0071,0.0,-0.0015,0.0,ident_20250910_062656.csv
0.051,2.8061,-0.0053,0.0,-0.0015,0.0,ident_20250910_062656.csv
0.051,2.806,-0.001,0.0,-0.0015,0.0,ident_20250910_062656.csv
0.051,2.8061,0.0087,0.0,-0.0015,0.0,ident_20250910_062656.csv
0.051,2.8064,0.0031,0.0,-0.0015,0.0,ident_20250910_062656.csv
0.051,2.8064,0.0009,0.0,-0.0015,0.0,ident_20250910_062656.csv
0.051,2.8065,-0.0065,0.0,-0.0015,0.0,ident_20250910_062656.csv
0.051,2.8064,-0.0027,0.0,-0.0015,0.0,ident_20250910_062656.csv
0.051,2.8063,-0.0006,0.0,-0.0015,0.0,ident_20250910_062656.csv
0.051,2.8064,0.0022,0.0,-0.0015,0.0,ident_20250910_062656.csv
0.051,2.8065,0.0022,0.0,-0.0015,0.0,ident_20250910_062656.csv
0.051,2.8065,-0.0001,0.0,-0.0015,0.0,ident_20250910_062656.csv
0.051,2.8063,-0.0021,0.0,-0.0015,0.0,ident_20250910_062656.csv
0.051,2.8061,-0.0022,0.0,-0.0015,0.0,ident_20250910_062656.csv
0.051,2.806,-0.0018,0.0,-0.0015,0.0,ident_20250910_062656.csv
0.051,2.8061,0.0047,0.0,-0.0015,0.0,ident_20250910_062656.csv
0.051,2.8063,0.0045,0.0,-0.0015,0.0,ident_20250910_062656.csv
0.051,2.8064,-0.0001,0.0,-0.0015,0.0,ident_20250910_062656.csv
0.051,2.8063,-0.0019,0.0,-0.0015,0.0,ident_20250910_062656.csv
0.051,2.8064,-0.0026,0.0,-0.0015,0.0,ident_20250910_062656.csv
0.051,2.8063,-0.0007,0.0,-0.0015,0.0,ident_20250910_062656.csv
0.051,2.8064,0.0003,0.0,-0.0015,0.0,ident_20250910_062656.csv
0.051,2.8064,-0.001,0.0,-0.0015,0.0,ident_20250910_062656.csv
0.051,2.8065,-0.0001,0.0,-0.0015,0.0,ident_20250910_062656.csv
0.051,2.8065,-0.0026,0.0,-0.0015,0.0,ident_20250910_062656.csv
0.051,2.8063,-0.0017,0.0,-0.0015,0.0,ident_20250910_062656.csv
0.051,2.8062,-0.0007,0.0,-0.0015,0.0,ident_20250910_062656.csv
0.052,2.8062,-0.0013,0.0,-0.0015,0.0,ident_20250910_062656.csv
0.05,2.8062,-0.001,0.0,-0.0015,0.0,ident_20250910_062656.csv
0.051,2.8063,-0.0021,0.0,-0.0015,0.0,ident_20250910_062656.csv
0.052,2.8061,-0.0034,0.0,-0.0015,0.0,ident_20250910_062656.csv
0.051,2.8061,-0.0015,0.0,-0.0015,0.0,ident_20250910_062656.csv
0.051,2.8061,0.0001,0.0,-0.0015,0.0,ident_20250910_062656.csv
0.051,2.8062,-0.0013,0.0,-0.0015,0.0,ident_20250910_062656.csv
0.051,2.8061,0.0001,0.0,-0.0015,0.0,ident_20250910_062656.csv
0.051,2.8061,-0.0013,0.0,-0.0015,0.0,ident_20250910_062656.csv
0.051,2.8062,0.0001,0.0,-0.0015,0.0,ident_20250910_062656.csv
0.051,2.8062,-0.0025,0.0,-0.0015,0.0,ident_20250910_062656.csv
0.051,2.8062,0.0023,0.0,-0.0015,0.0,ident_20250910_062656.csv
0.051,2.8063,-0.0002,0.0,-0.0015,0.0,ident_20250910_062656.csv
0.051,2.8063,0.0037,0.0,-0.0015,0.0,ident_20250910_062656.csv
0.051,2.8063,-0.0023,0.0,-0.0015,0.0,ident_20250910_062656.csv
0.051,2.8063,-0.0015,0.0,-0.0015,0.0,ident_20250910_062656.csv
0.051,2.8064,-0.0011,0.0,-0.0015,0.0,ident_20250910_062656.csv
0.051,2.8064,-0.0002,0.0,-0.0015,0.0,ident_20250910_062656.csv
0.052,2.8062,-0.0017,0.0,-0.0015,0.0,ident_20250910_062656.csv
0.051,2.8062,0.0018,0.0,-0.0015,0.0,ident_20250910_062656.csv
0.051,2.8062,-0.001,0.0,-0.0015,0.0,ident_20250910_062656.csv
0.051,2.8062,0.0014,0.0,-0.0015,0.0,ident_20250910_062656.csv
0.051,2.8061,-0.001,0.0,-0.0015,0.0,ident_20250910_062656.csv
0.051,2.8062,-0.0006,0.0,-0.0015,0.0,ident_20250910_062656.csv
0.051,2.8063,-0.0017,0.0,-0.0015,0.0,ident_20250910_062656.csv
0.051,2.8063,-0.0025,0.0,-0.0015,0.0,ident_20250910_062656.csv
0.051,2.8063,0.0001,0.0,-0.0015,0.0,ident_20250910_062656.csv
0.051,2.8062,-0.0013,0.0,-0.0015,0.0,ident_20250910_062656.csv
0.051,2.8062,0.0017,0.0,-0.0015,0.0,ident_20250910_062656.csv
0.051,2.8062,-0.0015,0.0,-0.0015,0.0,ident_20250910_062656.csv
0.051,2.8063,0.001,0.0,-0.0015,0.0,ident_20250910_062656.csv
0.051,2.8063,0.0029,0.0,-0.0015,0.0,ident_20250910_062656.csv
0.051,2.8063,-0.0007,0.0,-0.0015,0.0,ident_20250910_062656.csv
0.051,2.8063,-0.003,0.0,-0.0015,0.0,ident_20250910_062656.csv
0.051,2.8063,-0.0005,0.0,-0.0015,0.0,ident_20250910_062656.csv
0.051,2.8064,0.0006,0.0,-0.0015,0.0,ident_20250910_062656.csv
0.051,2.8064,-0.0006,0.0,-0.0015,0.0,ident_20250910_062656.csv
0.051,2.8063,0.0011,0.0,-0.0015,0.0,ident_20250910_062656.csv
0.052,2.8065,0.0014,0.0,-0.0015,0.0,ident_20250910_062656.csv
0.05,2.8064,-0.0009,0.0,-0.0015,0.0,ident_20250910_062656.csv
0.052,2.8065,-0.0007,0.0,-0.0015,0.0,ident_20250910_062656.csv
0.05,2.8065,0.0006,0.0,-0.0015,0.0,ident_20250910_062656.csv
0.051,2.8064,0.0018,0.0,-0.0015,0.0,ident_20250910_062656.csv
0.052,2.8065,0.0001,0.0,-0.0015,0.0,ident_20250910_062656.csv
0.051,2.8064,0.0026,0.0,-0.0015,0.0,ident_20250910_062656.csv
0.051,2.8064,0.0023,0.0,-0.0015,0.0,ident_20250910_062656.csv
0.051,2.8064,-0.0005,0.0,-0.0015,0.0,ident_20250910_062656.csv
0.051,2.8064,0.0017,0.0,-0.0015,0.0,ident_20250910_062656.csv
0.051,2.8064,-0.0003,0.0,-0.0015,0.0,ident_20250910_062656.csv
0.05,2.8064,-0.0011,0.0,-0.0015,0.0,ident_20250910_062656.csv
0.052,2.8064,-0.0031,0.0,-0.0015,0.0,ident_20250910_062656.csv
0.051,2.8063,0.0005,0.0,-0.0015,0.0,ident_20250910_062656.csv
0.051,2.8063,-0.0002,0.0,-0.0015,0.0,ident_20250910_062656.csv
0.051,2.8064,-0.0001,0.0,-0.0015,0.0,ident_20250910_062656.csv
0.051,2.8064,-0.0005,0.0,-0.0015,0.0,ident_20250910_062656.csv
0.051,2.8063,0.0015,0.0,-0.0015,0.0,ident_20250910_062656.csv
0.051,2.8063,-0.0021,0.0,-0.0015,0.0,ident_20250910_062656.csv
0.051,2.8063,0.0023,0.0,-0.0015,0.0,ident_20250910_062656.csv
0.051,2.8064,-0.001,0.0,-0.0015,0.0,ident_20250910_062656.csv
0.051,2.8063,-0.0023,0.0,-0.0015,0.0,ident_20250910_062656.csv
0.051,2.8062,-0.0013,0.0,-0.0015,0.0,ident_20250910_062656.csv
0.051,2.8061,-0.0021,0.0,-0.0015,0.0,ident_20250910_062656.csv
0.051,2.8061,-0.0003,0.0,-0.0015,0.0,ident_20250910_062656.csv
0.051,2.8061,0.003,0.0,-0.0015,0.0,ident_20250910_062656.csv
0.051,2.8061,0.0003,0.0,-0.0015,0.0,ident_20250910_062656.csv
0.051,2.8061,-0.0002,0.0,-0.0015,0.0,ident_20250910_062656.csv
0.051,2.806,-0.0017,0.0,-0.0015,0.0,ident_20250910_062656.csv
0.051,2.806,0.0014,0.0,-0.0015,0.0,ident_20250910_062656.csv
0.051,2.8061,0.0015,0.0,-0.0015,0.0,ident_20250910_062656.csv
0.051,2.8061,-0.0041,0.0,-0.0015,0.0,ident_20250910_062656.csv
0.051,2.8062,-0.0027,0.0,-0.0015,0.0,ident_20250910_062656.csv
0.051,2.8062,-0.0011,0.0,-0.0015,0.0,ident_20250910_062656.csv
0.051,2.8063,-0.0006,0.0,-0.0015,0.0,ident_20250910_062656.csv
0.051,2.8063,0.0005,0.0,-0.0015,0.0,ident_20250910_062656.csv
0.051,2.8063,-0.0034,0.0,-0.0015,0.0,ident_20250910_062656.csv
0.051,2.8063,-0.0019,0.0,-0.0015,0.0,ident_20250910_062656.csv
0.051,2.8062,0.0026,0.0,-0.0015,0.0,ident_20250910_062656.csv
0.051,2.8063,0.0001,0.0,-0.0015,0.0,ident_20250910_062656.csv
0.051,2.8063,-0.0011,0.0,-0.0015,0.0,ident_20250910_062656.csv
0.051,2.8063,0.0011,0.0,-0.0015,0.0,ident_20250910_062656.csv
0.051,2.8062,0.0001,0.0,-0.0015,0.0,ident_20250910_062656.csv
0.051,2.8062,0.0009,0.0,-0.0015,0.0,ident_20250910_062656.csv
0.051,2.8061,0.0003,0.0,-0.0015,0.0,ident_20250910_062656.csv
0.051,2.8063,-0.0026,0.0,-0.0015,0.0,ident_20250910_062656.csv
0.051,2.8063,0.0002,0.0,-0.0015,0.0,ident_20250910_062656.csv
0.051,2.8063,-0.0002,0.0,-0.0015,0.0,ident_20250910_062656.csv
0.051,2.8063,-0.0001,0.0,-0.0015,0.0,ident_20250910_062656.csv
0.051,2.8062,-0.0006,0.0,-0.0015,0.0,ident_20250910_062656.csv
0.051,2.8062,0.0017,0.0,-0.0015,0.0,ident_20250910_062656.csv
0.051,2.8061,-0.0001,0.0,-0.0015,0.0,ident_20250910_062656.csv
0.051,2.8062,-0.0014,0.0,-0.0015,0.0,ident_20250910_062656.csv
0.051,2.8063,0.0021,0.0,-0.0015,0.0,ident_20250910_062656.csv
0.051,2.8063,0.0007,0.0,-0.0015,0.0,ident_20250910_062656.csv
0.051,2.8062,0.0001,0.0,-0.0015,0.0,ident_20250910_062656.csv
0.051,2.8063,0.0014,0.0,-0.0015,0.0,ident_20250910_062656.csv
0.051,2.8063,0.0013,0.0,-0.0015,0.0,ident_20250910_062656.csv
0.051,2.8064,0.0007,0.0,-0.0015,0.0,ident_20250910_062656.csv
0.051,2.8064,0.0006,0.0,-0.0015,0.0,ident_20250910_062656.csv
0.051,2.8064,-0.0017,0.0,-0.0015,0.0,ident_20250910_062656.csv
0.051,2.8065,0.0002,0.0,-0.0015,0.0,ident_20250910_062656.csv
0.051,2.8064,-0.0035,0.0,-0.0015,0.0,ident_20250910_062656.csv
0.052,2.8065,-0.0005,0.0,-0.0015,0.0,ident_20250910_062656.csv
0.051,2.8065,0.0009,0.0,-0.0015,0.0,ident_20250910_062656.csv
0.051,2.8065,0.0007,0.0,-0.0015,0.0,ident_20250910_062656.csv
0.051,2.8064,-0.0006,0.0,-0.0015,0.0,ident_20250910_062656.csv
0.051,2.8064,0.0002,0.0,-0.0015,0.0,ident_20250910_062656.csv
0.051,2.8065,0.0015,0.0,-0.0015,0.0,ident_20250910_062656.csv
0.051,2.8066,0.0011,0.0,-0.0015,0.0,ident_20250910_062656.csv
0.051,2.8064,-0.0029,0.0,-0.0015,0.0,ident_20250910_062656.csv
0.051,2.8064,-0.0013,0.0,-0.0015,0.0,ident_20250910_062656.csv
0.051,2.8064,0.0031,0.0,-0.0015,0.0,ident_20250910_062656.csv
0.051,2.8064,-0.0023,0.0,-0.0015,0.0,ident_20250910_062656.csv
0.051,2.8064,0.0003,0.0,-0.0015,0.0,ident_20250910_062656.csv
0.051,2.8063,-0.0017,0.0,-0.0015,0.0,ident_20250910_062656.csv
0.051,2.8063,0.0017,0.0,-0.0015,0.0,ident_20250910_062656.csv
0.051,2.8064,-0.0005,0.0,-0.0015,0.0,ident_20250910_062656.csv
0.051,2.8065,0.0001,0.0,-0.0015,0.0,ident_20250910_062656.csv
0.051,2.8064,-0.0009,0.0,-0.0015,0.0,ident_20250910_062656.csv
0.051,2.8064,0.0002,0.0,-0.0015,0.0,ident_20250910_062656.csv
0.051,2.8064,0.0007,0.0,-0.0015,0.0,ident_20250910_062656.csv
0.051,2.8063,0.0017,0.0,-0.0015,0.0,ident_20250910_062656.csv
0.051,2.8063,-0.0009,0.0,-0.0015,0.0,ident_20250910_062656.csv
0.051,2.8062,0.0002,0.0,-0.0015,0.0,ident_20250910_062656.csv
0.052,2.8063,0.0013,0.0,-0.0015,0.0,ident_20250910_062656.csv
0.05,2.8064,-0.0001,0.0,-0.0015,0.0,ident_20250910_062656.csv
0.051,2.8064,-0.0005,0.0,-0.0015,0.0,ident_20250910_062656.csv
0.051,2.8063,0.0011,0.0,-0.0015,0.0,ident_20250910_062656.csv
0.052,2.8062,-0.0014,0.0,-0.0015,0.0,ident_20250910_062656.csv
0.05,2.8061,-0.0013,0.0,-0.0015,0.0,ident_20250910_062656.csv
0.051,2.8062,-0.0015,0.0,-0.0015,0.0,ident_20250910_062656.csv
0.051,2.8063,-0.0018,0.0,-0.0015,0.0,ident_20250910_062656.csv
0.051,2.8063,-0.0022,0.0,-0.0015,0.0,ident_20250910_062656.csv
0.052,2.8064,0.0017,0.0,-0.0015,0.0,ident_20250910_062656.csv
0.05,2.8064,-0.0029,0.0,-0.0015,0.0,ident_20250910_062656.csv
0.051,2.8063,0.0009,0.0,-0.0015,0.0,ident_20250910_062656.csv
0.051,2.8064,0.0005,0.0,-0.0015,0.0,ident_20250910_062656.csv
0.052,2.8065,0.0021,0.0,-0.0015,0.0,ident_20250910_062656.csv
0.05,2.8063,-0.0009,0.0,-0.0015,0.0,ident_20250910_062656.csv
0.051,2.8062,-0.0034,0.0,-0.0015,0.0,ident_20250910_062656.csv
0.052,2.8063,0.0005,0.0,-0.0015,0.0,ident_20250910_062656.csv
0.05,2.8064,0.0015,0.0,-0.0015,0.0,ident_20250910_062656.csv
0.051,2.8062,-0.0015,0.0,-0.0015,0.0,ident_20250910_062656.csv
0.051,2.8063,-0.0037,0.0,-0.0015,0.0,ident_20250910_062656.csv
0.051,2.8062,0.0019,0.0,-0.0015,0.0,ident_20250910_062656.csv
0.052,2.8062,0.0006,0.0,-0.0015,0.0,ident_20250910_062656.csv
0.051,2.8062,-0.0017,0.0,-0.0015,0.0,ident_20250910_062656.csv
0.051,2.8062,0.0025,0.0,-0.0015,0.0,ident_20250910_062656.csv
0.051,2.8062,0.0006,0.0,-0.0015,0.0,ident_20250910_062656.csv
0.051,2.8063,0.0007,0.0,-0.0015,0.0,ident_20250910_062656.csv
0.051,2.8062,-0.0003,0.0,-0.0015,0.0,ident_20250910_062656.csv
0.051,2.8063,-0.0006,0.0,-0.0015,0.0,ident_20250910_062656.csv
0.051,2.8063,0.0005,0.0,-0.0015,0.0,ident_20250910_062656.csv
0.051,2.8063,-0.0017,0.0,-0.0015,0.0,ident_20250910_062656.csv
0.051,2.8062,-0.0029,0.0,-0.0015,0.0,ident_20250910_062656.csv
0.051,2.8062,-0.0009,0.0,-0.0015,0.0,ident_20250910_062656.csv
0.051,2.8062,-0.0029,0.0,-0.0015,0.0,ident_20250910_062656.csv
0.051,2.8061,0.0017,0.0,-0.0015,0.0,ident_20250910_062656.csv
0.051,2.8061,-0.0014,0.0,-0.0015,0.0,ident_20250910_062656.csv
0.051,2.806,0.0002,0.0,-0.0015,0.0,ident_20250910_062656.csv
0.051,2.8061,-0.0026,0.0,-0.0015,0.0,ident_20250910_062656.csv
0.051,2.8062,-0.0022,0.0,-0.0015,0.0,ident_20250910_062656.csv
0.051,2.8063,0.0011,0.0,-0.0015,0.0,ident_20250910_062656.csv
0.051,2.8063,-0.0031,0.0,-0.0015,0.0,ident_20250910_062656.csv
0.051,2.8062,0.0013,0.0,-0.0015,0.0,ident_20250910_062656.csv
0.051,2.8061,-0.0021,0.0,-0.0015,0.0,ident_20250910_062656.csv
0.051,2.8063,-0.0002,0.0,-0.0015,0.0,ident_20250910_062656.csv
0.051,2.8063,-0.0009,0.0,-0.0015,0.0,ident_20250910_062656.csv
0.051,2.8063,-0.0014,0.0,-0.0015,0.0,ident_20250910_062656.csv
0.051,2.8062,-0.0033,0.0,-0.0015,0.0,ident_20250910_062656.csv
0.051,2.8063,0.0001,0.0,-0.0015,0.0,ident_20250910_062656.csv
0.051,2.8064,-0.0002,0.0,-0.0015,0.0,ident_20250910_062656.csv
0.051,2.8064,-0.0027,0.0,-0.0015,0.0,ident_20250910_062656.csv
0.051,2.8064,0.001,0.0,-0.0015,0.0,ident_20250910_062656.csv
0.051,2.8066,0.0009,0.0,-0.0015,0.0,ident_20250910_062656.csv
0.051,2.8065,0.0007,0.0,-0.0015,0.0,ident_20250910_062656.csv
0.051,2.8065,0.0001,0.0,-0.0015,0.0,ident_20250910_062656.csv
0.051,2.8065,0.0006,0.0,-0.0015,0.0,ident_20250910_062656.csv
0.051,2.8065,0.0002,0.0,-0.0015,0.0,ident_20250910_062656.csv
0.051,2.8065,-0.0007,0.0,-0.0015,0.0,ident_20250910_062656.csv
0.051,2.8064,-0.0003,0.0,-0.0015,0.0,ident_20250910_062656.csv
0.051,2.8063,-0.0013,0.0,-0.0015,0.0,ident_20250910_062656.csv
0.052,2.8064,-0.0011,0.0,-0.0015,0.0,ident_20250910_062656.csv
0.051,2.8065,-0.0014,0.0,-0.0015,0.0,ident_20250910_062656.csv
0.05,2.8065,0.0011,0.0,-0.0015,0.0,ident_20250910_062656.csv
0.052,2.8065,0.0007,0.0,-0.0015,0.0,ident_20250910_062656.csv
0.05,2.8065,-0.0018,0.0,-0.0015,0.0,ident_20250910_062656.csv
0.051,2.8064,-0.0001,0.0,-0.0015,0.0,ident_20250910_062656.csv
0.052,2.8064,-0.0006,0.0,-0.0015,0.0,ident_20250910_062656.csv
0.051,2.8065,-0.0005,0.0,-0.0015,0.0,ident_20250910_062656.csv
0.051,2.8064,0.0017,0.0,-0.0015,0.0,ident_20250910_062656.csv
0.051,2.8064,-0.0021,0.0,-0.0015,0.0,ident_20250910_062656.csv
0.051,2.8064,0.0002,0.0,-0.0015,0.0,ident_20250910_062656.csv
0.051,2.8064,0.001,0.0,-0.0015,0.0,ident_20250910_062656.csv
0.051,2.8063,-0.0005,0.0,-0.0015,0.0,ident_20250910_062656.csv
0.051,2.8064,-0.0003,0.0,-0.0015,0.0,ident_20250910_062656.csv
0.051,2.8065,0.0013,0.0,-0.0015,0.0,ident_20250910_062656.csv
0.051,2.8066,-0.0005,0.0,-0.0015,0.0,ident_20250910_062656.csv
0.051,2.8065,0.0007,0.0,-0.0015,0.0,ident_20250910_062656.csv
0.051,2.8065,0.0022,0.0,-0.0015,0.0,ident_20250910_062656.csv
0.051,2.8063,0.0001,0.0,-0.0015,0.0,ident_20250910_062656.csv
0.051,2.8064,-0.0013,0.0,-0.0015,0.0,ident_20250910_062656.csv
0.051,2.8064,-0.0029,0.0,-0.0015,0.0,ident_20250910_062656.csv
0.051,2.8064,-0.0007,0.0,-0.0015,0.0,ident_20250910_062656.csv
0.051,2.8064,0.0034,0.0,-0.0015,0.0,ident_20250910_062656.csv
0.051,2.8063,-0.0005,0.0,-0.0015,0.0,ident_20250910_062656.csv
0.051,2.8064,-0.0037,0.0,-0.0015,0.0,ident_20250910_062656.csv
0.051,2.8063,-0.0014,0.0,-0.0015,0.0,ident_20250910_062656.csv
0.051,2.8062,0.0007,0.0,-0.0015,0.0,ident_20250910_062656.csv
0.051,2.8061,-0.0003,0.0,-0.0015,0.0,ident_20250910_062656.csv
0.051,2.8061,-0.0014,0.0,-0.0015,0.0,ident_20250910_062656.csv
0.051,2.806,0.0007,0.0,-0.0015,0.0,ident_20250910_062656.csv
0.051,2.8061,-0.0013,0.0,-0.0015,0.0,ident_20250910_062656.csv
0.051,2.806,-0.0006,0.0,-0.0015,0.0,ident_20250910_062656.csv
0.051,2.8061,0.0021,0.0,-0.0015,0.0,ident_20250910_062656.csv
0.051,2.806,-0.0002,0.0,-0.0015,0.0,ident_20250910_062656.csv
0.051,2.806,-0.0023,0.0,-0.0015,0.0,ident_20250910_062656.csv
0.051,2.8059,-0.001,0.0,-0.0015,0.0,ident_20250910_062656.csv
0.051,2.8061,-0.0011,0.0,-0.0015,0.0,ident_20250910_062656.csv
0.051,2.8062,-0.0014,0.0,-0.0015,0.0,ident_20250910_062656.csv
0.051,2.8062,-0.0023,0.0,-0.0015,0.0,ident_20250910_062656.csv
0.051,2.8063,0.0022,0.0,-0.0015,0.0,ident_20250910_062656.csv
0.051,2.8064,0.0018,0.0,-0.0015,0.0,ident_20250910_062656.csv
0.051,2.8063,0.0018,0.0,-0.0015,0.0,ident_20250910_062656.csv
0.051,2.8063,-0.0007,0.0,-0.0015,0.0,ident_20250910_062656.csv
0.051,2.8063,-0.001,0.0,-0.0015,0.0,ident_20250910_062656.csv
0.051,2.8063,-0.0034,0.0,-0.0015,0.0,ident_20250910_062656.csv
0.051,2.8062,-0.0007,0.0,-0.0015,0.0,ident_20250910_062656.csv
0.051,2.8062,0.0011,0.0,-0.0015,0.0,ident_20250910_062656.csv
0.051,2.8062,-0.0042,0.0,-0.0015,0.0,ident_20250910_062656.csv
0.051,2.8061,0.0013,0.0,-0.0015,0.0,ident_20250910_062656.csv
0.052,2.8061,0.0021,0.0,-0.0015,0.0,ident_20250910_062656.csv
0.051,2.8061,0.0006,0.0,-0.0015,0.0,ident_20250910_062656.csv
0.05,2.8063,0.0019,0.0,-0.0015,0.0,ident_20250910_062656.csv
0.052,2.8064,-0.0001,0.0,-0.0015,0.0,ident_20250910_062656.csv
0.05,2.8065,-0.0013,0.0,-0.0015,0.0,ident_20250910_062656.csv
0.051,2.8066,0.0009,0.0,-0.0015,0.0,ident_20250910_062656.csv
0.051,2.8065,0.0013,0.0,-0.0015,0.0,ident_20250910_062656.csv
0.052,2.8065,0.0027,0.0,-0.0015,0.0,ident_20250910_062656.csv
0.051,2.8065,-0.0001,0.0,-0.0015,0.0,ident_20250910_062656.csv
0.051,2.8064,0.001,0.0,-0.0015,0.0,ident_20250910_062656.csv
0.051,2.8065,-0.001,0.0,-0.0015,0.0,ident_20250910_062656.csv
0.051,2.8065,-0.003,0.0,-0.0015,0.0,ident_20250910_062656.csv
0.051,2.8065,0.0002,0.0,-0.0015,0.0,ident_20250910_062656.csv
0.051,2.8064,-0.0026,0.0,-0.0015,0.0,ident_20250910_062656.csv
0.051,2.8064,-0.003,0.0,-0.0015,0.0,ident_20250910_062656.csv
0.051,2.8065,-0.0037,0.0,-0.0015,0.0,ident_20250910_062656.csv
0.051,2.8065,-0.0009,0.0,-0.0015,0.0,ident_20250910_062656.csv
0.051,2.8065,0.0035,0.0,-0.0015,0.0,ident_20250910_062656.csv
0.051,2.8065,-0.0026,0.0,-0.0015,0.0,ident_20250910_062656.csv
0.051,2.8066,0.0013,0.0,-0.0015,0.0,ident_20250910_062656.csv
0.051,2.8066,-0.0017,0.0,-0.0015,0.0,ident_20250910_062656.csv
0.051,2.8066,-0.0011,0.0,-0.0015,0.0,ident_20250910_062656.csv
0.052,2.8065,-0.0006,0.0,-0.0015,0.0,ident_20250910_062656.csv
0.051,2.8066,0.0003,0.0,-0.0015,0.0,ident_20250910_062656.csv
0.051,2.8066,-0.0015,0.0,-0.0015,0.0,ident_20250910_062656.csv
0.051,2.8065,-0.0023,0.0,-0.0015,0.0,ident_20250910_062656.csv
0.051,2.8066,0.0007,0.0,-0.0015,0.0,ident_20250910_062656.csv
0.051,2.8067,-0.0002,0.0,-0.0015,0.0,ident_20250910_062656.csv
0.051,2.8067,0.0014,0.0,-0.0015,0.0,ident_20250910_062656.csv
0.051,2.8068,-0.0001,0.0,-0.0015,0.0,ident_20250910_062656.csv
0.051,2.8067,-0.0015,0.0,-0.0015,0.0,ident_20250910_062656.csv
0.051,2.8066,-0.0014,0.0,-0.0015,0.0,ident_20250910_062656.csv
0.051,2.8067,-0.001,0.0,-0.0015,0.0,ident_20250910_062656.csv
0.051,2.8066,-0.0005,0.0,-0.0015,0.0,ident_20250910_062656.csv
0.051,2.8066,-0.0034,0.0,-0.0015,0.0,ident_20250910_062656.csv
0.051,2.8067,0.0001,0.0,-0.0015,0.0,ident_20250910_062656.csv
0.051,2.8067,-0.0018,0.0,-0.0015,0.0,ident_20250910_062656.csv
0.051,2.8067,0.0001,0.0,-0.0015,0.0,ident_20250910_062656.csv
0.051,2.8068,0.0007,0.0,-0.0015,0.0,ident_20250910_062656.csv
0.051,2.8068,-0.0001,0.0,-0.0015,0.0,ident_20250910_062656.csv
0.051,2.8067,-0.0015,0.0,-0.0015,0.0,ident_20250910_062656.csv
0.05,2.8067,-0.0019,0.0,-0.0015,0.0,ident_20250910_062656.csv
0.052,2.8068,0.0001,0.0,-0.0015,0.0,ident_20250910_062656.csv
0.051,2.8068,0.0003,0.0,-0.0015,0.0,ident_20250910_062656.csv
0.05,2.8067,0.0018,0.0,-0.0015,0.0,ident_20250910_062656.csv
0.051,2.8067,-0.001,0.0,-0.0015,0.0,ident_20250910_062656.csv
0.052,2.8067,-0.0022,0.0,-0.0015,0.0,ident_20250910_062656.csv
0.051,2.8068,-0.0003,0.0,-0.0015,0.0,ident_20250910_062656.csv
0.051,2.8067,-0.0025,0.0,-0.0015,0.0,ident_20250910_062656.csv
0.051,2.8066,0.0018,0.0,-0.0015,0.0,ident_20250910_062656.csv
0.051,2.8066,-0.0031,0.0,-0.0015,0.0,ident_20250910_062656.csv
0.051,2.8065,-0.0015,0.0,-0.0015,0.0,ident_20250910_062656.csv
0.051,2.8064,-0.0029,0.0,-0.0015,0.0,ident_20250910_062656.csv
0.051,2.8063,-0.0025,0.0,-0.0015,0.0,ident_20250910_062656.csv
0.051,2.8063,-0.001,0.0,-0.0015,0.0,ident_20250910_062656.csv
0.051,2.8064,0.0026,0.0,-0.0015,0.0,ident_20250910_062656.csv
0.051,2.8063,-0.0005,0.0,-0.0015,0.0,ident_20250910_062656.csv
0.051,2.8064,0.0009,0.0,-0.0015,0.0,ident_20250910_062656.csv
0.051,2.8064,-0.0014,0.0,-0.0015,0.0,ident_20250910_062656.csv
0.051,2.8065,0.0023,0.0,-0.0015,0.0,ident_20250910_062656.csv
0.051,2.8064,-0.0003,0.0,-0.0015,0.0,ident_20250910_062656.csv
0.051,2.8065,0.0027,0.0,-0.0015,0.0,ident_20250910_062656.csv
0.051,2.8065,-0.0029,0.0,-0.0015,0.0,ident_20250910_062656.csv
0.051,2.8064,-0.0014,0.0,-0.0015,0.0,ident_20250910_062656.csv
0.051,2.8064,0.0014,0.0,-0.0015,0.0,ident_20250910_062656.csv
0.051,2.8064,-0.0002,0.0,-0.0015,0.0,ident_20250910_062656.csv
0.051,2.8064,0.0026,0.0,-0.0015,0.0,ident_20250910_062656.csv
0.051,2.8065,-0.0039,0.0,-0.0015,0.0,ident_20250910_062656.csv
0.051,2.8065,0.0001,0.0,-0.0015,0.0,ident_20250910_062656.csv
0.051,2.8065,-0.0022,0.0,-0.0015,0.0,ident_20250910_062656.csv
0.051,2.8064,-0.0017,0.0,-0.0015,0.0,ident_20250910_062656.csv
0.051,2.8064,0.0007,0.0,-0.0015,0.0,ident_20250910_062656.csv
0.051,2.8065,-0.0018,0.0,-0.0015,0.0,ident_20250910_062656.csv
0.051,2.8064,0.0005,0.0,-0.0015,0.0,ident_20250910_062656.csv
0.051,2.8064,-0.0009,0.0,-0.0015,0.0,ident_20250910_062656.csv
