dt,angle,angle_dt,pwm,pos,pos_dt,source_file
0.051,2.7949,-0.017,-15.0,-0.1863,-0.0638,ident_20250910_060300.csv
0.051,2.7762,-0.2881,-15.0,-0.193,-0.2553,ident_20250910_060300.csv
0.051,2.7529,-0.4563,-15.0,-0.2015,-0.1915,ident_20250910_060300.csv
0.051,2.7324,-0.3784,-15.0,-0.211,-0.1276,ident_20250910_060300.csv
0.052,2.7183,-0.3101,-15.0,-0.2216,-0.2553,ident_20250910_060300.csv
0.051,2.703,-0.3045,0.0,-0.2322,-0.2553,ident_20250910_060300.csv
0.051,2.7183,-0.1133,0.0,-0.2367,-0.0638,ident_20250910_060300.csv
0.052,2.7422,0.4145,0.0,-0.2379,0.0,ident_20250910_060300.csv
0.051,2.7774,0.8018,0.0,-0.2378,0.0,ident_20250910_060300.csv
0.051,2.8179,0.8718,0.0,-0.2378,0.0,ident_20250910_060300.csv
0.051,2.8536,0.6004,0.0,-0.2378,0.0,ident_20250910_060300.csv
0.051,2.8667,0.1308,0.0,-0.2378,0.0,ident_20250910_060300.csv
0.05,2.8558,-0.3421,0.0,-0.2378,0.0,ident_20250910_060300.csv
0.052,2.8285,-0.5862,0.0,-0.2378,0.0,ident_20250910_060300.csv
0.05,2.7983,-0.5556,0.0,-0.2378,0.0,ident_20250910_060300.csv
0.051,2.7784,-0.3136,0.0,-0.2378,0.0,ident_20250910_060300.csv
0.051,2.7744,0.037,0.0,-0.2378,0.0,ident_20250910_060300.csv
0.051,2.786,0.3212,0.0,-0.2378,0.0,ident_20250910_060300.csv
0.051,2.8069,0.4469,0.0,-0.2378,0.0,ident_20250910_060300.csv
0.051,2.8267,0.3523,0.0,-0.2378,0.0,ident_20250910_060300.csv
0.051,2.8358,0.1173,0.0,-0.2378,0.0,ident_20250910_060300.csv
0.051,2.8317,-0.1529,0.0,-0.2378,0.0,ident_20250910_060300.csv
0.051,2.8177,-0.303,0.0,-0.2378,0.0,ident_20250910_060300.csv
0.051,2.8026,-0.2804,0.0,-0.2378,0.0,ident_20250910_060300.csv
0.051,2.7935,-0.1362,0.0,-0.2378,0.0,ident_20250910_060300.csv
0.051,2.7932,0.0547,0.0,-0.2378,0.0,ident_20250910_060300.csv
0.051,2.801,0.1902,0.0,-0.2378,0.0,ident_20250910_060300.csv
0.051,2.8112,0.2063,0.0,-0.2378,0.0,ident_20250910_060300.csv
0.051,2.8186,0.1153,0.0,-0.2378,0.0,ident_20250910_060300.csv
0.051,2.8195,-0.0185,0.0,-0.2378,0.0,ident_20250910_060300.csv
0.051,2.8144,-0.1198,0.0,-0.2378,0.0,ident_20250910_060300.csv
0.051,2.807,-0.1362,0.0,-0.2378,0.0,ident_20250910_060300.csv
0.051,2.8022,-0.0748,0.0,-0.2378,0.0,ident_20250910_060300.csv
0.051,2.8016,0.0181,0.0,-0.2378,0.0,ident_20250910_060300.csv
0.051,2.8051,0.0873,0.0,-0.2378,0.0,ident_20250910_060300.csv
0.051,2.8098,0.0881,0.0,-0.2378,0.0,ident_20250910_060300.csv
0.051,2.8124,0.041,0.0,-0.2378,0.0,ident_20250910_060300.csv
0.051,2.8121,-0.0256,0.0,-0.2378,0.0,ident_20250910_060300.csv
0.051,2.8092,-0.0612,0.0,-0.2378,0.0,ident_20250910_060300.csv
0.051,2.8062,-0.0535,0.0,-0.2378,0.0,ident_20250910_060300.csv
0.051,2.8048,-0.0122,0.0,-0.2378,0.0,ident_20250910_060300.csv
0.051,2.8057,0.0323,0.0,-0.2378,0.0,ident_20250910_060300.csv
0.051,2.8078,0.0426,0.0,-0.2378,0.0,ident_20250910_060300.csv
0.051,2.8094,0.0282,0.0,-0.2378,0.0,ident_20250910_060300.csv
0.052,2.8094,-0.0085,0.0,-0.2378,0.0,ident_20250910_060300.csv
0.051,2.808,-0.0303,0.0,-0.2378,0.0,ident_20250910_060300.csv
0.051,2.8066,-0.0239,0.0,-0.2378,0.0,ident_20250910_060300.csv
0.051,2.8061,-0.005,0.0,-0.2378,0.0,ident_20250910_060300.csv
0.051,2.8066,0.0153,0.0,-0.2378,0.0,ident_20250910_060300.csv
0.051,2.8077,0.0226,0.0,-0.2378,0.0,ident_20250910_060300.csv
0.051,2.8082,0.0067,0.0,-0.2378,0.0,ident_20250910_060300.csv
0.051,2.808,-0.0077,0.0,-0.2378,0.0,ident_20250910_060300.csv
0.051,2.8071,-0.0139,0.0,-0.2378,0.0,ident_20250910_060300.csv
0.051,2.8063,-0.0105,0.0,-0.2378,0.0,ident_20250910_060300.csv
0.051,2.8063,0.0042,0.0,-0.2378,0.0,ident_20250910_060300.csv
0.051,2.8067,0.0107,0.0,-0.2378,0.0,ident_20250910_060300.csv
0.051,2.8072,0.0067,0.0,-0.2378,0.0,ident_20250910_060300.csv
0.051,2.8073,-0.0017,0.0,-0.2378,0.0,ident_20250910_060300.csv
0.051,2.8068,-0.0065,0.0,-0.2378,0.0,ident_20250910_060300.csv
0.051,2.8066,-0.0077,0.0,-0.2378,0.0,ident_20250910_060300.csv
0.05,2.8064,0.0026,0.0,-0.2378,0.0,ident_20250910_060300.csv
0.052,2.8067,0.0063,0.0,-0.2378,0.0,ident_20250910_060300.csv
0.051,2.8069,0.0037,0.0,-0.2378,0.0,ident_20250910_060300.csv
0.051,2.8071,0.0006,0.0,-0.2378,0.0,ident_20250910_060300.csv
0.051,2.8068,-0.0053,0.0,-0.2378,0.0,ident_20250910_060300.csv
0.051,2.8066,-0.0049,0.0,-0.2378,0.0,ident_20250910_060300.csv
0.051,2.8065,0.0007,0.0,-0.2378,0.0,ident_20250910_060300.csv
0.051,2.8066,0.0059,0.0,-0.2378,0.0,ident_20250910_060300.csv
0.051,2.8068,0.0043,0.0,-0.2378,0.0,ident_20250910_060300.csv
0.051,2.8069,-0.0002,0.0,-0.2378,0.0,ident_20250910_060300.csv
0.05,2.8068,-0.0014,0.0,-0.2378,0.0,ident_20250910_060300.csv
0.052,2.8066,-0.0038,0.0,-0.2378,0.0,ident_20250910_060300.csv
0.051,2.8066,-0.0017,0.0,-0.2378,0.0,ident_20250910_060300.csv
0.051,2.8066,0.0002,0.0,-0.2378,0.0,ident_20250910_060300.csv
0.051,2.8066,0.005,0.0,-0.2378,0.0,ident_20250910_060300.csv
0.051,2.8066,0.0029,0.0,-0.2378,0.0,ident_20250910_060300.csv
0.051,2.8065,-0.0033,0.0,-0.2378,0.0,ident_20250910_060300.csv
0.05,2.8065,-0.0021,0.0,-0.2378,0.0,ident_20250910_060300.csv
0.052,2.8065,0.0007,0.0,-0.2378,0.0,ident_20250910_060300.csv
0.05,2.8065,0.0011,0.0,-0.2378,0.0,ident_20250910_060300.csv
0.051,2.8066,0.0035,0.0,-0.2378,0.0,ident_20250910_060300.csv
0.051,2.8067,0.0006,0.0,-0.2378,0.0,ident_20250910_060300.csv
0.052,2.8067,0.0009,0.0,-0.2378,0.0,ident_20250910_060300.csv
0.051,2.8066,-0.0009,0.0,-0.2378,0.0,ident_20250910_060300.csv
0.051,2.8066,-0.0014,0.0,-0.2378,0.0,ident_20250910_060300.csv
0.051,2.8066,0.0022,0.0,-0.2378,0.0,ident_20250910_060300.csv
0.051,2.8066,0.0011,0.0,-0.2378,0.0,ident_20250910_060300.csv
0.051,2.8066,-0.0027,0.0,-0.2378,0.0,ident_20250910_060300.csv
0.051,2.8065,-0.0002,0.0,-0.2378,0.0,ident_20250910_060300.csv
0.052,2.8064,0.0019,0.0,-0.2378,0.0,ident_20250910_060300.csv
0.051,2.8065,-0.0018,0.0,-0.2378,0.0,ident_20250910_060300.csv
0.051,2.8065,0.0002,0.0,-0.2378,0.0,ident_20250910_060300.csv
0.051,2.8065,0.0018,0.0,-0.2378,0.0,ident_20250910_060300.csv
0.051,2.8065,0.0001,0.0,-0.2378,0.0,ident_20250910_060300.csv
0.05,2.8065,-0.0014,0.0,-0.2378,0.0,ident_20250910_060300.csv
0.052,2.8066,-0.0007,0.0,-0.2378,0.0,ident_20250910_060300.csv
0.05,2.8065,0.0027,0.0,-0.2378,0.0,ident_20250910_060300.csv
0.051,2.8065,-0.0002,0.0,-0.2378,0.0,ident_20250910_060300.csv
0.051,2.8065,0.0007,0.0,-0.2378,0.0,ident_20250910_060300.csv
0.052,2.8064,0.0011,0.0,-0.2378,0.0,ident_20250910_060300.csv
0.051,2.8064,0.0006,0.0,-0.2378,0.0,ident_20250910_060300.csv
0.05,2.8064,0.0025,0.0,-0.2378,0.0,ident_20250910_060300.csv
0.052,2.8064,-0.0033,0.0,-0.2378,0.0,ident_20250910_060300.csv
0.05,2.8065,-0.0005,0.0,-0.2378,0.0,ident_20250910_060300.csv
0.051,2.8064,-0.0006,0.0,-0.2378,0.0,ident_20250910_060300.csv
0.051,2.8064,-0.001,0.0,-0.2378,0.0,ident_20250910_060300.csv
0.051,2.8064,-0.0027,0.0,-0.2378,0.0,ident_20250910_060300.csv
0.051,2.8064,0.0014,0.0,-0.2378,0.0,ident_20250910_060300.csv
0.051,2.8065,-0.0003,0.0,-0.2378,0.0,ident_20250910_060300.csv
0.052,2.8065,-0.0022,0.0,-0.2378,0.0,ident_20250910_060300.csv
0.05,2.8065,0.0002,0.0,-0.2378,0.0,ident_20250910_060300.csv
0.051,2.8065,0.0002,0.0,-0.2378,0.0,ident_20250910_060300.csv
0.051,2.8066,0.0011,0.0,-0.2378,0.0,ident_20250910_060300.csv
0.051,2.8066,0.0027,0.0,-0.2378,0.0,ident_20250910_060300.csv
0.051,2.8067,-0.0023,0.0,-0.2378,0.0,ident_20250910_060300.csv
0.051,2.8068,0.001,0.0,-0.2378,0.0,ident_20250910_060300.csv
0.051,2.8067,-0.0026,0.0,-0.2378,0.0,ident_20250910_060300.csv
0.051,2.8066,0.0007,0.0,-0.2378,0.0,ident_20250910_060300.csv
0.051,2.8066,-0.0013,0.0,-0.2378,0.0,ident_20250910_060300.csv
0.051,2.8066,0.0022,0.0,-0.2378,0.0,ident_20250910_060300.csv
0.051,2.8066,0.0007,0.0,-0.2378,0.0,ident_20250910_060300.csv
0.051,2.8066,0.0026,0.0,-0.2378,0.0,ident_20250910_060300.csv
0.051,2.8066,-0.0007,0.0,-0.2378,0.0,ident_20250910_060300.csv
0.051,2.8067,0.0019,0.0,-0.2378,0.0,ident_20250910_060300.csv
0.051,2.8067,0.0011,0.0,-0.2378,0.0,ident_20250910_060300.csv
0.051,2.8068,-0.0014,0.0,-0.2378,0.0,ident_20250910_060300.csv
0.051,2.8066,-0.0003,0.0,-0.2378,0.0,ident_20250910_060300.csv
0.051,2.8066,-0.0025,0.0,-0.2378,0.0,ident_20250910_060300.csv
0.051,2.8065,0.0021,0.0,-0.2378,0.0,ident_20250910_060300.csv
0.051,2.8065,0.0007,0.0,-0.2378,0.0,ident_20250910_060300.csv
0.051,2.8065,-0.0011,0.0,-0.2378,0.0,ident_20250910_060300.csv
0.051,2.8065,0.0013,0.0,-0.2378,0.0,ident_20250910_060300.csv
0.051,2.8066,0.0002,0.0,-0.2378,0.0,ident_20250910_060300.csv
0.051,2.8066,-0.0006,0.0,-0.2378,0.0,ident_20250910_060300.csv
0.051,2.8066,0.0021,0.0,-0.2378,0.0,ident_20250910_060300.csv
0.051,2.8067,-0.0027,0.0,-0.2378,0.0,ident_20250910_060300.csv
0.051,2.8066,-0.0018,0.0,-0.2378,0.0,ident_20250910_060300.csv
0.051,2.8066,0.0014,0.0,-0.2378,0.0,ident_20250910_060300.csv
0.051,2.8066,-0.0003,0.0,-0.2378,0.0,ident_20250910_060300.csv
0.051,2.8066,-0.0014,0.0,-0.2378,0.0,ident_20250910_060300.csv
0.051,2.8066,-0.0018,0.0,-0.2378,0.0,ident_20250910_060300.csv
0.051,2.8067,-0.0007,0.0,-0.2378,0.0,ident_20250910_060300.csv
0.051,2.8066,0.0013,0.0,-0.2378,0.0,ident_20250910_060300.csv
0.051,2.8067,-0.0027,0.0,-0.2378,0.0,ident_20250910_060300.csv
0.051,2.8067,-0.0011,0.0,-0.2378,0.0,ident_20250910_060300.csv
0.051,2.8067,-0.0005,0.0,-0.2378,0.0,ident_20250910_060300.csv
0.051,2.8067,-0.0017,0.0,-0.2378,0.0,ident_20250910_060300.csv
0.051,2.8067,0.0017,0.0,-0.2378,0.0,ident_20250910_060300.csv
0.051,2.8066,0.0005,0.0,-0.2378,0.0,ident_20250910_060300.csv
0.05,2.8068,0.001,0.0,-0.2378,0.0,ident_20250910_060300.csv
0.051,2.8067,-0.0001,0.0,-0.2378,0.0,ident_20250910_060300.csv
0.051,2.8067,0.0018,0.0,-0.2378,0.0,ident_20250910_060300.csv
0.051,2.8066,-0.0011,0.0,-0.2378,0.0,ident_20250910_060300.csv
0.052,2.8066,-0.0023,0.0,-0.2378,0.0,ident_20250910_060300.csv
0.05,2.8066,-0.0015,0.0,-0.2378,0.0,ident_20250910_060300.csv
0.051,2.8067,-0.0007,0.0,-0.2378,0.0,ident_20250910_060300.csv
0.051,2.8066,-0.0009,0.0,-0.2378,0.0,ident_20250910_060300.csv
0.052,2.8066,0.001,0.0,-0.2378,0.0,ident_20250910_060300.csv
0.051,2.8067,0.0018,0.0,-0.2378,0.0,ident_20250910_060300.csv
0.05,2.8066,0.0002,0.0,-0.2378,0.0,ident_20250910_060300.csv
0.052,2.8067,-0.0007,0.0,-0.2378,0.0,ident_20250910_060300.csv
0.05,2.8066,0.0029,0.0,-0.2378,0.0,ident_20250910_060300.csv
0.051,2.8065,-0.0027,0.0,-0.2378,0.0,ident_20250910_060300.csv
0.051,2.8066,0.0017,0.0,-0.2378,0.0,ident_20250910_060300.csv
0.052,2.8067,-0.0009,0.0,-0.2378,0.0,ident_20250910_060300.csv
0.051,2.8066,0.0005,0.0,-0.2378,0.0,ident_20250910_060300.csv
0.051,2.8067,0.0013,0.0,-0.2378,0.0,ident_20250910_060300.csv
0.051,2.8067,-0.0003,0.0,-0.2378,0.0,ident_20250910_060300.csv
0.051,2.8067,-0.0007,0.0,-0.2378,0.0,ident_20250910_060300.csv
0.05,2.8067,0.0019,0.0,-0.2378,0.0,ident_20250910_060300.csv
0.051,2.8067,-0.0021,0.0,-0.2378,0.0,ident_20250910_060300.csv
0.051,2.8068,0.0014,0.0,-0.2378,0.0,ident_20250910_060300.csv
0.051,2.8067,0.0001,0.0,-0.2378,0.0,ident_20250910_060300.csv
0.051,2.8068,0.0009,0.0,-0.2378,0.0,ident_20250910_060300.csv
0.052,2.8068,0.0001,0.0,-0.2378,0.0,ident_20250910_060300.csv
0.051,2.8068,0.0034,0.0,-0.2378,0.0,ident_20250910_060300.csv
0.051,2.8068,-0.0006,0.0,-0.2378,0.0,ident_20250910_060300.csv
0.051,2.8069,0.0003,0.0,-0.2378,0.0,ident_20250910_060300.csv
0.051,2.8069,0.001,0.0,-0.2378,0.0,ident_20250910_060300.csv
0.051,2.8069,0.0006,0.0,-0.2378,0.0,ident_20250910_060300.csv
0.051,2.8068,0.0002,0.0,-0.2378,0.0,ident_20250910_060300.csv
0.051,2.8067,-0.0006,0.0,-0.2378,0.0,ident_20250910_060300.csv
0.051,2.8067,0.0017,0.0,-0.2378,0.0,ident_20250910_060300.csv
0.051,2.8068,-0.0011,0.0,-0.2378,0.0,ident_20250910_060300.csv
0.051,2.8068,0.0025,0.0,-0.2378,0.0,ident_20250910_060300.csv
0.051,2.8068,0.0033,0.0,-0.2378,0.0,ident_20250910_060300.csv
0.051,2.8068,0.0018,0.0,-0.2378,0.0,ident_20250910_060300.csv
0.051,2.8068,-0.0017,0.0,-0.2378,0.0,ident_20250910_060300.csv
0.051,2.8068,0.0015,0.0,-0.2378,0.0,ident_20250910_060300.csv
0.051,2.8068,0.0022,0.0,-0.2378,0.0,ident_20250910_060300.csv
0.051,2.8068,-0.0015,0.0,-0.2378,0.0,ident_20250910_060300.csv
0.051,2.8067,0.0038,0.0,-0.2378,0.0,ident_20250910_060300.csv
0.051,2.8066,0.0025,0.0,-0.2378,0.0,ident_20250910_060300.csv
0.051,2.8066,0.0018,0.0,-0.2378,0.0,ident_20250910_060300.csv
0.051,2.8067,0.0019,0.0,-0.2378,0.0,ident_20250910_060300.csv
0.051,2.8066,0.0005,0.0,-0.2378,0.0,ident_20250910_060300.csv
0.051,2.8067,-0.0006,0.0,-0.2378,0.0,ident_20250910_060300.csv
0.051,2.8066,-0.0011,0.0,-0.2378,0.0,ident_20250910_060300.csv
0.051,2.8066,-0.0027,0.0,-0.2378,0.0,ident_20250910_060300.csv
0.051,2.8066,0.0027,0.0,-0.2378,0.0,ident_20250910_060300.csv
0.051,2.8067,-0.0007,0.0,-0.2378,0.0,ident_20250910_060300.csv
0.051,2.8066,0.0007,0.0,-0.2378,0.0,ident_20250910_060300.csv
0.051,2.8214,0.0271,15.0,-0.2346,0.0638,ident_20250910_060300.csv
0.051,2.8354,0.121,15.0,-0.2277,0.1276,ident_20250910_060300.csv
0.051,2.846,0.1974,15.0,-0.219,0.1914,ident_20250910_060300.csv
0.052,2.855,0.0988,15.0,-0.2084,0.1276,ident_20250910_060300.csv
0.051,2.8605,0.1146,15.0,-0.1973,0.1914,ident_20250910_060300.csv
0.051,2.8625,0.0412,0.0,-0.1863,0.1276,ident_20250910_060300.csv
0.051,2.8387,0.0578,0.0,-0.181,0.0638,ident_20250910_060300.csv
0.051,2.8301,-0.0066,0.0,-0.1798,0.0,ident_20250910_060300.csv
0.051,2.8248,-0.1819,0.0,-0.1798,0.0,ident_20250910_060300.csv
0.051,2.8136,-0.2448,0.0,-0.1798,0.0,ident_20250910_060300.csv
0.051,2.8038,-0.1774,0.0,-0.1798,0.0,ident_20250910_060300.csv
0.051,2.8003,-0.0352,0.0,-0.1798,0.0,ident_20250910_060300.csv
0.051,2.804,0.1032,0.0,-0.1798,0.0,ident_20250910_060300.csv
0.051,2.8118,0.1493,0.0,-0.1798,0.0,ident_20250910_060300.csv
0.051,2.8179,0.0911,0.0,-0.1798,0.0,ident_20250910_060300.csv
0.051,2.819,-0.0173,0.0,-0.1798,0.0,ident_20250910_060300.csv
0.051,2.8155,-0.0963,0.0,-0.1798,0.0,ident_20250910_060300.csv
0.051,2.8104,-0.1008,0.0,-0.1798,0.0,ident_20250910_060300.csv
0.051,2.8081,-0.0295,0.0,-0.1798,0.0,ident_20250910_060300.csv
0.051,2.8096,0.0464,0.0,-0.1798,0.0,ident_20250910_060300.csv
0.051,2.8134,0.0785,0.0,-0.1798,0.0,ident_20250910_060300.csv
0.051,2.8166,0.0486,0.0,-0.1798,0.0,ident_20250910_060300.csv
0.051,2.8171,-0.0106,0.0,-0.1798,0.0,ident_20250910_060300.csv
0.051,2.8151,-0.0522,0.0,-0.1798,0.0,ident_20250910_060300.csv
0.051,2.8125,-0.0512,0.0,-0.1798,0.0,ident_20250910_060300.csv
0.051,2.8116,-0.0054,0.0,-0.1798,0.0,ident_20250910_060300.csv
0.051,2.8129,0.0343,0.0,-0.1798,0.0,ident_20250910_060300.csv
0.051,2.8152,0.0407,0.0,-0.1798,0.0,ident_20250910_060300.csv
0.051,2.8167,0.0195,0.0,-0.1798,0.0,ident_20250910_060300.csv
0.051,2.8164,-0.0153,0.0,-0.1798,0.0,ident_20250910_060300.csv
0.051,2.8149,-0.0358,0.0,-0.1798,0.0,ident_20250910_060300.csv
0.051,2.8138,-0.0215,0.0,-0.1798,0.0,ident_20250910_060300.csv
0.051,2.8138,0.0058,0.0,-0.1798,0.0,ident_20250910_060300.csv
0.051,2.815,0.0254,0.0,-0.1798,0.0,ident_20250910_060300.csv
0.051,2.8161,0.0202,0.0,-0.1798,0.0,ident_20250910_060300.csv
0.051,2.8165,-0.0025,0.0,-0.1798,0.0,ident_20250910_060300.csv
0.051,2.8159,-0.0183,0.0,-0.1798,0.0,ident_20250910_060300.csv
0.051,2.8149,-0.0197,0.0,-0.1798,0.0,ident_20250910_060300.csv
0.051,2.8147,-0.0006,0.0,-0.1798,0.0,ident_20250910_060300.csv
0.05,2.8152,0.0139,0.0,-0.1798,0.0,ident_20250910_060300.csv
0.052,2.8159,0.0146,0.0,-0.1798,0.0,ident_20250910_060300.csv
0.051,2.8164,0.0029,0.0,-0.1798,0.0,ident_20250910_060300.csv
0.051,2.8161,-0.0094,0.0,-0.1798,0.0,ident_20250910_060300.csv
0.051,2.8156,-0.0138,0.0,-0.1798,0.0,ident_20250910_060300.csv
0.051,2.8153,-0.0067,0.0,-0.1798,0.0,ident_20250910_060300.csv
0.051,2.8153,0.0062,0.0,-0.1798,0.0,ident_20250910_060300.csv
0.051,2.8158,0.0133,0.0,-0.1798,0.0,ident_20250910_060300.csv
0.051,2.8162,0.0087,0.0,-0.1798,0.0,ident_20250910_060300.csv
0.051,2.8163,-0.0051,0.0,-0.1798,0.0,ident_20250910_060300.csv
0.051,2.816,-0.0086,0.0,-0.1798,0.0,ident_20250910_060300.csv
0.051,2.8156,-0.0041,0.0,-0.1798,0.0,ident_20250910_060300.csv
0.051,2.8155,0.0017,0.0,-0.1798,0.0,ident_20250910_060300.csv
0.051,2.8157,0.0066,0.0,-0.1798,0.0,ident_20250910_060300.csv
0.051,2.8161,0.0061,0.0,-0.1798,0.0,ident_20250910_060300.csv
0.051,2.8162,-0.0018,0.0,-0.1798,0.0,ident_20250910_060300.csv
0.051,2.816,-0.0037,0.0,-0.1798,0.0,ident_20250910_060300.csv
0.05,2.8157,-0.0059,0.0,-0.1798,0.0,ident_20250910_060300.csv
0.052,2.8157,0.0034,0.0,-0.1798,0.0,ident_20250910_060300.csv
0.051,2.8158,0.0057,0.0,-0.1798,0.0,ident_20250910_060300.csv
0.051,2.8161,0.0007,0.0,-0.1798,0.0,ident_20250910_060300.csv
0.051,2.8161,0.0025,0.0,-0.1798,0.0,ident_20250910_060300.csv
0.051,2.816,-0.0053,0.0,-0.1798,0.0,ident_20250910_060300.csv
0.051,2.8159,-0.0013,0.0,-0.1798,0.0,ident_20250910_060300.csv
0.051,2.8159,-0.0023,0.0,-0.1798,0.0,ident_20250910_060300.csv
0.051,2.816,0.003,0.0,-0.1798,0.0,ident_20250910_060300.csv
0.051,2.8162,0.0051,0.0,-0.1798,0.0,ident_20250910_060300.csv
0.051,2.8163,-0.0013,0.0,-0.1798,0.0,ident_20250910_060300.csv
0.051,2.8162,-0.0022,0.0,-0.1798,0.0,ident_20250910_060300.csv
0.051,2.8161,-0.0029,0.0,-0.1798,0.0,ident_20250910_060300.csv
0.051,2.8161,-0.0019,0.0,-0.1798,0.0,ident_20250910_060300.csv
0.051,2.8161,0.0003,0.0,-0.1798,0.0,ident_20250910_060300.csv
0.051,2.8163,0.0019,0.0,-0.1798,0.0,ident_20250910_060300.csv
0.051,2.8163,0.0022,0.0,-0.1798,0.0,ident_20250910_060300.csv
0.051,2.8162,-0.0002,0.0,-0.1798,0.0,ident_20250910_060300.csv
0.051,2.8161,-0.0037,0.0,-0.1798,0.0,ident_20250910_060300.csv
0.051,2.8161,-0.0009,0.0,-0.1798,0.0,ident_20250910_060300.csv
0.051,2.8161,0.0027,0.0,-0.1798,0.0,ident_20250910_060300.csv
0.051,2.8162,0.0019,0.0,-0.1798,0.0,ident_20250910_060300.csv
0.051,2.8163,-0.0007,0.0,-0.1798,0.0,ident_20250910_060300.csv
0.051,2.8163,-0.0022,0.0,-0.1798,0.0,ident_20250910_060300.csv
0.051,2.8162,0.0002,0.0,-0.1798,0.0,ident_20250910_060300.csv
0.051,2.8162,-0.0007,0.0,-0.1798,0.0,ident_20250910_060300.csv
0.051,2.8162,-0.0006,0.0,-0.1798,0.0,ident_20250910_060300.csv
0.052,2.8163,0.0019,0.0,-0.1798,0.0,ident_20250910_060300.csv
0.05,2.8163,0.0005,0.0,-0.1798,0.0,ident_20250910_060300.csv
0.051,2.8163,-0.0015,0.0,-0.1798,0.0,ident_20250910_060300.csv
0.051,2.8163,-0.0015,0.0,-0.1798,0.0,ident_20250910_060300.csv
0.051,2.8164,0.0014,0.0,-0.1798,0.0,ident_20250910_060300.csv
0.051,2.8164,0.0007,0.0,-0.1798,0.0,ident_20250910_060300.csv
0.051,2.8164,0.0018,0.0,-0.1798,0.0,ident_20250910_060300.csv
0.051,2.8165,-0.0022,0.0,-0.1798,0.0,ident_20250910_060300.csv
0.051,2.8164,-0.0027,0.0,-0.1798,0.0,ident_20250910_060300.csv
0.051,2.8162,-0.0011,0.0,-0.1798,0.0,ident_20250910_060300.csv
0.051,2.8162,-0.0015,0.0,-0.1798,0.0,ident_20250910_060300.csv
0.051,2.8162,-0.0017,0.0,-0.1798,0.0,ident_20250910_060300.csv
0.051,2.8161,-0.0002,0.0,-0.1798,0.0,ident_20250910_060300.csv
0.051,2.816,0.0015,0.0,-0.1798,0.0,ident_20250910_060300.csv
0.051,2.816,-0.0015,0.0,-0.1798,0.0,ident_20250910_060300.csv
0.051,2.8159,-0.0029,0.0,-0.1798,0.0,ident_20250910_060300.csv
0.051,2.8158,-0.0003,0.0,-0.1798,0.0,ident_20250910_060300.csv
0.051,2.8159,0.0007,0.0,-0.1798,0.0,ident_20250910_060300.csv
0.051,2.8159,-0.0005,0.0,-0.1798,0.0,ident_20250910_060300.csv
0.051,2.8159,-0.0001,0.0,-0.1798,0.0,ident_20250910_060300.csv
0.051,2.8159,0.0001,0.0,-0.1798,0.0,ident_20250910_060300.csv
0.051,2.8158,-0.0022,0.0,-0.1798,0.0,ident_20250910_060300.csv
0.051,2.8158,-0.0017,0.0,-0.1798,0.0,ident_20250910_060300.csv
0.051,2.8157,0.0007,0.0,-0.1798,0.0,ident_20250910_060300.csv
0.051,2.8157,-0.0002,0.0,-0.1798,0.0,ident_20250910_060300.csv
0.051,2.8158,0.0021,0.0,-0.1798,0.0,ident_20250910_060300.csv
0.051,2.8158,0.0001,0.0,-0.1798,0.0,ident_20250910_060300.csv
0.051,2.8157,0.0006,0.0,-0.1798,0.0,ident_20250910_060300.csv
0.051,2.8157,-0.0018,0.0,-0.1798,0.0,ident_20250910_060300.csv
0.051,2.8157,0.0023,0.0,-0.1798,0.0,ident_20250910_060300.csv
0.051,2.8156,-0.0021,0.0,-0.1798,0.0,ident_20250910_060300.csv
0.051,2.8157,-0.0003,0.0,-0.1798,0.0,ident_20250910_060300.csv
0.051,2.8156,0.0009,0.0,-0.1798,0.0,ident_20250910_060300.csv
0.051,2.8157,-0.0015,0.0,-0.1798,0.0,ident_20250910_060300.csv
0.051,2.8156,-0.0018,0.0,-0.1798,0.0,ident_20250910_060300.csv
0.051,2.8155,0.0006,0.0,-0.1798,0.0,ident_20250910_060300.csv
0.051,2.8154,0.0018,0.0,-0.1798,0.0,ident_20250910_060300.csv
0.051,2.8155,0.0017,0.0,-0.1798,0.0,ident_20250910_060300.csv
0.051,2.8157,0.0001,0.0,-0.1798,0.0,ident_20250910_060300.csv
0.051,2.8155,0.0007,0.0,-0.1798,0.0,ident_20250910_060300.csv
0.051,2.8154,0.0003,0.0,-0.1798,0.0,ident_20250910_060300.csv
0.052,2.8154,0.001,0.0,-0.1798,0.0,ident_20250910_060300.csv
0.051,2.8154,0.0019,0.0,-0.1798,0.0,ident_20250910_060300.csv
0.051,2.8154,-0.0005,0.0,-0.1798,0.0,ident_20250910_060300.csv
0.051,2.8154,-0.0023,0.0,-0.1798,0.0,ident_20250910_060300.csv
0.051,2.8155,0.0014,0.0,-0.1798,0.0,ident_20250910_060300.csv
0.051,2.8156,0.0003,0.0,-0.1798,0.0,ident_20250910_060300.csv
0.051,2.8155,-0.0011,0.0,-0.1798,0.0,ident_20250910_060300.csv
0.051,2.8156,-0.0029,0.0,-0.1798,0.0,ident_20250910_060300.csv
0.051,2.8156,0.0013,0.0,-0.1798,0.0,ident_20250910_060300.csv
0.051,2.8156,0.0007,0.0,-0.1798,0.0,ident_20250910_060300.csv
0.051,2.8156,-0.0006,0.0,-0.1798,0.0,ident_20250910_060300.csv
0.051,2.8155,0.0025,0.0,-0.1798,0.0,ident_20250910_060300.csv
0.051,2.8157,0.0014,0.0,-0.1798,0.0,ident_20250910_060300.csv
0.051,2.8156,-0.0007,0.0,-0.1798,0.0,ident_20250910_060300.csv
0.051,2.8155,-0.0019,0.0,-0.1798,0.0,ident_20250910_060300.csv
0.051,2.8154,-0.0003,0.0,-0.1798,0.0,ident_20250910_060300.csv
0.051,2.8154,-0.0013,0.0,-0.1798,0.0,ident_20250910_060300.csv
0.051,2.8155,0.0021,0.0,-0.1798,0.0,ident_20250910_060300.csv
0.051,2.8155,0.0022,0.0,-0.1798,0.0,ident_20250910_060300.csv
0.051,2.8155,-0.0007,0.0,-0.1798,0.0,ident_20250910_060300.csv
0.051,2.8154,-0.0017,0.0,-0.1798,0.0,ident_20250910_060300.csv
0.051,2.8154,-0.0025,0.0,-0.1798,0.0,ident_20250910_060300.csv
0.051,2.8154,-0.0018,0.0,-0.1798,0.0,ident_20250910_060300.csv
0.051,2.8155,-0.0007,0.0,-0.1798,0.0,ident_20250910_060300.csv
0.051,2.8154,0.0029,0.0,-0.1798,0.0,ident_20250910_060300.csv
0.051,2.8155,0.0009,0.0,-0.1798,0.0,ident_20250910_060300.csv
0.05,2.8154,0.0033,0.0,-0.1798,0.0,ident_20250910_060300.csv
0.052,2.8153,0.0022,0.0,-0.1798,0.0,ident_20250910_060300.csv
0.05,2.8154,-0.001,0.0,-0.1798,0.0,ident_20250910_060300.csv
0.051,2.8154,-0.0009,0.0,-0.1798,0.0,ident_20250910_060300.csv
0.051,2.8155,0.0015,0.0,-0.1798,0.0,ident_20250910_060300.csv
0.052,2.8155,-0.0007,0.0,-0.1798,0.0,ident_20250910_060300.csv
0.051,2.8155,0.0005,0.0,-0.1798,0.0,ident_20250910_060300.csv
0.05,2.8155,0.0018,0.0,-0.1798,0.0,ident_20250910_060300.csv
0.052,2.8154,0.0003,0.0,-0.1798,0.0,ident_20250910_060300.csv
0.05,2.8155,0.0015,0.0,-0.1798,0.0,ident_20250910_060300.csv
0.051,2.8154,-0.0018,0.0,-0.1798,0.0,ident_20250910_060300.csv
0.051,2.8154,-0.0003,0.0,-0.1798,0.0,ident_20250910_060300.csv
0.051,2.8154,0.0025,0.0,-0.1798,0.0,ident_20250910_060300.csv
0.051,2.8155,0.0005,0.0,-0.1798,0.0,ident_20250910_060300.csv
0.051,2.8155,0.0013,0.0,-0.1798,0.0,ident_20250910_060300.csv
0.051,2.8155,-0.0017,0.0,-0.1798,0.0,ident_20250910_060300.csv
0.051,2.8154,-0.0026,0.0,-0.1798,0.0,ident_20250910_060300.csv
0.051,2.8155,0.0001,0.0,-0.1798,0.0,ident_20250910_060300.csv
0.052,2.8155,-0.001,0.0,-0.1798,0.0,ident_20250910_060300.csv
0.05,2.8155,0.0001,0.0,-0.1798,0.0,ident_20250910_060300.csv
0.051,2.8156,0.0002,0.0,-0.1798,0.0,ident_20250910_060300.csv
0.051,2.8156,-0.0029,0.0,-0.1798,0.0,ident_20250910_060300.csv
0.051,2.8155,0.0031,0.0,-0.1798,0.0,ident_20250910_060300.csv
0.051,2.8154,0.0001,0.0,-0.1798,0.0,ident_20250910_060300.csv
0.051,2.8154,-0.0019,0.0,-0.1798,0.0,ident_20250910_060300.csv
0.051,2.8153,-0.0006,0.0,-0.1798,0.0,ident_20250910_060300.csv
0.051,2.8153,0.0022,0.0,-0.1798,0.0,ident_20250910_060300.csv
0.051,2.8153,0.0023,0.0,-0.1798,0.0,ident_20250910_060300.csv
0.051,2.8153,0.0025,0.0,-0.1798,0.0,ident_20250910_060300.csv
0.051,2.8153,0.0014,0.0,-0.1798,0.0,ident_20250910_060300.csv
0.051,2.8153,0.0015,0.0,-0.1798,0.0,ident_20250910_060300.csv
0.051,2.8154,0.0006,0.0,-0.1798,0.0,ident_20250910_060300.csv
0.051,2.8154,-0.0003,0.0,-0.1798,0.0,ident_20250910_060300.csv
0.051,2.8152,0.0007,0.0,-0.1798,0.0,ident_20250910_060300.csv
0.051,2.8152,0.0003,0.0,-0.1798,0.0,ident_20250910_060300.csv
0.051,2.8152,-0.0022,0.0,-0.1798,0.0,ident_20250910_060300.csv
0.051,2.8151,0.0013,0.0,-0.1798,0.0,ident_20250910_060300.csv
0.051,2.8151,-0.0005,0.0,-0.1798,0.0,ident_20250910_060300.csv
0.051,2.8153,0.0001,0.0,-0.1798,0.0,ident_20250910_060300.csv
0.051,2.8153,-0.0023,0.0,-0.1798,0.0,ident_20250910_060300.csv
0.051,2.8151,-0.0022,0.0,-0.1798,0.0,ident_20250910_060300.csv
0.051,2.8153,0.0006,0.0,-0.1798,0.0,ident_20250910_060300.csv
0.051,2.8153,-0.0015,0.0,-0.1798,0.0,ident_20250910_060300.csv
0.051,2.8154,0.0007,0.0,-0.1798,0.0,ident_20250910_060300.csv
0.051,2.8155,0.0022,0.0,-0.1798,0.0,ident_20250910_060300.csv
0.051,2.8155,0.0003,0.0,-0.1798,0.0,ident_20250910_060300.csv
0.051,2.8154,0.0025,0.0,-0.1798,0.0,ident_20250910_060300.csv
0.05,2.8154,0.0003,0.0,-0.1798,0.0,ident_20250910_060300.csv
0.052,2.8154,0.0013,0.0,-0.1798,0.0,ident_20250910_060300.csv
0.051,2.8154,0.0001,0.0,-0.1798,0.0,ident_20250910_060300.csv
0.051,2.8154,0.0023,0.0,-0.1798,0.0,ident_20250910_060300.csv
0.051,2.8154,-0.001,0.0,-0.1798,0.0,ident_20250910_060300.csv
0.051,2.7999,-0.0356,-15.0,-0.183,-0.0638,ident_20250910_060300.csv
0.051,2.7825,-0.2479,-15.0,-0.19,-0.1276,ident_20250910_060300.csv
0.051,2.7616,-0.4176,-15.0,-0.1994,-0.1914,ident_20250910_060300.csv
0.051,2.7416,-0.397,-15.0,-0.2093,-0.2552,ident_20250910_060300.csv
0.052,2.7279,-0.2493,-15.0,-0.22,-0.1914,ident_20250910_060300.csv
0.051,2.7246,-0.0106,0.0,-0.2311,-0.1276,ident_20250910_060300.csv
0.051,2.7536,0.0916,0.0,-0.2361,-0.2553,ident_20250910_060300.csv
0.051,2.7767,0.3181,0.0,-0.2371,0.0,ident_20250910_060300.csv
0.051,2.8002,0.5274,0.0,-0.237,0.0,ident_20250910_060300.csv
0.051,2.8251,0.5071,0.0,-0.237,0.0,ident_20250910_060300.csv
0.051,2.8423,0.2804,0.0,-0.237,0.0,ident_20250910_060300.csv
0.051,2.8444,-0.0427,0.0,-0.237,0.0,ident_20250910_060300.csv
0.051,2.8314,-0.3182,0.0,-0.237,0.0,ident_20250910_060300.csv
0.051,2.8114,-0.4112,0.0,-0.237,0.0,ident_20250910_060300.csv
0.051,2.7931,-0.3136,0.0,-0.237,0.0,ident_20250910_060300.csv
0.051,2.7843,-0.086,0.0,-0.237,0.0,ident_20250910_060300.csv
0.051,2.7879,0.1465,0.0,-0.237,0.0,ident_20250910_060300.csv
0.051,2.8007,0.2878,0.0,-0.237,0.0,ident_20250910_060300.csv
0.051,2.8153,0.2779,0.0,-0.237,0.0,ident_20250910_060300.csv
0.051,2.824,0.1344,0.0,-0.237,0.0,ident_20250910_060300.csv
0.051,2.8235,-0.055,0.0,-0.237,0.0,ident_20250910_060300.csv
0.051,2.8149,-0.198,0.0,-0.237,0.0,ident_20250910_060300.csv
0.051,2.8035,-0.2138,0.0,-0.237,0.0,ident_20250910_060300.csv
0.051,2.7957,-0.1245,0.0,-0.237,0.0,ident_20250910_060300.csv
0.051,2.7943,0.0211,0.0,-0.237,0.0,ident_20250910_060300.csv
0.051,2.7994,0.1333,0.0,-0.237,0.0,ident_20250910_060300.csv
0.051,2.8072,0.1619,0.0,-0.237,0.0,ident_20250910_060300.csv
0.051,2.8131,0.1008,0.0,-0.237,0.0,ident_20250910_060300.csv
0.051,2.8144,-0.0058,0.0,-0.237,0.0,ident_20250910_060300.csv
0.052,2.8105,-0.0948,0.0,-0.237,0.0,ident_20250910_060300.csv
0.051,2.8044,-0.1169,0.0,-0.237,0.0,ident_20250910_060300.csv
0.051,2.8,-0.0701,0.0,-0.237,0.0,ident_20250910_060300.csv
0.051,2.7991,0.0109,0.0,-0.237,0.0,ident_20250910_060300.csv
0.051,2.8018,0.0696,0.0,-0.237,0.0,ident_20250910_060300.csv
0.051,2.806,0.0844,0.0,-0.237,0.0,ident_20250910_060300.csv
0.051,2.8089,0.0479,0.0,-0.237,0.0,ident_20250910_060300.csv
0.051,2.809,-0.0143,0.0,-0.237,0.0,ident_20250910_060300.csv
0.051,2.8064,-0.0554,0.0,-0.237,0.0,ident_20250910_060300.csv
0.051,2.8034,-0.0563,0.0,-0.237,0.0,ident_20250910_060300.csv
0.051,2.8014,-0.0235,0.0,-0.237,0.0,ident_20250910_060300.csv
0.051,2.8018,0.0212,0.0,-0.237,0.0,ident_20250910_060300.csv
0.051,2.8038,0.0456,0.0,-0.237,0.0,ident_20250910_060300.csv
0.051,2.8058,0.0374,0.0,-0.237,0.0,ident_20250910_060300.csv
0.051,2.8065,0.0049,0.0,-0.237,0.0,ident_20250910_060300.csv
0.051,2.8057,-0.0237,0.0,-0.237,0.0,ident_20250910_060300.csv
0.051,2.804,-0.0366,0.0,-0.237,0.0,ident_20250910_060300.csv
0.051,2.8026,-0.0162,0.0,-0.237,0.0,ident_20250910_060300.csv
0.051,2.8026,0.0063,0.0,-0.237,0.0,ident_20250910_060300.csv
0.051,2.8034,0.0252,0.0,-0.237,0.0,ident_20250910_060300.csv
0.051,2.8046,0.0204,0.0,-0.237,0.0,ident_20250910_060300.csv
0.051,2.8052,0.0047,0.0,-0.237,0.0,ident_20250910_060300.csv
0.051,2.8048,-0.0117,0.0,-0.237,0.0,ident_20250910_060300.csv
0.051,2.8039,-0.0185,0.0,-0.237,0.0,ident_20250910_060300.csv
0.051,2.8032,-0.0094,0.0,-0.237,0.0,ident_20250910_060300.csv
0.051,2.8032,0.0034,0.0,-0.237,0.0,ident_20250910_060300.csv
0.051,2.8037,0.0135,0.0,-0.237,0.0,ident_20250910_060300.csv
0.05,2.8043,0.0099,0.0,-0.237,0.0,ident_20250910_060300.csv
0.051,2.8045,0.0014,0.0,-0.237,0.0,ident_20250910_060300.csv
0.051,2.8042,-0.0057,0.0,-0.237,0.0,ident_20250910_060300.csv
0.051,2.8035,-0.0126,0.0,-0.237,0.0,ident_20250910_060300.csv
0.051,2.8032,-0.0053,0.0,-0.237,0.0,ident_20250910_060300.csv
0.051,2.8034,0.0073,0.0,-0.237,0.0,ident_20250910_060300.csv
0.051,2.8036,0.0125,0.0,-0.237,0.0,ident_20250910_060300.csv
0.051,2.8039,0.0055,0.0,-0.237,0.0,ident_20250910_060300.csv
0.051,2.8038,-0.0014,0.0,-0.237,0.0,ident_20250910_060300.csv
0.051,2.8036,-0.0071,0.0,-0.237,0.0,ident_20250910_060300.csv
0.051,2.8032,-0.0045,0.0,-0.237,0.0,ident_20250910_060300.csv
0.051,2.8032,0.0025,0.0,-0.237,0.0,ident_20250910_060300.csv
0.051,2.8033,0.0039,0.0,-0.237,0.0,ident_20250910_060300.csv
0.051,2.8035,0.0053,0.0,-0.237,0.0,ident_20250910_060300.csv
0.051,2.8036,0.0047,0.0,-0.237,0.0,ident_20250910_060300.csv
0.051,2.8035,-0.0035,0.0,-0.237,0.0,ident_20250910_060300.csv
0.051,2.8034,-0.0021,0.0,-0.237,0.0,ident_20250910_060300.csv
0.051,2.8033,-0.0022,0.0,-0.237,0.0,ident_20250910_060300.csv
0.051,2.8033,-0.0003,0.0,-0.237,0.0,ident_20250910_060300.csv
0.051,2.8035,0.0061,0.0,-0.237,0.0,ident_20250910_060300.csv
0.051,2.8036,0.0021,0.0,-0.237,0.0,ident_20250910_060300.csv
0.051,2.8036,-0.0009,0.0,-0.237,0.0,ident_20250910_060300.csv
0.051,2.8035,-0.0011,0.0,-0.237,0.0,ident_20250910_060300.csv
0.051,2.8034,-0.001,0.0,-0.237,0.0,ident_20250910_060300.csv
0.051,2.8034,0.0009,0.0,-0.237,0.0,ident_20250910_060300.csv
0.051,2.8036,0.0026,0.0,-0.237,0.0,ident_20250910_060300.csv
0.051,2.8038,0.0021,0.0,-0.237,0.0,ident_20250910_060300.csv
0.051,2.8038,0.0014,0.0,-0.237,0.0,ident_20250910_060300.csv
0.051,2.8037,0.0018,0.0,-0.237,0.0,ident_20250910_060300.csv
0.051,2.8037,-0.0027,0.0,-0.237,0.0,ident_20250910_060300.csv
0.051,2.8036,0.0007,0.0,-0.237,0.0,ident_20250910_060300.csv
0.051,2.8035,-0.0003,0.0,-0.237,0.0,ident_20250910_060300.csv
0.051,2.8036,-0.0006,0.0,-0.237,0.0,ident_20250910_060300.csv
0.051,2.8037,0.0005,0.0,-0.237,0.0,ident_20250910_060300.csv
0.051,2.8038,0.0003,0.0,-0.237,0.0,ident_20250910_060300.csv
0.051,2.8038,-0.0015,0.0,-0.237,0.0,ident_20250910_060300.csv
0.051,2.8038,0.0023,0.0,-0.237,0.0,ident_20250910_060300.csv
0.051,2.8038,0.0022,0.0,-0.237,0.0,ident_20250910_060300.csv
0.051,2.8037,0.0021,0.0,-0.237,0.0,ident_20250910_060300.csv
0.051,2.8038,0.0019,0.0,-0.237,0.0,ident_20250910_060300.csv
0.051,2.8038,-0.0009,0.0,-0.237,0.0,ident_20250910_060300.csv
0.051,2.8038,0.0023,0.0,-0.237,0.0,ident_20250910_060300.csv
0.051,2.8036,-0.0003,0.0,-0.237,0.0,ident_20250910_060300.csv
0.051,2.8037,0.001,0.0,-0.237,0.0,ident_20250910_060300.csv
0.051,2.8036,-0.0007,0.0,-0.237,0.0,ident_20250910_060300.csv
0.051,2.8037,-0.0003,0.0,-0.237,0.0,ident_20250910_060300.csv
0.051,2.8036,-0.0021,0.0,-0.237,0.0,ident_20250910_060300.csv
0.051,2.8036,0.0014,0.0,-0.237,0.0,ident_20250910_060300.csv
0.051,2.8035,0.0017,0.0,-0.237,0.0,ident_20250910_060300.csv
0.051,2.8036,0.0026,0.0,-0.237,0.0,ident_20250910_060300.csv
0.051,2.8035,0.0007,0.0,-0.237,0.0,ident_20250910_060300.csv
0.051,2.8036,0.0007,0.0,-0.237,0.0,ident_20250910_060300.csv
0.051,2.8036,0.0018,0.0,-0.237,0.0,ident_20250910_060300.csv
0.051,2.8036,0.0021,0.0,-0.237,0.0,ident_20250910_060300.csv
0.051,2.8037,0.001,0.0,-0.237,0.0,ident_20250910_060300.csv
0.051,2.8035,-0.0003,0.0,-0.237,0.0,ident_20250910_060300.csv
0.051,2.8035,-0.0011,0.0,-0.237,0.0,ident_20250910_060300.csv
0.051,2.8036,0.0037,0.0,-0.237,0.0,ident_20250910_060300.csv
0.051,2.8035,0.0017,0.0,-0.237,0.0,ident_20250910_060300.csv
0.051,2.8035,-0.0006,0.0,-0.237,0.0,ident_20250910_060300.csv
0.051,2.8036,-0.0018,0.0,-0.237,0.0,ident_20250910_060300.csv
0.051,2.8036,-0.0029,0.0,-0.237,0.0,ident_20250910_060300.csv
0.051,2.8035,0.0007,0.0,-0.237,0.0,ident_20250910_060300.csv
0.051,2.8035,-0.001,0.0,-0.237,0.0,ident_20250910_060300.csv
0.051,2.8036,-0.0011,0.0,-0.237,0.0,ident_20250910_060300.csv
0.051,2.8035,0.0033,0.0,-0.237,0.0,ident_20250910_060300.csv
0.051,2.8036,0.001,0.0,-0.237,0.0,ident_20250910_060300.csv
0.051,2.8037,-0.0011,0.0,-0.237,0.0,ident_20250910_060300.csv
0.051,2.8038,-0.0035,0.0,-0.237,0.0,ident_20250910_060300.csv
0.051,2.8038,-0.0011,0.0,-0.237,0.0,ident_20250910_060300.csv
0.051,2.8038,-0.0009,0.0,-0.237,0.0,ident_20250910_060300.csv
0.051,2.8038,0.0014,0.0,-0.237,0.0,ident_20250910_060300.csv
0.051,2.8038,0.0005,0.0,-0.237,0.0,ident_20250910_060300.csv
0.051,2.8037,0.001,0.0,-0.237,0.0,ident_20250910_060300.csv
0.051,2.8039,-0.0013,0.0,-0.237,0.0,ident_20250910_060300.csv
0.051,2.804,0.001,0.0,-0.237,0.0,ident_20250910_060300.csv
0.051,2.8041,0.0006,0.0,-0.237,0.0,ident_20250910_060300.csv
0.051,2.804,0.0034,0.0,-0.237,0.0,ident_20250910_060300.csv
0.051,2.8041,0.0009,0.0,-0.237,0.0,ident_20250910_060300.csv
0.051,2.8039,0.0003,0.0,-0.237,0.0,ident_20250910_060300.csv
0.051,2.804,-0.0005,0.0,-0.237,0.0,ident_20250910_060300.csv
0.052,2.8039,-0.0011,0.0,-0.237,0.0,ident_20250910_060300.csv
0.05,2.804,0.0006,0.0,-0.237,0.0,ident_20250910_060300.csv
0.051,2.8041,0.0017,0.0,-0.237,0.0,ident_20250910_060300.csv
0.051,2.8041,-0.0003,0.0,-0.237,0.0,ident_20250910_060300.csv
0.052,2.8041,0.0029,0.0,-0.237,0.0,ident_20250910_060300.csv
0.051,2.8041,0.0014,0.0,-0.237,0.0,ident_20250910_060300.csv
0.051,2.804,-0.0006,0.0,-0.237,0.0,ident_20250910_060300.csv
0.051,2.8041,0.0018,0.0,-0.237,0.0,ident_20250910_060300.csv
0.051,2.8041,-0.001,0.0,-0.237,0.0,ident_20250910_060300.csv
0.05,2.8041,0.0009,0.0,-0.237,0.0,ident_20250910_060300.csv
0.052,2.8041,0.0013,0.0,-0.237,0.0,ident_20250910_060300.csv
0.05,2.8041,0.003,0.0,-0.237,0.0,ident_20250910_060300.csv
0.051,2.8041,0.0029,0.0,-0.237,0.0,ident_20250910_060300.csv
0.051,2.804,0.0018,0.0,-0.237,0.0,ident_20250910_060300.csv
0.052,2.804,-0.0013,0.0,-0.237,0.0,ident_20250910_060300.csv
0.05,2.8039,0.0033,0.0,-0.237,0.0,ident_20250910_060300.csv
0.051,2.8039,0.0001,0.0,-0.237,0.0,ident_20250910_060300.csv
0.052,2.8038,0.0006,0.0,-0.237,0.0,ident_20250910_060300.csv
0.05,2.8038,0.0009,0.0,-0.237,0.0,ident_20250910_060300.csv
0.051,2.8038,0.0019,0.0,-0.237,0.0,ident_20250910_060300.csv
0.051,2.8037,-0.0002,0.0,-0.237,0.0,ident_20250910_060300.csv
0.051,2.8037,0.0003,0.0,-0.237,0.0,ident_20250910_060300.csv
0.051,2.8038,-0.0018,0.0,-0.237,0.0,ident_20250910_060300.csv
0.052,2.8038,-0.0026,0.0,-0.237,0.0,ident_20250910_060300.csv
0.051,2.8039,-0.0003,0.0,-0.237,0.0,ident_20250910_060300.csv
0.051,2.8038,-0.0031,0.0,-0.237,0.0,ident_20250910_060300.csv
0.051,2.8039,0.0007,0.0,-0.237,0.0,ident_20250910_060300.csv
0.051,2.804,-0.0031,0.0,-0.237,0.0,ident_20250910_060300.csv
0.051,2.8039,0.0013,0.0,-0.237,0.0,ident_20250910_060300.csv
0.051,2.8039,0.0001,0.0,-0.237,0.0,ident_20250910_060300.csv
0.051,2.8039,0.0025,0.0,-0.237,0.0,ident_20250910_060300.csv
0.051,2.8039,0.0023,0.0,-0.237,0.0,ident_20250910_060300.csv
0.051,2.804,0.0034,0.0,-0.237,0.0,ident_20250910_060300.csv
0.051,2.8039,-0.0023,0.0,-0.237,0.0,ident_20250910_060300.csv
0.051,2.8039,-0.0015,0.0,-0.237,0.0,ident_20250910_060300.csv
0.051,2.8039,0.0001,0.0,-0.237,0.0,ident_20250910_060300.csv
0.051,2.8039,0.0001,0.0,-0.237,0.0,ident_20250910_060300.csv
0.051,2.804,0.0011,0.0,-0.237,0.0,ident_20250910_060300.csv
0.05,2.804,0.0005,0.0,-0.237,0.0,ident_20250910_060300.csv
0.052,2.804,-0.0023,0.0,-0.237,0.0,ident_20250910_060300.csv
0.05,2.804,-0.001,0.0,-0.237,0.0,ident_20250910_060300.csv
0.051,2.804,-0.0015,0.0,-0.237,0.0,ident_20250910_060300.csv
0.051,2.8039,-0.0001,0.0,-0.237,0.0,ident_20250910_060300.csv
0.052,2.8039,0.0017,0.0,-0.237,0.0,ident_20250910_060300.csv
0.051,2.8039,-0.0002,0.0,-0.237,0.0,ident_20250910_060300.csv
0.051,2.8039,0.0006,0.0,-0.237,0.0,ident_20250910_060300.csv
0.051,2.8038,0.0009,0.0,-0.237,0.0,ident_20250910_060300.csv
0.051,2.8039,-0.001,0.0,-0.237,0.0,ident_20250910_060300.csv
0.051,2.8038,-0.0014,0.0,-0.237,0.0,ident_20250910_060300.csv
0.051,2.8038,0.0014,0.0,-0.237,0.0,ident_20250910_060300.csv
0.051,2.8039,0.0002,0.0,-0.237,0.0,ident_20250910_060300.csv
0.051,2.8039,-0.0023,0.0,-0.237,0.0,ident_20250910_060300.csv
0.051,2.804,0.0025,0.0,-0.237,0.0,ident_20250910_060300.csv
0.051,2.8039,-0.0023,0.0,-0.237,0.0,ident_20250910_060300.csv
0.051,2.8039,-0.0005,0.0,-0.237,0.0,ident_20250910_060300.csv
0.051,2.804,0.0049,0.0,-0.237,0.0,ident_20250910_060300.csv
0.051,2.804,0.0017,0.0,-0.237,0.0,ident_20250910_060300.csv
0.051,2.804,-0.0025,0.0,-0.237,0.0,ident_20250910_060300.csv
0.051,2.8039,-0.0005,0.0,-0.237,0.0,ident_20250910_060300.csv
0.051,2.804,0.0031,0.0,-0.237,0.0,ident_20250910_060300.csv
0.051,2.804,-0.0007,0.0,-0.237,0.0,ident_20250910_060300.csv
0.051,2.8041,0.0002,0.0,-0.237,0.0,ident_20250910_060300.csv
0.051,2.8041,-0.0005,0.0,-0.237,0.0,ident_20250910_060300.csv
0.051,2.8041,0.0019,0.0,-0.237,0.0,ident_20250910_060300.csv
0.051,2.8041,0.0005,15.0,-0.237,0.0,ident_20250910_060300.csv
0.052,2.8218,0.0375,15.0,-0.233,0.1276,ident_20250910_060300.csv
0.051,2.8343,0.1461,15.0,-0.2258,0.2553,ident_20250910_060300.csv
0.052,2.8473,0.1746,15.0,-0.2167,0.1915,ident_20250910_060300.csv
0.051,2.8569,0.2116,15.0,-0.206,0.2552,ident_20250910_060300.csv
0.051,2.8676,0.4012,15.0,-0.1951,0.1915,ident_20250910_060300.csv
0.052,2.8873,0.3598,0.0,-0.1845,0.1276,ident_20250910_060300.csv
0.051,2.8716,0.1972,0.0,-0.1803,0.0,ident_20250910_060300.csv
0.051,2.8596,-0.2312,0.0,-0.1796,0.0,ident_20250910_060300.csv
0.051,2.837,-0.6048,0.0,-0.1797,0.0,ident_20250910_060300.csv
0.051,2.8028,-0.6589,0.0,-0.1797,0.0,ident_20250910_060300.csv
0.051,2.7779,-0.397,0.0,-0.1797,0.0,ident_20250910_060300.csv
0.051,2.7729,0.0066,0.0,-0.1797,0.0,ident_20250910_060300.csv
0.051,2.7874,0.3703,0.0,-0.1797,0.0,ident_20250910_060300.csv
0.051,2.8111,0.4728,0.0,-0.1797,0.0,ident_20250910_060300.csv
0.051,2.8304,0.3307,0.0,-0.1797,0.0,ident_20250910_060300.csv
0.051,2.8369,0.0252,0.0,-0.1797,0.0,ident_20250910_060300.csv
0.051,2.828,-0.2476,0.0,-0.1797,0.0,ident_20250910_060300.csv
0.051,2.8115,-0.3417,0.0,-0.1797,0.0,ident_20250910_060300.csv
0.051,2.7986,-0.2286,0.0,-0.1797,0.0,ident_20250910_060300.csv
0.051,2.7951,-0.0039,0.0,-0.1797,0.0,ident_20250910_060300.csv
0.051,2.8025,0.1939,0.0,-0.1797,0.0,ident_20250910_060300.csv
0.051,2.8148,0.2351,0.0,-0.1797,0.0,ident_20250910_060300.csv
0.051,2.8235,0.1336,0.0,-0.1797,0.0,ident_20250910_060300.csv
0.051,2.8243,-0.0354,0.0,-0.1797,0.0,ident_20250910_060300.csv
0.051,2.8178,-0.157,0.0,-0.1797,0.0,ident_20250910_060300.csv
0.051,2.8098,-0.1623,0.0,-0.1797,0.0,ident_20250910_060300.csv
0.051,2.8048,-0.0638,0.0,-0.1797,0.0,ident_20250910_060300.csv
0.051,2.8062,0.0619,0.0,-0.1797,0.0,ident_20250910_060300.csv
0.051,2.8122,0.1225,0.0,-0.1797,0.0,ident_20250910_060300.csv
0.051,2.8177,0.0977,0.0,-0.1797,0.0,ident_20250910_060300.csv
0.051,2.8195,0.0075,0.0,-0.1797,0.0,ident_20250910_060300.csv
0.051,2.8168,-0.0719,0.0,-0.1797,0.0,ident_20250910_060300.csv
0.051,2.8124,-0.0911,0.0,-0.1797,0.0,ident_20250910_060300.csv
0.051,2.8093,-0.0474,0.0,-0.1797,0.0,ident_20250910_060300.csv
0.051,2.8097,0.0276,0.0,-0.1797,0.0,ident_20250910_060300.csv
0.051,2.8127,0.0705,0.0,-0.1797,0.0,ident_20250910_060300.csv
0.051,2.8159,0.0564,0.0,-0.1797,0.0,ident_20250910_060300.csv
0.051,2.8169,0.0071,0.0,-0.1797,0.0,ident_20250910_060300.csv
0.051,2.8154,-0.0428,0.0,-0.1797,0.0,ident_20250910_060300.csv
0.051,2.8128,-0.051,0.0,-0.1797,0.0,ident_20250910_060300.csv
0.051,2.8113,-0.023,0.0,-0.1797,0.0,ident_20250910_060300.csv
0.051,2.8119,0.0186,0.0,-0.1797,0.0,ident_20250910_060300.csv
0.051,2.8138,0.0394,0.0,-0.1797,0.0,ident_20250910_060300.csv
0.051,2.8155,0.026,0.0,-0.1797,0.0,ident_20250910_060300.csv
0.051,2.8157,-0.007,0.0,-0.1797,0.0,ident_20250910_060300.csv
0.05,2.8145,-0.0295,0.0,-0.1797,0.0,ident_20250910_060300.csv
0.052,2.8131,-0.0254,0.0,-0.1797,0.0,ident_20250910_060300.csv
0.051,2.8124,-0.0042,0.0,-0.1797,0.0,ident_20250910_060300.csv
0.051,2.8132,0.0174,0.0,-0.1797,0.0,ident_20250910_060300.csv
0.051,2.8145,0.025,0.0,-0.1797,0.0,ident_20250910_060300.csv
0.051,2.8152,0.0065,0.0,-0.1797,0.0,ident_20250910_060300.csv
0.051,2.815,-0.0091,0.0,-0.1797,0.0,ident_20250910_060300.csv
0.05,2.8141,-0.0202,0.0,-0.1797,0.0,ident_20250910_060300.csv
0.052,2.8134,-0.0097,0.0,-0.1797,0.0,ident_20250910_060300.csv
0.051,2.8134,0.0055,0.0,-0.1797,0.0,ident_20250910_060300.csv
0.051,2.8141,0.0151,0.0,-0.1797,0.0,ident_20250910_060300.csv
0.05,2.8147,0.0114,0.0,-0.1797,0.0,ident_20250910_060300.csv
0.051,2.8149,-0.0002,0.0,-0.1797,0.0,ident_20250910_060300.csv
0.052,2.8146,-0.0118,0.0,-0.1797,0.0,ident_20250910_060300.csv
0.051,2.814,-0.0095,0.0,-0.1797,0.0,ident_20250910_060300.csv
0.051,2.8136,-0.0065,0.0,-0.1797,0.0,ident_20250910_060300.csv
0.051,2.8139,0.0086,0.0,-0.1797,0.0,ident_20250910_060300.csv
0.051,2.8143,0.0069,0.0,-0.1797,0.0,ident_20250910_060300.csv
0.051,2.8144,0.0023,0.0,-0.1797,0.0,ident_20250910_060300.csv
0.051,2.8143,-0.0049,0.0,-0.1797,0.0,ident_20250910_060300.csv
0.051,2.8138,-0.0058,0.0,-0.1797,0.0,ident_20250910_060300.csv
0.05,2.8137,-0.0029,0.0,-0.1797,0.0,ident_20250910_060300.csv
0.052,2.8138,0.0049,0.0,-0.1797,0.0,ident_20250910_060300.csv
0.05,2.8141,0.0085,0.0,-0.1797,0.0,ident_20250910_060300.csv
0.051,2.8142,0.0021,0.0,-0.1797,0.0,ident_20250910_060300.csv
0.051,2.8143,-0.0007,0.0,-0.1797,0.0,ident_20250910_060300.csv
0.052,2.814,-0.0047,0.0,-0.1797,0.0,ident_20250910_060300.csv
0.051,2.8138,-0.0045,0.0,-0.1797,0.0,ident_20250910_060300.csv
0.05,2.8139,0.0039,0.0,-0.1797,0.0,ident_20250910_060300.csv
0.052,2.814,0.0061,0.0,-0.1797,0.0,ident_20250910_060300.csv
0.05,2.8142,0.0035,0.0,-0.1797,0.0,ident_20250910_060300.csv
0.052,2.8142,0.0025,0.0,-0.1797,0.0,ident_20250910_060300.csv
0.05,2.8141,-0.0018,0.0,-0.1797,0.0,ident_20250910_060300.csv
0.051,2.8139,-0.0038,0.0,-0.1797,0.0,ident_20250910_060300.csv
0.051,2.8138,0.001,0.0,-0.1797,0.0,ident_20250910_060300.csv
0.051,2.8139,0.001,0.0,-0.1797,0.0,ident_20250910_060300.csv
0.051,2.8141,0.0038,0.0,-0.1797,0.0,ident_20250910_060300.csv
0.051,2.8142,-0.0006,0.0,-0.1797,0.0,ident_20250910_060300.csv
0.051,2.8142,-0.0018,0.0,-0.1797,0.0,ident_20250910_060300.csv
0.051,2.8143,-0.003,0.0,-0.1797,0.0,ident_20250910_060300.csv
0.051,2.8143,0.001,0.0,-0.1797,0.0,ident_20250910_060300.csv
0.051,2.8142,0.0006,0.0,-0.1797,0.0,ident_20250910_060300.csv
0.051,2.8143,0.0027,0.0,-0.1797,0.0,ident_20250910_060300.csv
0.052,2.8144,-0.0014,0.0,-0.1797,0.0,ident_20250910_060300.csv
0.05,2.8143,-0.0026,0.0,-0.1797,0.0,ident_20250910_060300.csv
0.051,2.8143,-0.0018,0.0,-0.1797,0.0,ident_20250910_060300.csv
0.051,2.8141,-0.001,0.0,-0.1797,0.0,ident_20250910_060300.csv
0.052,2.8141,0.0013,0.0,-0.1797,0.0,ident_20250910_060300.csv
0.051,2.8142,0.0021,0.0,-0.1797,0.0,ident_20250910_060300.csv
0.05,2.8142,0.0027,0.0,-0.1797,0.0,ident_20250910_060300.csv
0.051,2.8143,0.0035,0.0,-0.1797,0.0,ident_20250910_060300.csv
0.051,2.8142,0.0013,0.0,-0.1797,0.0,ident_20250910_060300.csv
0.052,2.8142,-0.0009,0.0,-0.1797,0.0,ident_20250910_060300.csv
0.05,2.8142,-0.0009,0.0,-0.1797,0.0,ident_20250910_060300.csv
0.051,2.8142,-0.0011,0.0,-0.1797,0.0,ident_20250910_060300.csv
0.051,2.8143,-0.0011,0.0,-0.1797,0.0,ident_20250910_060300.csv
0.051,2.8143,0.0019,0.0,-0.1797,0.0,ident_20250910_060300.csv
0.051,2.8141,-0.0006,0.0,-0.1797,0.0,ident_20250910_060300.csv
0.051,2.8141,0.0033,0.0,-0.1797,0.0,ident_20250910_060300.csv
0.051,2.8141,-0.0017,0.0,-0.1797,0.0,ident_20250910_060300.csv
0.051,2.8142,0.0011,0.0,-0.1797,0.0,ident_20250910_060300.csv
0.051,2.8142,-0.0009,0.0,-0.1797,0.0,ident_20250910_060300.csv
0.051,2.8143,-0.0021,0.0,-0.1797,0.0,ident_20250910_060300.csv
0.052,2.8143,-0.0022,0.0,-0.1797,0.0,ident_20250910_060300.csv
0.051,2.8141,0.0011,0.0,-0.1797,0.0,ident_20250910_060300.csv
0.051,2.8142,-0.0001,0.0,-0.1797,0.0,ident_20250910_060300.csv
0.051,2.8143,-0.0014,0.0,-0.1797,0.0,ident_20250910_060300.csv
0.051,2.8142,-0.0017,0.0,-0.1797,0.0,ident_20250910_060300.csv
0.051,2.8142,0.0041,0.0,-0.1797,0.0,ident_20250910_060300.csv
0.051,2.8143,0.0009,0.0,-0.1797,0.0,ident_20250910_060300.csv
0.051,2.8142,-0.0007,0.0,-0.1797,0.0,ident_20250910_060300.csv
0.051,2.8142,-0.0011,0.0,-0.1797,0.0,ident_20250910_060300.csv
0.051,2.8143,-0.0009,0.0,-0.1797,0.0,ident_20250910_060300.csv
0.051,2.8142,0.0018,0.0,-0.1797,0.0,ident_20250910_060300.csv
0.051,2.814,0.0005,0.0,-0.1797,0.0,ident_20250910_060300.csv
0.051,2.814,0.0021,0.0,-0.1797,0.0,ident_20250910_060300.csv
0.051,2.814,0.0027,0.0,-0.1797,0.0,ident_20250910_060300.csv
0.051,2.8141,-0.0005,0.0,-0.1797,0.0,ident_20250910_060300.csv
0.051,2.814,-0.0006,0.0,-0.1797,0.0,ident_20250910_060300.csv
0.051,2.814,0.0006,0.0,-0.1797,0.0,ident_20250910_060300.csv
0.051,2.8141,0.001,0.0,-0.1797,0.0,ident_20250910_060300.csv
0.051,2.814,0.005,0.0,-0.1797,0.0,ident_20250910_060300.csv
0.051,2.8141,-0.0013,0.0,-0.1797,0.0,ident_20250910_060300.csv
0.051,2.8141,0.0001,0.0,-0.1797,0.0,ident_20250910_060300.csv
0.051,2.8141,0.0035,0.0,-0.1797,0.0,ident_20250910_060300.csv
0.051,2.8142,0.0013,0.0,-0.1797,0.0,ident_20250910_060300.csv
0.051,2.8142,0.0031,0.0,-0.1797,0.0,ident_20250910_060300.csv
0.051,2.8142,0.0003,0.0,-0.1797,0.0,ident_20250910_060300.csv
0.051,2.8141,0.0005,0.0,-0.1797,0.0,ident_20250910_060300.csv
0.051,2.8141,0.0007,0.0,-0.1797,0.0,ident_20250910_060300.csv
0.051,2.8141,0.0029,0.0,-0.1797,0.0,ident_20250910_060300.csv
0.051,2.814,0.0002,0.0,-0.1797,0.0,ident_20250910_060300.csv
0.051,2.8139,0.0017,0.0,-0.1797,0.0,ident_20250910_060300.csv
0.051,2.8139,0.0013,0.0,-0.1797,0.0,ident_20250910_060300.csv
0.051,2.8139,-0.0015,0.0,-0.1797,0.0,ident_20250910_060300.csv
0.051,2.8139,-0.0003,0.0,-0.1797,0.0,ident_20250910_060300.csv
0.051,2.8139,-0.0009,0.0,-0.1797,0.0,ident_20250910_060300.csv
0.052,2.814,0.001,0.0,-0.1797,0.0,ident_20250910_060300.csv
0.05,2.814,0.0017,0.0,-0.1797,0.0,ident_20250910_060300.csv
0.051,2.814,-0.0005,0.0,-0.1797,0.0,ident_20250910_060300.csv
0.052,2.814,0.0014,0.0,-0.1797,0.0,ident_20250910_060300.csv
0.05,2.814,-0.0015,0.0,-0.1797,0.0,ident_20250910_060300.csv
0.051,2.814,0.0007,0.0,-0.1797,0.0,ident_20250910_060300.csv
0.051,2.8139,0.0026,0.0,-0.1797,0.0,ident_20250910_060300.csv
0.051,2.8139,-0.0022,0.0,-0.1797,0.0,ident_20250910_060300.csv
0.051,2.814,-0.0007,0.0,-0.1797,0.0,ident_20250910_060300.csv
0.052,2.8139,0.0017,0.0,-0.1797,0.0,ident_20250910_060300.csv
0.05,2.8139,0.0029,0.0,-0.1797,0.0,ident_20250910_060300.csv
0.051,2.8138,-0.0001,0.0,-0.1797,0.0,ident_20250910_060300.csv
0.052,2.8138,-0.0005,0.0,-0.1797,0.0,ident_20250910_060300.csv
0.05,2.8138,0.0001,0.0,-0.1797,0.0,ident_20250910_060300.csv
0.051,2.8138,-0.0005,0.0,-0.1797,0.0,ident_20250910_060300.csv
0.051,2.8137,-0.0011,0.0,-0.1797,0.0,ident_20250910_060300.csv
0.051,2.8138,0.0005,0.0,-0.1797,0.0,ident_20250910_060300.csv
0.051,2.8137,-0.0029,0.0,-0.1797,0.0,ident_20250910_060300.csv
0.051,2.8137,0.0015,0.0,-0.1797,0.0,ident_20250910_060300.csv
0.051,2.8138,0.0018,0.0,-0.1797,0.0,ident_20250910_060300.csv
0.051,2.8136,-0.0026,0.0,-0.1797,0.0,ident_20250910_060300.csv
0.051,2.8137,0.0019,0.0,-0.1797,0.0,ident_20250910_060300.csv
0.051,2.8138,0.0029,0.0,-0.1797,0.0,ident_20250910_060300.csv
0.051,2.8138,0.0017,0.0,-0.1797,0.0,ident_20250910_060300.csv
0.051,2.8139,-0.0011,0.0,-0.1797,0.0,ident_20250910_060300.csv
0.051,2.814,0.0006,0.0,-0.1797,0.0,ident_20250910_060300.csv
0.051,2.814,0.0017,0.0,-0.1797,0.0,ident_20250910_060300.csv
0.051,2.8139,0.0019,0.0,-0.1797,0.0,ident_20250910_060300.csv
0.051,2.8139,0.0003,0.0,-0.1797,0.0,ident_20250910_060300.csv
0.051,2.8139,0.0011,0.0,-0.1797,0.0,ident_20250910_060300.csv
0.051,2.8139,-0.003,0.0,-0.1797,0.0,ident_20250910_060300.csv
0.051,2.8138,0.0011,0.0,-0.1797,0.0,ident_20250910_060300.csv
0.051,2.8138,-0.0017,0.0,-0.1797,0.0,ident_20250910_060300.csv
0.051,2.8138,0.0009,0.0,-0.1797,0.0,ident_20250910_060300.csv
0.051,2.814,0.0019,0.0,-0.1797,0.0,ident_20250910_060300.csv
0.051,2.814,0.0023,0.0,-0.1797,0.0,ident_20250910_060300.csv
0.051,2.814,0.0019,0.0,-0.1797,0.0,ident_20250910_060300.csv
0.051,2.814,0.0005,0.0,-0.1797,0.0,ident_20250910_060300.csv
0.051,2.814,0.0007,0.0,-0.1797,0.0,ident_20250910_060300.csv
0.051,2.814,0.0002,0.0,-0.1797,0.0,ident_20250910_060300.csv
0.051,2.814,0.0009,0.0,-0.1797,0.0,ident_20250910_060300.csv
0.051,2.8141,-0.0021,0.0,-0.1797,0.0,ident_20250910_060300.csv
0.051,2.8141,-0.003,0.0,-0.1797,0.0,ident_20250910_060300.csv
0.051,2.8142,0.0007,0.0,-0.1797,0.0,ident_20250910_060300.csv
0.051,2.8141,0.001,0.0,-0.1797,0.0,ident_20250910_060300.csv
0.051,2.8142,0.0007,0.0,-0.1797,0.0,ident_20250910_060300.csv
0.051,2.8141,0.0017,0.0,-0.1797,0.0,ident_20250910_060300.csv
0.051,2.8141,0.0029,0.0,-0.1797,0.0,ident_20250910_060300.csv
0.051,2.8141,-0.0007,0.0,-0.1797,0.0,ident_20250910_060300.csv
0.051,2.8141,0.0021,0.0,-0.1797,0.0,ident_20250910_060300.csv
0.051,2.8141,-0.0011,0.0,-0.1797,0.0,ident_20250910_060300.csv
0.051,2.8141,-0.0013,0.0,-0.1797,0.0,ident_20250910_060300.csv
0.052,2.8141,0.0005,0.0,-0.1797,0.0,ident_20250910_060300.csv
0.051,2.8141,-0.0007,0.0,-0.1797,0.0,ident_20250910_060300.csv
0.051,2.8141,-0.0013,0.0,-0.1797,0.0,ident_20250910_060300.csv
0.051,2.8141,0.0007,0.0,-0.1797,0.0,ident_20250910_060300.csv
0.051,2.8139,0.0002,0.0,-0.1797,0.0,ident_20250910_060300.csv
0.051,2.8139,0.0035,0.0,-0.1797,0.0,ident_20250910_060300.csv
0.051,2.8139,0.0022,0.0,-0.1797,0.0,ident_20250910_060300.csv
0.051,2.8138,-0.0013,0.0,-0.1797,0.0,ident_20250910_060300.csv
0.051,2.8138,0.0013,0.0,-0.1797,0.0,ident_20250910_060300.csv
0.051,2.8137,-0.0006,0.0,-0.1797,0.0,ident_20250910_060300.csv
0.051,2.8136,0.0002,0.0,-0.1797,0.0,ident_20250910_060300.csv
0.051,2.8136,-0.0014,0.0,-0.1797,0.0,ident_20250910_060300.csv
0.051,2.8137,0.0002,0.0,-0.1797,0.0,ident_20250910_060300.csv
0.051,2.8137,0.003,0.0,-0.1797,0.0,ident_20250910_060300.csv
0.051,2.8137,0.0006,0.0,-0.1797,0.0,ident_20250910_060300.csv
0.051,2.8137,-0.0031,0.0,-0.1797,0.0,ident_20250910_060300.csv
0.051,2.8137,0.0019,0.0,-0.1797,0.0,ident_20250910_060300.csv
0.051,2.8137,0.001,0.0,-0.1797,0.0,ident_20250910_060300.csv
0.051,2.8137,-0.0001,0.0,-0.1797,0.0,ident_20250910_060300.csv
0.051,2.8137,-0.0009,0.0,-0.1797,0.0,ident_20250910_060300.csv
0.051,2.8136,0.0021,0.0,-0.1797,0.0,ident_20250910_060300.csv
0.051,2.8136,0.0001,0.0,-0.1797,0.0,ident_20250910_060300.csv
0.051,2.8136,0.0026,0.0,-0.1797,0.0,ident_20250910_060300.csv
0.051,2.8136,0.0003,0.0,-0.1797,0.0,ident_20250910_060300.csv
0.051,2.8136,-0.001,0.0,-0.1797,0.0,ident_20250910_060300.csv
0.051,2.8137,-0.0013,0.0,-0.1797,0.0,ident_20250910_060300.csv
0.051,2.8139,0.0041,0.0,-0.1797,0.0,ident_20250910_060300.csv
0.051,2.8137,0.0022,0.0,-0.1797,0.0,ident_20250910_060300.csv
0.051,2.8138,0.003,0.0,-0.1797,0.0,ident_20250910_060300.csv
0.051,2.8137,-0.0005,0.0,-0.1797,0.0,ident_20250910_060300.csv
0.051,2.8137,0.0002,0.0,-0.1797,0.0,ident_20250910_060300.csv
0.051,2.8137,0.0023,0.0,-0.1797,0.0,ident_20250910_060300.csv
0.051,2.8136,0.0013,0.0,-0.1797,0.0,ident_20250910_060300.csv
0.051,2.8137,0.0001,0.0,-0.1797,0.0,ident_20250910_060300.csv
0.051,2.8138,0.0031,0.0,-0.1797,0.0,ident_20250910_060300.csv
0.051,2.8138,0.0021,0.0,-0.1797,0.0,ident_20250910_060300.csv
0.051,2.8138,0.0013,0.0,-0.1797,0.0,ident_20250910_060300.csv
0.051,2.8138,0.0017,0.0,-0.1797,0.0,ident_20250910_060300.csv
0.051,2.8138,-0.0022,0.0,-0.1797,0.0,ident_20250910_060300.csv
0.051,2.8139,0.0019,0.0,-0.1797,0.0,ident_20250910_060300.csv
0.051,2.8139,-0.0013,0.0,-0.1797,0.0,ident_20250910_060300.csv
0.051,2.8139,-0.0011,0.0,-0.1797,0.0,ident_20250910_060300.csv
0.051,2.8139,-0.0001,0.0,-0.1797,0.0,ident_20250910_060300.csv
0.051,2.8139,-0.0006,0.0,-0.1797,0.0,ident_20250910_060300.csv
0.051,2.8139,-0.0003,0.0,-0.1797,0.0,ident_20250910_060300.csv
0.051,2.814,0.001,0.0,-0.1797,0.0,ident_20250910_060300.csv
0.051,2.814,0.0001,0.0,-0.1797,0.0,ident_20250910_060300.csv
0.051,2.814,0.0011,0.0,-0.1797,0.0,ident_20250910_060300.csv
0.051,2.814,0.0025,0.0,-0.1797,0.0,ident_20250910_060300.csv
0.051,2.8139,0.0002,0.0,-0.1797,0.0,ident_20250910_060300.csv
0.051,2.8139,0.0025,0.0,-0.1797,0.0,ident_20250910_060300.csv
0.051,2.8138,0.0022,0.0,-0.1797,0.0,ident_20250910_060300.csv
0.051,2.8137,0.0026,0.0,-0.1797,0.0,ident_20250910_060300.csv
0.051,2.8136,0.0015,0.0,-0.1797,0.0,ident_20250910_060300.csv
0.051,2.8137,0.001,0.0,-0.1797,0.0,ident_20250910_060300.csv
0.051,2.8136,-0.0021,0.0,-0.1797,0.0,ident_20250910_060300.csv
0.051,2.8136,-0.0003,0.0,-0.1797,0.0,ident_20250910_060300.csv
0.051,2.8135,-0.0005,0.0,-0.1797,0.0,ident_20250910_060300.csv
0.051,2.8135,-0.0001,0.0,-0.1797,0.0,ident_20250910_060300.csv
0.051,2.8135,0.0015,0.0,-0.1797,0.0,ident_20250910_060300.csv
0.051,2.8135,0.0013,0.0,-0.1797,0.0,ident_20250910_060300.csv
0.051,2.8134,-0.0005,0.0,-0.1797,0.0,ident_20250910_060300.csv
0.051,2.8134,-0.0007,0.0,-0.1797,0.0,ident_20250910_060300.csv
0.051,2.8135,0.0018,0.0,-0.1797,0.0,ident_20250910_060300.csv
0.052,2.8135,0.0001,0.0,-0.1797,0.0,ident_20250910_060300.csv
0.05,2.8135,0.0018,0.0,-0.1797,0.0,ident_20250910_060300.csv
0.051,2.8136,0.0015,0.0,-0.1797,0.0,ident_20250910_060300.csv
0.051,2.8137,-0.0011,0.0,-0.1797,0.0,ident_20250910_060300.csv
0.051,2.8136,-0.0025,0.0,-0.1797,0.0,ident_20250910_060300.csv
0.051,2.8134,0.0009,0.0,-0.1797,0.0,ident_20250910_060300.csv
0.051,2.8134,0.0007,0.0,-0.1797,0.0,ident_20250910_060300.csv
0.051,2.8135,-0.0006,0.0,-0.1797,0.0,ident_20250910_060300.csv
0.051,2.8135,0.0029,0.0,-0.1797,0.0,ident_20250910_060300.csv
0.051,2.8135,-0.0006,0.0,-0.1797,0.0,ident_20250910_060300.csv
0.051,2.8134,0.0011,0.0,-0.1797,0.0,ident_20250910_060300.csv
0.051,2.8134,0.0018,0.0,-0.1797,0.0,ident_20250910_060300.csv
0.051,2.8134,-0.0005,0.0,-0.1797,0.0,ident_20250910_060300.csv
0.051,2.8133,0.0031,0.0,-0.1797,0.0,ident_20250910_060300.csv
0.051,2.8133,0.0017,0.0,-0.1797,0.0,ident_20250910_060300.csv
0.051,2.8134,0.0026,0.0,-0.1797,0.0,ident_20250910_060300.csv
0.051,2.8133,-0.0009,0.0,-0.1797,0.0,ident_20250910_060300.csv
0.051,2.8133,-0.0015,0.0,-0.1797,0.0,ident_20250910_060300.csv
0.051,2.8132,-0.0017,0.0,-0.1797,0.0,ident_20250910_060300.csv
0.051,2.8131,-0.0029,0.0,-0.1797,0.0,ident_20250910_060300.csv
0.051,2.8133,0.0021,0.0,-0.1797,0.0,ident_20250910_060300.csv
0.051,2.8132,0.0027,0.0,-0.1797,0.0,ident_20250910_060300.csv
0.051,2.8133,0.0007,0.0,-0.1797,0.0,ident_20250910_060300.csv
0.051,2.8134,0.0001,0.0,-0.1797,0.0,ident_20250910_060300.csv
0.051,2.8133,-0.0009,0.0,-0.1797,0.0,ident_20250910_060300.csv
0.051,2.8135,0.001,0.0,-0.1797,0.0,ident_20250910_060300.csv
0.051,2.8134,0.0025,0.0,-0.1797,0.0,ident_20250910_060300.csv
0.051,2.8134,-0.0001,0.0,-0.1797,0.0,ident_20250910_060300.csv
0.051,2.8134,0.0005,0.0,-0.1797,0.0,ident_20250910_060300.csv
0.051,2.8134,0.0021,0.0,-0.1797,0.0,ident_20250910_060300.csv
0.051,2.8134,0.0002,0.0,-0.1797,0.0,ident_20250910_060300.csv
0.051,2.8134,-0.0017,0.0,-0.1797,0.0,ident_20250910_060300.csv
0.051,2.8135,0.0018,0.0,-0.1797,0.0,ident_20250910_060300.csv
0.051,2.8135,0.0003,0.0,-0.1797,0.0,ident_20250910_060300.csv
0.051,2.8134,0.0001,0.0,-0.1797,0.0,ident_20250910_060300.csv
0.051,2.8136,0.001,0.0,-0.1797,0.0,ident_20250910_060300.csv
0.051,2.8136,0.0025,0.0,-0.1797,0.0,ident_20250910_060300.csv
0.051,2.8136,0.0005,0.0,-0.1797,0.0,ident_20250910_060300.csv
0.051,2.8136,0.0021,0.0,-0.1797,0.0,ident_20250910_060300.csv
0.051,2.8136,-0.0021,0.0,-0.1797,0.0,ident_20250910_060300.csv
0.051,2.8136,-0.0018,0.0,-0.1797,0.0,ident_20250910_060300.csv
0.051,2.8137,-0.0001,0.0,-0.1797,0.0,ident_20250910_060300.csv
0.051,2.8137,0.0001,0.0,-0.1797,0.0,ident_20250910_060300.csv
0.051,2.8138,0.0031,0.0,-0.1797,0.0,ident_20250910_060300.csv
0.052,2.8138,0.0003,0.0,-0.1797,0.0,ident_20250910_060300.csv
0.051,2.8139,-0.001,0.0,-0.1797,0.0,ident_20250910_060300.csv
0.051,2.814,0.0005,0.0,-0.1797,0.0,ident_20250910_060300.csv
0.051,2.8139,-0.0003,0.0,-0.1797,0.0,ident_20250910_060300.csv
0.051,2.8138,-0.0022,0.0,-0.1797,0.0,ident_20250910_060300.csv
0.051,2.8138,0.0009,0.0,-0.1797,0.0,ident_20250910_060300.csv
0.051,2.814,0.0026,0.0,-0.1797,0.0,ident_20250910_060300.csv
0.051,2.8141,0.0013,0.0,-0.1797,0.0,ident_20250910_060300.csv
0.051,2.8141,-0.0018,0.0,-0.1797,0.0,ident_20250910_060300.csv
0.051,2.8141,-0.0014,0.0,-0.1797,0.0,ident_20250910_060300.csv
0.051,2.814,0.0017,0.0,-0.1797,0.0,ident_20250910_060300.csv
0.051,2.814,0.0015,0.0,-0.1797,0.0,ident_20250910_060300.csv
0.051,2.814,0.0037,0.0,-0.1797,0.0,ident_20250910_060300.csv
0.051,2.814,-0.0021,0.0,-0.1797,0.0,ident_20250910_060300.csv
0.051,2.8139,0.0014,0.0,-0.1797,0.0,ident_20250910_060300.csv
0.051,2.814,-0.0015,0.0,-0.1797,0.0,ident_20250910_060300.csv
0.051,2.8139,0.0006,0.0,-0.1797,0.0,ident_20250910_060300.csv
0.051,2.8139,0.0002,0.0,-0.1797,0.0,ident_20250910_060300.csv
0.051,2.8139,0.0003,0.0,-0.1797,0.0,ident_20250910_060300.csv
0.051,2.8138,-0.0006,0.0,-0.1797,0.0,ident_20250910_060300.csv
0.051,2.8136,0.0022,0.0,-0.1797,0.0,ident_20250910_060300.csv
0.051,2.8136,-0.0025,0.0,-0.1797,0.0,ident_20250910_060300.csv
0.052,2.8137,0.0009,0.0,-0.1797,0.0,ident_20250910_060300.csv
0.051,2.8137,0.0022,0.0,-0.1797,0.0,ident_20250910_060300.csv
0.051,2.8137,0.0026,0.0,-0.1797,0.0,ident_20250910_060300.csv
0.051,2.8135,0.0026,0.0,-0.1797,0.0,ident_20250910_060300.csv
0.051,2.8134,0.0043,0.0,-0.1797,0.0,ident_20250910_060300.csv
0.051,2.8135,0.0002,0.0,-0.1797,0.0,ident_20250910_060300.csv
0.05,2.8135,0.0009,0.0,-0.1797,0.0,ident_20250910_060300.csv
0.052,2.8135,0.0011,0.0,-0.1797,0.0,ident_20250910_060300.csv
0.051,2.8135,-0.0001,0.0,-0.1797,0.0,ident_20250910_060300.csv
0.051,2.8136,0.0029,0.0,-0.1797,0.0,ident_20250910_060300.csv
0.051,2.8135,-0.0011,0.0,-0.1797,0.0,ident_20250910_060300.csv
0.051,2.8135,-0.0015,0.0,-0.1797,0.0,ident_20250910_060300.csv
0.051,2.8136,0.0026,0.0,-0.1797,0.0,ident_20250910_060300.csv
0.05,2.8135,0.0015,0.0,-0.1797,0.0,ident_20250910_060300.csv
0.052,2.8135,0.0006,0.0,-0.1797,0.0,ident_20250910_060300.csv
0.05,2.8135,0.0031,0.0,-0.1797,0.0,ident_20250910_060300.csv
0.051,2.8136,0.0033,0.0,-0.1797,0.0,ident_20250910_060300.csv
0.051,2.8136,0.0006,0.0,-0.1797,0.0,ident_20250910_060300.csv
0.052,2.8136,-0.0001,0.0,-0.1797,0.0,ident_20250910_060300.csv
0.05,2.8137,0.0021,0.0,-0.1797,0.0,ident_20250910_060300.csv
0.051,2.8136,0.0045,0.0,-0.1797,0.0,ident_20250910_060300.csv
0.052,2.8137,-0.0009,0.0,-0.1797,0.0,ident_20250910_060300.csv
0.051,2.8137,-0.0014,0.0,-0.1797,0.0,ident_20250910_060300.csv
0.051,2.8135,-0.0014,0.0,-0.1797,0.0,ident_20250910_060300.csv
0.051,2.8135,0.0006,0.0,-0.1797,0.0,ident_20250910_060300.csv
0.051,2.8136,0.0021,0.0,-0.1797,0.0,ident_20250910_060300.csv
0.051,2.8136,-0.0027,0.0,-0.1797,0.0,ident_20250910_060300.csv
0.051,2.8137,0.0018,0.0,-0.1797,0.0,ident_20250910_060300.csv
0.051,2.8136,-0.0018,0.0,-0.1797,0.0,ident_20250910_060300.csv
0.051,2.8137,0.0017,0.0,-0.1797,0.0,ident_20250910_060300.csv
0.051,2.8138,-0.0009,0.0,-0.1797,0.0,ident_20250910_060300.csv
0.051,2.8138,0.0011,0.0,-0.1797,0.0,ident_20250910_060300.csv
0.051,2.8137,-0.0003,0.0,-0.1797,0.0,ident_20250910_060300.csv
0.051,2.8135,0.0014,0.0,-0.1797,0.0,ident_20250910_060300.csv
0.051,2.8136,-0.0025,0.0,-0.1797,0.0,ident_20250910_060300.csv
0.051,2.8135,0.0015,0.0,-0.1797,0.0,ident_20250910_060300.csv
0.051,2.8134,-0.001,0.0,-0.1797,0.0,ident_20250910_060300.csv
0.051,2.8133,0.0011,0.0,-0.1797,0.0,ident_20250910_060300.csv
0.051,2.8134,0.001,0.0,-0.1797,0.0,ident_20250910_060300.csv
0.051,2.8135,0.0037,0.0,-0.1797,0.0,ident_20250910_060300.csv
0.051,2.8134,-0.0026,0.0,-0.1797,0.0,ident_20250910_060300.csv
0.05,2.8133,-0.0026,0.0,-0.1797,0.0,ident_20250910_060300.csv
0.052,2.8134,-0.0005,0.0,-0.1797,0.0,ident_20250910_060300.csv
0.051,2.8134,-0.0005,0.0,-0.1797,0.0,ident_20250910_060300.csv
0.051,2.8136,-0.0006,0.0,-0.1797,0.0,ident_20250910_060300.csv
0.051,2.8136,-0.0037,0.0,-0.1797,0.0,ident_20250910_060300.csv
0.051,2.8136,-0.0014,0.0,-0.1797,0.0,ident_20250910_060300.csv
0.051,2.8136,-0.0019,0.0,-0.1797,0.0,ident_20250910_060300.csv
0.05,2.8136,0.0005,0.0,-0.1797,0.0,ident_20250910_060300.csv
0.051,2.8137,-0.0001,0.0,-0.1797,0.0,ident_20250910_060300.csv
0.051,2.8137,0.001,0.0,-0.1797,0.0,ident_20250910_060300.csv
0.051,2.8137,0.0023,0.0,-0.1797,0.0,ident_20250910_060300.csv
0.051,2.8137,-0.0006,0.0,-0.1797,0.0,ident_20250910_060300.csv
0.052,2.8136,-0.0018,0.0,-0.1797,0.0,ident_20250910_060300.csv
0.05,2.8137,0.0009,0.0,-0.1797,0.0,ident_20250910_060300.csv
0.051,2.8136,0.0005,0.0,-0.1797,0.0,ident_20250910_060300.csv
0.051,2.8136,-0.0007,0.0,-0.1797,0.0,ident_20250910_060300.csv
0.051,2.8135,0.0006,0.0,-0.1797,0.0,ident_20250910_060300.csv
0.051,2.8135,-0.0018,0.0,-0.1797,0.0,ident_20250910_060300.csv
0.051,2.8136,-0.0013,0.0,-0.1797,0.0,ident_20250910_060300.csv
0.051,2.8136,0.0029,0.0,-0.1797,0.0,ident_20250910_060300.csv
0.051,2.8136,0.0005,0.0,-0.1797,0.0,ident_20250910_060300.csv
0.051,2.8136,-0.0009,0.0,-0.1797,0.0,ident_20250910_060300.csv
0.051,2.8135,-0.0002,0.0,-0.1797,0.0,ident_20250910_060300.csv
0.051,2.8134,0.001,0.0,-0.1797,0.0,ident_20250910_060300.csv
0.051,2.8134,-0.0026,0.0,-0.1797,0.0,ident_20250910_060300.csv
0.051,2.8134,-0.0031,0.0,-0.1797,0.0,ident_20250910_060300.csv
0.051,2.8134,0.0027,0.0,-0.1797,0.0,ident_20250910_060300.csv
0.051,2.8133,-0.0006,0.0,-0.1797,0.0,ident_20250910_060300.csv
0.051,2.8133,-0.0038,0.0,-0.1797,0.0,ident_20250910_060300.csv
0.051,2.8134,0.0018,0.0,-0.1797,0.0,ident_20250910_060300.csv
0.051,2.8135,0.0002,0.0,-0.1797,0.0,ident_20250910_060300.csv
0.051,2.8135,-0.0023,0.0,-0.1797,0.0,ident_20250910_060300.csv
0.051,2.8136,-0.0021,0.0,-0.1797,0.0,ident_20250910_060300.csv
0.051,2.8135,-0.0026,0.0,-0.1797,0.0,ident_20250910_060300.csv
0.051,2.8134,-0.0031,0.0,-0.1797,0.0,ident_20250910_060300.csv
0.051,2.8135,-0.0002,0.0,-0.1797,0.0,ident_20250910_060300.csv
0.051,2.8135,-0.0003,0.0,-0.1797,0.0,ident_20250910_060300.csv
0.051,2.8135,-0.0001,0.0,-0.1797,0.0,ident_20250910_060300.csv
0.05,2.8004,0.0235,-25.0,-0.1815,-0.1276,ident_20250910_060746.csv
0.051,2.7746,-0.1236,-25.0,-0.1907,-0.2553,ident_20250910_060746.csv
0.051,2.7543,-0.2575,-25.0,-0.205,-0.3829,ident_20250910_060746.csv
0.052,2.7335,-0.3589,-25.0,-0.2227,-0.3829,ident_20250910_060746.csv
0.051,2.712,-0.4439,-25.0,-0.2421,-0.3829,ident_20250910_060746.csv
0.051,2.7004,-0.146,-25.0,-0.2627,-0.4467,ident_20250910_060746.csv
0.052,2.7253,0.3205,0.0,-0.2786,-0.2553,ident_20250910_060746.csv
0.051,2.7772,0.2511,0.0,-0.285,-0.1276,ident_20250910_060746.csv
0.051,2.8029,0.3527,0.0,-0.2864,0.0,ident_20250910_060746.csv
0.051,2.8208,0.3663,0.0,-0.2865,0.0,ident_20250910_060746.csv
0.051,2.8332,0.2501,0.0,-0.2865,0.0,ident_20250910_060746.csv
0.052,2.8369,0.0208,0.0,-0.2865,0.0,ident_20250910_060746.csv
0.05,2.8286,-0.2002,0.0,-0.2865,0.0,ident_20250910_060746.csv
0.051,2.8135,-0.3029,0.0,-0.2865,0.0,ident_20250910_060746.csv
0.051,2.7978,-0.2707,0.0,-0.2865,0.0,ident_20250910_060746.csv
0.051,2.7878,-0.1262,0.0,-0.2865,0.0,ident_20250910_060746.csv
0.051,2.7866,0.0423,0.0,-0.2865,0.0,ident_20250910_060746.csv
0.051,2.7934,0.1911,0.0,-0.2865,0.0,ident_20250910_060746.csv
0.051,2.8046,0.2424,0.0,-0.2865,0.0,ident_20250910_060746.csv
0.051,2.8142,0.1801,0.0,-0.2865,0.0,ident_20250910_060746.csv
0.051,2.8178,0.0411,0.0,-0.2865,0.0,ident_20250910_060746.csv
0.051,2.8142,-0.1037,0.0,-0.2865,0.0,ident_20250910_060746.csv
0.051,2.8052,-0.1837,0.0,-0.2865,0.0,ident_20250910_060746.csv
0.051,2.7961,-0.1659,0.0,-0.2865,0.0,ident_20250910_060746.csv
0.051,2.79,-0.0757,0.0,-0.2865,0.0,ident_20250910_060746.csv
0.051,2.7897,0.0362,0.0,-0.2865,0.0,ident_20250910_060746.csv
0.051,2.7944,0.1256,0.0,-0.2865,0.0,ident_20250910_060746.csv
0.051,2.8012,0.1429,0.0,-0.2865,0.0,ident_20250910_060746.csv
0.051,2.8065,0.0939,0.0,-0.2865,0.0,ident_20250910_060746.csv
0.051,2.8077,-0.001,0.0,-0.2865,0.0,ident_20250910_060746.csv
0.051,2.8044,-0.0801,0.0,-0.2865,0.0,ident_20250910_060746.csv
0.051,2.7985,-0.1157,0.0,-0.2865,0.0,ident_20250910_060746.csv
0.052,2.7933,-0.0807,0.0,-0.2865,0.0,ident_20250910_060746.csv
0.051,2.7912,-0.0158,0.0,-0.2865,0.0,ident_20250910_060746.csv
0.051,2.7926,0.052,0.0,-0.2865,0.0,ident_20250910_060746.csv
0.051,2.7965,0.0861,0.0,-0.2865,0.0,ident_20250910_060746.csv
0.051,2.8005,0.0717,0.0,-0.2865,0.0,ident_20250910_060746.csv
0.051,2.8021,0.025,0.0,-0.2865,0.0,ident_20250910_060746.csv
0.051,2.8009,-0.0387,0.0,-0.2865,0.0,ident_20250910_060746.csv
0.051,2.7977,-0.0679,0.0,-0.2865,0.0,ident_20250910_060746.csv
0.051,2.7944,-0.0582,0.0,-0.2865,0.0,ident_20250910_060746.csv
0.051,2.7926,-0.0207,0.0,-0.2865,0.0,ident_20250910_060746.csv
0.051,2.793,0.0235,0.0,-0.2865,0.0,ident_20250910_060746.csv
0.051,2.7953,0.0543,0.0,-0.2865,0.0,ident_20250910_060746.csv
0.051,2.7979,0.0487,0.0,-0.2865,0.0,ident_20250910_060746.csv
0.051,2.7992,0.0171,0.0,-0.2865,0.0,ident_20250910_060746.csv
0.051,2.7987,-0.0189,0.0,-0.2865,0.0,ident_20250910_060746.csv
0.051,2.7968,-0.0424,0.0,-0.2865,0.0,ident_20250910_060746.csv
0.051,2.7948,-0.0406,0.0,-0.2865,0.0,ident_20250910_060746.csv
0.051,2.7936,-0.0121,0.0,-0.2865,0.0,ident_20250910_060746.csv
0.05,2.7939,0.0157,0.0,-0.2865,0.0,ident_20250910_060746.csv
0.052,2.7953,0.0318,0.0,-0.2865,0.0,ident_20250910_060746.csv
0.051,2.7969,0.0275,0.0,-0.2865,0.0,ident_20250910_060746.csv
0.051,2.7977,0.0091,0.0,-0.2865,0.0,ident_20250910_060746.csv
0.051,2.7973,-0.0133,0.0,-0.2865,0.0,ident_20250910_060746.csv
0.051,2.7961,-0.0266,0.0,-0.2865,0.0,ident_20250910_060746.csv
0.051,2.7947,-0.0242,0.0,-0.2865,0.0,ident_20250910_060746.csv
0.051,2.7941,-0.0063,0.0,-0.2865,0.0,ident_20250910_060746.csv
0.05,2.7945,0.0103,0.0,-0.2865,0.0,ident_20250910_060746.csv
0.051,2.7954,0.0214,0.0,-0.2865,0.0,ident_20250910_060746.csv
0.052,2.7964,0.0178,0.0,-0.2865,0.0,ident_20250910_060746.csv
0.05,2.7966,0.0047,0.0,-0.2865,0.0,ident_20250910_060746.csv
0.051,2.7963,-0.0083,0.0,-0.2865,0.0,ident_20250910_060746.csv
0.051,2.7955,-0.0147,0.0,-0.2865,0.0,ident_20250910_060746.csv
0.051,2.7949,-0.0115,0.0,-0.2865,0.0,ident_20250910_060746.csv
0.052,2.7946,-0.0007,0.0,-0.2865,0.0,ident_20250910_060746.csv
0.05,2.7949,0.011,0.0,-0.2865,0.0,ident_20250910_060746.csv
0.051,2.7956,0.0114,0.0,-0.2865,0.0,ident_20250910_060746.csv
0.051,2.7962,0.0085,0.0,-0.2865,0.0,ident_20250910_060746.csv
0.052,2.7963,-0.0014,0.0,-0.2865,0.0,ident_20250910_060746.csv
0.051,2.7958,-0.0107,0.0,-0.2865,0.0,ident_20250910_060746.csv
0.051,2.7952,-0.0073,0.0,-0.2865,0.0,ident_20250910_060746.csv
0.051,2.7948,-0.0038,0.0,-0.2865,0.0,ident_20250910_060746.csv
0.051,2.7948,0.0009,0.0,-0.2865,0.0,ident_20250910_060746.csv
0.051,2.7952,0.0091,0.0,-0.2865,0.0,ident_20250910_060746.csv
0.05,2.7956,0.0099,0.0,-0.2865,0.0,ident_20250910_060746.csv
0.052,2.7958,0.0007,0.0,-0.2865,0.0,ident_20250910_060746.csv
0.05,2.7958,-0.0027,0.0,-0.2865,0.0,ident_20250910_060746.csv
0.051,2.7954,-0.0051,0.0,-0.2865,0.0,ident_20250910_060746.csv
0.052,2.7951,-0.0042,0.0,-0.2865,0.0,ident_20250910_060746.csv
0.05,2.7949,-0.0019,0.0,-0.2865,0.0,ident_20250910_060746.csv
0.051,2.795,0.0055,0.0,-0.2865,0.0,ident_20250910_060746.csv
0.051,2.7953,0.0077,0.0,-0.2865,0.0,ident_20250910_060746.csv
0.051,2.7956,0.0022,0.0,-0.2865,0.0,ident_20250910_060746.csv
0.051,2.7957,0.0003,0.0,-0.2865,0.0,ident_20250910_060746.csv
0.051,2.7955,-0.0051,0.0,-0.2865,0.0,ident_20250910_060746.csv
0.051,2.7953,-0.0066,0.0,-0.2865,0.0,ident_20250910_060746.csv
0.051,2.795,-0.0026,0.0,-0.2865,0.0,ident_20250910_060746.csv
0.051,2.795,0.0034,0.0,-0.2865,0.0,ident_20250910_060746.csv
0.051,2.7952,0.0057,0.0,-0.2865,0.0,ident_20250910_060746.csv
0.051,2.7953,0.0054,0.0,-0.2865,0.0,ident_20250910_060746.csv
0.051,2.7955,-0.0002,0.0,-0.2865,0.0,ident_20250910_060746.csv
0.051,2.7955,-0.0014,0.0,-0.2865,0.0,ident_20250910_060746.csv
0.051,2.7953,-0.0046,0.0,-0.2865,0.0,ident_20250910_060746.csv
0.051,2.7951,0.0003,0.0,-0.2865,0.0,ident_20250910_060746.csv
0.051,2.795,-0.0019,0.0,-0.2865,0.0,ident_20250910_060746.csv
0.051,2.795,-0.0003,0.0,-0.2865,0.0,ident_20250910_060746.csv
0.052,2.7952,0.0029,0.0,-0.2865,0.0,ident_20250910_060746.csv
0.051,2.7953,0.0023,0.0,-0.2865,0.0,ident_20250910_060746.csv
0.051,2.7953,0.0011,0.0,-0.2865,0.0,ident_20250910_060746.csv
0.051,2.7952,-0.0045,0.0,-0.2865,0.0,ident_20250910_060746.csv
0.051,2.7951,0.0009,0.0,-0.2865,0.0,ident_20250910_060746.csv
0.051,2.7951,0.0015,0.0,-0.2865,0.0,ident_20250910_060746.csv
0.051,2.7951,0.0018,0.0,-0.2865,0.0,ident_20250910_060746.csv
0.051,2.7952,0.0041,0.0,-0.2865,0.0,ident_20250910_060746.csv
0.051,2.7954,0.0013,0.0,-0.2865,0.0,ident_20250910_060746.csv
0.051,2.7954,0.0018,0.0,-0.2865,0.0,ident_20250910_060746.csv
0.051,2.7952,-0.0037,0.0,-0.2865,0.0,ident_20250910_060746.csv
0.051,2.7951,-0.0002,0.0,-0.2865,0.0,ident_20250910_060746.csv
0.051,2.7951,-0.0018,0.0,-0.2865,0.0,ident_20250910_060746.csv
0.051,2.795,-0.0001,0.0,-0.2865,0.0,ident_20250910_060746.csv
0.051,2.7951,-0.0014,0.0,-0.2865,0.0,ident_20250910_060746.csv
0.051,2.7953,0.0001,0.0,-0.2865,0.0,ident_20250910_060746.csv
0.051,2.7953,-0.0013,0.0,-0.2865,0.0,ident_20250910_060746.csv
0.051,2.7954,0.0022,0.0,-0.2865,0.0,ident_20250910_060746.csv
0.051,2.7953,-0.0015,0.0,-0.2865,0.0,ident_20250910_060746.csv
0.051,2.7952,0.0021,0.0,-0.2865,0.0,ident_20250910_060746.csv
0.051,2.7952,-0.0015,0.0,-0.2865,0.0,ident_20250910_060746.csv
0.051,2.7952,0.0017,0.0,-0.2865,0.0,ident_20250910_060746.csv
0.051,2.7954,-0.0006,0.0,-0.2865,0.0,ident_20250910_060746.csv
0.051,2.7954,0.0003,0.0,-0.2865,0.0,ident_20250910_060746.csv
0.051,2.7954,-0.0015,0.0,-0.2865,0.0,ident_20250910_060746.csv
0.051,2.7953,0.0019,0.0,-0.2865,0.0,ident_20250910_060746.csv
0.051,2.7953,0.0001,0.0,-0.2865,0.0,ident_20250910_060746.csv
0.051,2.7953,-0.0029,0.0,-0.2865,0.0,ident_20250910_060746.csv
0.051,2.7952,0.0005,0.0,-0.2865,0.0,ident_20250910_060746.csv
0.051,2.7953,0.0014,0.0,-0.2865,0.0,ident_20250910_060746.csv
0.051,2.7954,0.0034,0.0,-0.2865,0.0,ident_20250910_060746.csv
0.051,2.7953,0.0003,0.0,-0.2865,0.0,ident_20250910_060746.csv
0.051,2.7953,0.0002,0.0,-0.2865,0.0,ident_20250910_060746.csv
0.051,2.7952,0.0001,0.0,-0.2865,0.0,ident_20250910_060746.csv
0.051,2.7952,0.0009,0.0,-0.2865,0.0,ident_20250910_060746.csv
0.051,2.7952,-0.0026,0.0,-0.2865,0.0,ident_20250910_060746.csv
0.051,2.7952,0.0005,0.0,-0.2865,0.0,ident_20250910_060746.csv
0.051,2.7953,0.0019,0.0,-0.2865,0.0,ident_20250910_060746.csv
0.051,2.7953,-0.0006,0.0,-0.2865,0.0,ident_20250910_060746.csv
0.051,2.7953,0.0001,0.0,-0.2865,0.0,ident_20250910_060746.csv
0.051,2.7952,0.0014,0.0,-0.2865,0.0,ident_20250910_060746.csv
0.051,2.7951,-0.0022,0.0,-0.2865,0.0,ident_20250910_060746.csv
0.051,2.795,0.0007,0.0,-0.2865,0.0,ident_20250910_060746.csv
0.052,2.7951,-0.001,0.0,-0.2865,0.0,ident_20250910_060746.csv
0.051,2.7952,0.0015,0.0,-0.2865,0.0,ident_20250910_060746.csv
0.051,2.7953,0.0005,0.0,-0.2865,0.0,ident_20250910_060746.csv
0.051,2.7952,0.0006,0.0,-0.2865,0.0,ident_20250910_060746.csv
0.051,2.7952,-0.0029,0.0,-0.2865,0.0,ident_20250910_060746.csv
0.051,2.7951,-0.0018,0.0,-0.2865,0.0,ident_20250910_060746.csv
0.051,2.7951,0.0026,0.0,-0.2865,0.0,ident_20250910_060746.csv
0.051,2.7952,0.0018,0.0,-0.2865,0.0,ident_20250910_060746.csv
0.051,2.7952,-0.0011,0.0,-0.2865,0.0,ident_20250910_060746.csv
0.051,2.7953,0.0025,0.0,-0.2865,0.0,ident_20250910_060746.csv
0.051,2.7954,-0.0022,0.0,-0.2865,0.0,ident_20250910_060746.csv
0.051,2.7954,0.0023,0.0,-0.2865,0.0,ident_20250910_060746.csv
0.051,2.7954,-0.0001,0.0,-0.2865,0.0,ident_20250910_060746.csv
0.051,2.7954,-0.0006,0.0,-0.2865,0.0,ident_20250910_060746.csv
0.051,2.7954,0.0006,0.0,-0.2865,0.0,ident_20250910_060746.csv
0.051,2.7953,-0.0006,0.0,-0.2865,0.0,ident_20250910_060746.csv
0.051,2.7954,-0.0001,0.0,-0.2865,0.0,ident_20250910_060746.csv
0.051,2.7954,-0.0014,0.0,-0.2865,0.0,ident_20250910_060746.csv
0.051,2.7954,0.0011,0.0,-0.2865,0.0,ident_20250910_060746.csv
0.051,2.7953,0.0021,0.0,-0.2865,0.0,ident_20250910_060746.csv
0.051,2.7952,-0.0009,0.0,-0.2865,0.0,ident_20250910_060746.csv
0.051,2.7952,-0.0014,0.0,-0.2865,0.0,ident_20250910_060746.csv
0.051,2.7952,-0.0002,0.0,-0.2865,0.0,ident_20250910_060746.csv
0.051,2.7953,0.0025,0.0,-0.2865,0.0,ident_20250910_060746.csv
0.051,2.7952,0.0014,0.0,-0.2865,0.0,ident_20250910_060746.csv
0.051,2.7952,0.0011,0.0,-0.2865,0.0,ident_20250910_060746.csv
0.051,2.7952,-0.0029,0.0,-0.2865,0.0,ident_20250910_060746.csv
0.051,2.7952,-0.001,0.0,-0.2865,0.0,ident_20250910_060746.csv
0.051,2.7952,0.0007,0.0,-0.2865,0.0,ident_20250910_060746.csv
0.051,2.7952,-0.0003,0.0,-0.2865,0.0,ident_20250910_060746.csv
0.051,2.7952,-0.0002,0.0,-0.2865,0.0,ident_20250910_060746.csv
0.051,2.7953,-0.0001,0.0,-0.2865,0.0,ident_20250910_060746.csv
0.051,2.7952,0.0037,0.0,-0.2865,0.0,ident_20250910_060746.csv
0.051,2.7953,-0.0015,0.0,-0.2865,0.0,ident_20250910_060746.csv
0.051,2.7953,0.0019,0.0,-0.2865,0.0,ident_20250910_060746.csv
0.051,2.7954,-0.0005,0.0,-0.2865,0.0,ident_20250910_060746.csv
0.051,2.7953,-0.0014,0.0,-0.2865,0.0,ident_20250910_060746.csv
0.051,2.7953,-0.0003,0.0,-0.2865,0.0,ident_20250910_060746.csv
0.051,2.7953,0.0002,0.0,-0.2865,0.0,ident_20250910_060746.csv
0.051,2.7952,-0.0014,0.0,-0.2865,0.0,ident_20250910_060746.csv
0.051,2.7952,-0.0001,0.0,-0.2865,0.0,ident_20250910_060746.csv
0.051,2.7951,-0.0019,0.0,-0.2865,0.0,ident_20250910_060746.csv
0.051,2.7951,0.0001,0.0,-0.2865,0.0,ident_20250910_060746.csv
0.051,2.7952,-0.0003,0.0,-0.2865,0.0,ident_20250910_060746.csv
0.052,2.7953,0.0021,0.0,-0.2865,0.0,ident_20250910_060746.csv
0.051,2.7954,0.0009,0.0,-0.2865,0.0,ident_20250910_060746.csv
0.05,2.7954,0.0027,0.0,-0.2865,0.0,ident_20250910_060746.csv
0.051,2.7954,0.001,0.0,-0.2865,0.0,ident_20250910_060746.csv
0.051,2.7954,-0.0003,0.0,-0.2865,0.0,ident_20250910_060746.csv
0.051,2.7953,-0.0021,0.0,-0.2865,0.0,ident_20250910_060746.csv
0.051,2.7952,-0.0021,0.0,-0.2865,0.0,ident_20250910_060746.csv
0.051,2.7953,-0.0026,0.0,-0.2865,0.0,ident_20250910_060746.csv
0.051,2.7953,-0.0007,0.0,-0.2865,0.0,ident_20250910_060746.csv
0.051,2.7953,-0.0007,0.0,-0.2865,0.0,ident_20250910_060746.csv
0.051,2.7953,0.0026,0.0,-0.2865,0.0,ident_20250910_060746.csv
0.051,2.7954,0.0001,0.0,-0.2865,0.0,ident_20250910_060746.csv
0.051,2.7954,0.0019,0.0,-0.2865,0.0,ident_20250910_060746.csv
0.051,2.7953,-0.0025,0.0,-0.2865,0.0,ident_20250910_060746.csv
0.051,2.7953,-0.001,0.0,-0.2865,0.0,ident_20250910_060746.csv
0.051,2.7952,0.0013,0.0,-0.2865,0.0,ident_20250910_060746.csv
0.051,2.7954,-0.0001,0.0,-0.2865,0.0,ident_20250910_060746.csv
0.051,2.7954,-0.0005,0.0,-0.2865,0.0,ident_20250910_060746.csv
0.051,2.8099,0.0418,25.0,-0.2833,0.1276,ident_20250910_060746.csv
0.051,2.8352,0.0543,25.0,-0.2732,0.1914,ident_20250910_060746.csv
0.051,2.8513,0.2375,25.0,-0.2581,0.3829,ident_20250910_060746.csv
0.052,2.8787,0.663,25.0,-0.2401,0.3829,ident_20250910_060746.csv
0.051,2.9102,0.4733,25.0,-0.2207,0.3829,ident_20250910_060746.csv
0.052,2.9287,0.2314,25.0,-0.2004,0.3829,ident_20250910_060746.csv
0.051,2.9044,0.0511,0.0,-0.1856,0.1915,ident_20250910_060746.csv
0.051,2.8625,-0.3321,0.0,-0.1796,0.0,ident_20250910_060746.csv
0.051,2.8295,-0.568,0.0,-0.1788,0.0,ident_20250910_060746.csv
0.051,2.8008,-0.5811,0.0,-0.1788,0.0,ident_20250910_060746.csv
0.051,2.7799,-0.3423,0.0,-0.1788,0.0,ident_20250910_060746.csv
0.051,2.7766,0.0463,0.0,-0.1788,0.0,ident_20250910_060746.csv
0.051,2.7905,0.3566,0.0,-0.1788,0.0,ident_20250910_060746.csv
0.051,2.8137,0.4613,0.0,-0.1788,0.0,ident_20250910_060746.csv
0.051,2.8332,0.3189,0.0,-0.1788,0.0,ident_20250910_060746.csv
0.051,2.839,0.0071,0.0,-0.1788,0.0,ident_20250910_060746.csv
0.051,2.8296,-0.2664,0.0,-0.1788,0.0,ident_20250910_060746.csv
0.051,2.8134,-0.349,0.0,-0.1788,0.0,ident_20250910_060746.csv
0.051,2.7994,-0.2336,0.0,-0.1788,0.0,ident_20250910_060746.csv
0.051,2.7957,-0.0086,0.0,-0.1788,0.0,ident_20250910_060746.csv
0.051,2.8031,0.1924,0.0,-0.1788,0.0,ident_20250910_060746.csv
0.051,2.8155,0.2612,0.0,-0.1788,0.0,ident_20250910_060746.csv
0.051,2.8263,0.1746,0.0,-0.1788,0.0,ident_20250910_060746.csv
0.051,2.8286,-0.0158,0.0,-0.1788,0.0,ident_20250910_060746.csv
0.051,2.8224,-0.1625,0.0,-0.1788,0.0,ident_20250910_060746.csv
0.051,2.8127,-0.1887,0.0,-0.1788,0.0,ident_20250910_060746.csv
0.051,2.8066,-0.0969,0.0,-0.1788,0.0,ident_20250910_060746.csv
0.051,2.8067,0.0379,0.0,-0.1788,0.0,ident_20250910_060746.csv
0.051,2.8125,0.1341,0.0,-0.1788,0.0,ident_20250910_060746.csv
0.051,2.8198,0.1286,0.0,-0.1788,0.0,ident_20250910_060746.csv
0.051,2.8232,0.0404,0.0,-0.1788,0.0,ident_20250910_060746.csv
0.051,2.8213,-0.0674,0.0,-0.1788,0.0,ident_20250910_060746.csv
0.051,2.8163,-0.1116,0.0,-0.1788,0.0,ident_20250910_060746.csv
0.051,2.8122,-0.0719,0.0,-0.1788,0.0,ident_20250910_060746.csv
0.051,2.8113,0.0099,0.0,-0.1788,0.0,ident_20250910_060746.csv
0.051,2.8143,0.0728,0.0,-0.1788,0.0,ident_20250910_060746.csv
0.051,2.8185,0.0748,0.0,-0.1788,0.0,ident_20250910_060746.csv
0.051,2.8206,0.0222,0.0,-0.1788,0.0,ident_20250910_060746.csv
0.051,2.8195,-0.0404,0.0,-0.1788,0.0,ident_20250910_060746.csv
0.051,2.8165,-0.0672,0.0,-0.1788,0.0,ident_20250910_060746.csv
0.051,2.814,-0.041,0.0,-0.1788,0.0,ident_20250910_060746.csv
0.051,2.8138,0.0126,0.0,-0.1788,0.0,ident_20250910_060746.csv
0.051,2.8159,0.045,0.0,-0.1788,0.0,ident_20250910_060746.csv
0.051,2.8181,0.0374,0.0,-0.1788,0.0,ident_20250910_060746.csv
0.051,2.8189,0.003,0.0,-0.1788,0.0,ident_20250910_060746.csv
0.051,2.8178,-0.0287,0.0,-0.1788,0.0,ident_20250910_060746.csv
0.051,2.8161,-0.0324,0.0,-0.1788,0.0,ident_20250910_060746.csv
0.051,2.815,-0.0115,0.0,-0.1788,0.0,ident_20250910_060746.csv
0.051,2.8155,0.0178,0.0,-0.1788,0.0,ident_20250910_060746.csv
0.051,2.8167,0.0258,0.0,-0.1788,0.0,ident_20250910_060746.csv
0.051,2.8176,0.0105,0.0,-0.1788,0.0,ident_20250910_060746.csv
0.051,2.8174,-0.0135,0.0,-0.1788,0.0,ident_20250910_060746.csv
0.051,2.8163,-0.025,0.0,-0.1788,0.0,ident_20250910_060746.csv
0.051,2.8154,-0.0139,0.0,-0.1788,0.0,ident_20250910_060746.csv
0.051,2.8153,0.0033,0.0,-0.1788,0.0,ident_20250910_060746.csv
0.051,2.816,0.0157,0.0,-0.1788,0.0,ident_20250910_060746.csv
0.051,2.8168,0.0103,0.0,-0.1788,0.0,ident_20250910_060746.csv
0.051,2.817,-0.0009,0.0,-0.1788,0.0,ident_20250910_060746.csv
0.051,2.8164,-0.0107,0.0,-0.1788,0.0,ident_20250910_060746.csv
0.051,2.8159,-0.0135,0.0,-0.1788,0.0,ident_20250910_060746.csv
0.051,2.8158,-0.0005,0.0,-0.1788,0.0,ident_20250910_060746.csv
0.051,2.8161,0.0063,0.0,-0.1788,0.0,ident_20250910_060746.csv
0.051,2.8165,0.0062,0.0,-0.1788,0.0,ident_20250910_060746.csv
0.051,2.8164,-0.0055,0.0,-0.1788,0.0,ident_20250910_060746.csv
0.051,2.8157,-0.0101,0.0,-0.1788,0.0,ident_20250910_060746.csv
0.051,2.8152,-0.0081,0.0,-0.1788,0.0,ident_20250910_060746.csv
0.051,2.8152,0.0014,0.0,-0.1788,0.0,ident_20250910_060746.csv
0.051,2.8154,0.0073,0.0,-0.1788,0.0,ident_20250910_060746.csv
0.051,2.8159,0.0093,0.0,-0.1788,0.0,ident_20250910_060746.csv
0.052,2.8161,0.0006,0.0,-0.1788,0.0,ident_20250910_060746.csv
0.05,2.8159,-0.0013,0.0,-0.1788,0.0,ident_20250910_060746.csv
0.052,2.8159,-0.0018,0.0,-0.1788,0.0,ident_20250910_060746.csv
0.051,2.8159,-0.0021,0.0,-0.1788,0.0,ident_20250910_060746.csv
0.051,2.8159,0.0006,0.0,-0.1788,0.0,ident_20250910_060746.csv
0.051,2.8161,0.005,0.0,-0.1788,0.0,ident_20250910_060746.csv
0.051,2.8164,0.0065,0.0,-0.1788,0.0,ident_20250910_060746.csv
0.051,2.8166,0.0033,0.0,-0.1788,0.0,ident_20250910_060746.csv
0.05,2.8167,-0.0022,0.0,-0.1788,0.0,ident_20250910_060746.csv
0.052,2.8165,-0.009,0.0,-0.1788,0.0,ident_20250910_060746.csv
0.051,2.8161,-0.0057,0.0,-0.1788,0.0,ident_20250910_060746.csv
0.051,2.8159,-0.0051,0.0,-0.1788,0.0,ident_20250910_060746.csv
0.051,2.8159,-0.0007,0.0,-0.1788,0.0,ident_20250910_060746.csv
0.051,2.816,0.0018,0.0,-0.1788,0.0,ident_20250910_060746.csv
0.051,2.8158,-0.0019,0.0,-0.1788,0.0,ident_20250910_060746.csv
0.051,2.8155,-0.0082,0.0,-0.1788,0.0,ident_20250910_060746.csv
0.051,2.8149,-0.0131,0.0,-0.1788,0.0,ident_20250910_060746.csv
0.051,2.8144,-0.0149,0.0,-0.1788,0.0,ident_20250910_060746.csv
0.051,2.8139,-0.0043,0.0,-0.1788,0.0,ident_20250910_060746.csv
0.051,2.814,0.0027,0.0,-0.1788,0.0,ident_20250910_060746.csv
0.051,2.8145,0.0094,0.0,-0.1788,0.0,ident_20250910_060746.csv
0.051,2.8148,0.0047,0.0,-0.1788,0.0,ident_20250910_060746.csv
0.051,2.8146,-0.0034,0.0,-0.1788,0.0,ident_20250910_060746.csv
0.051,2.8143,-0.0077,0.0,-0.1788,0.0,ident_20250910_060746.csv
0.051,2.814,-0.0033,0.0,-0.1788,0.0,ident_20250910_060746.csv
0.051,2.814,0.0017,0.0,-0.1788,0.0,ident_20250910_060746.csv
0.051,2.8143,0.0078,0.0,-0.1788,0.0,ident_20250910_060746.csv
0.051,2.8146,0.0023,0.0,-0.1788,0.0,ident_20250910_060746.csv
0.051,2.8146,0.0031,0.0,-0.1788,0.0,ident_20250910_060746.csv
0.051,2.8146,0.0018,0.0,-0.1788,0.0,ident_20250910_060746.csv
0.051,2.8148,0.0037,0.0,-0.1788,0.0,ident_20250910_060746.csv
0.051,2.8149,0.0021,0.0,-0.1788,0.0,ident_20250910_060746.csv
0.051,2.8147,-0.0057,0.0,-0.1788,0.0,ident_20250910_060746.csv
0.051,2.8143,-0.0101,0.0,-0.1788,0.0,ident_20250910_060746.csv
0.051,2.8138,-0.0075,0.0,-0.1788,0.0,ident_20250910_060746.csv
0.051,2.8137,0.001,0.0,-0.1788,0.0,ident_20250910_060746.csv
0.051,2.8139,0.0055,0.0,-0.1788,0.0,ident_20250910_060746.csv
0.051,2.8141,0.0062,0.0,-0.1788,0.0,ident_20250910_060746.csv
0.051,2.8143,-0.0027,0.0,-0.1788,0.0,ident_20250910_060746.csv
0.051,2.8141,-0.0069,0.0,-0.1788,0.0,ident_20250910_060746.csv
0.051,2.8138,-0.0051,0.0,-0.1788,0.0,ident_20250910_060746.csv
0.051,2.8138,0.0007,0.0,-0.1788,0.0,ident_20250910_060746.csv
0.051,2.8138,0.0027,0.0,-0.1788,0.0,ident_20250910_060746.csv
0.051,2.814,0.0026,0.0,-0.1788,0.0,ident_20250910_060746.csv
0.052,2.814,-0.0021,0.0,-0.1788,0.0,ident_20250910_060746.csv
0.05,2.8139,-0.0011,0.0,-0.1788,0.0,ident_20250910_060746.csv
0.051,2.8137,-0.0011,0.0,-0.1788,0.0,ident_20250910_060746.csv
0.051,2.8138,0.001,0.0,-0.1788,0.0,ident_20250910_060746.csv
0.051,2.8139,0.0007,0.0,-0.1788,0.0,ident_20250910_060746.csv
0.051,2.8139,-0.0029,0.0,-0.1788,0.0,ident_20250910_060746.csv
0.051,2.8139,-0.0049,0.0,-0.1788,0.0,ident_20250910_060746.csv
0.051,2.8139,-0.0022,0.0,-0.1788,0.0,ident_20250910_060746.csv
0.051,2.8139,0.0021,0.0,-0.1788,0.0,ident_20250910_060746.csv
0.051,2.8138,0.0029,0.0,-0.1788,0.0,ident_20250910_060746.csv
0.051,2.8139,0.0039,0.0,-0.1788,0.0,ident_20250910_060746.csv
0.051,2.8139,-0.003,0.0,-0.1788,0.0,ident_20250910_060746.csv
0.051,2.8139,-0.0025,0.0,-0.1788,0.0,ident_20250910_060746.csv
0.051,2.8138,-0.001,0.0,-0.1788,0.0,ident_20250910_060746.csv
0.051,2.8137,-0.0003,0.0,-0.1788,0.0,ident_20250910_060746.csv
0.051,2.8138,-0.0001,0.0,-0.1788,0.0,ident_20250910_060746.csv
0.051,2.8139,0.0027,0.0,-0.1788,0.0,ident_20250910_060746.csv
0.051,2.8139,0.0019,0.0,-0.1788,0.0,ident_20250910_060746.csv
0.051,2.8139,-0.0006,0.0,-0.1788,0.0,ident_20250910_060746.csv
0.051,2.8139,-0.0049,0.0,-0.1788,0.0,ident_20250910_060746.csv
0.051,2.8138,0.0003,0.0,-0.1788,0.0,ident_20250910_060746.csv
0.051,2.8138,-0.0001,0.0,-0.1788,0.0,ident_20250910_060746.csv
0.051,2.8138,0.0003,0.0,-0.1788,0.0,ident_20250910_060746.csv
0.051,2.8137,-0.0009,0.0,-0.1788,0.0,ident_20250910_060746.csv
0.051,2.8137,0.0027,0.0,-0.1788,0.0,ident_20250910_060746.csv
0.051,2.8136,0.0002,0.0,-0.1788,0.0,ident_20250910_060746.csv
0.051,2.8136,0.0007,0.0,-0.1788,0.0,ident_20250910_060746.csv
0.051,2.8134,-0.0021,0.0,-0.1788,0.0,ident_20250910_060746.csv
0.051,2.8135,0.0049,0.0,-0.1788,0.0,ident_20250910_060746.csv
0.051,2.8136,0.0025,0.0,-0.1788,0.0,ident_20250910_060746.csv
0.051,2.8136,0.0009,0.0,-0.1788,0.0,ident_20250910_060746.csv
0.051,2.8135,-0.0038,0.0,-0.1788,0.0,ident_20250910_060746.csv
0.051,2.8134,-0.0013,0.0,-0.1788,0.0,ident_20250910_060746.csv
0.051,2.8133,-0.0067,0.0,-0.1788,0.0,ident_20250910_060746.csv
0.051,2.8132,-0.0005,0.0,-0.1788,0.0,ident_20250910_060746.csv
0.051,2.8132,0.003,0.0,-0.1788,0.0,ident_20250910_060746.csv
0.051,2.8133,0.0007,0.0,-0.1788,0.0,ident_20250910_060746.csv
0.051,2.8134,-0.0037,0.0,-0.1788,0.0,ident_20250910_060746.csv
0.051,2.8131,-0.0043,0.0,-0.1788,0.0,ident_20250910_060746.csv
0.051,2.813,-0.0021,0.0,-0.1788,0.0,ident_20250910_060746.csv
0.051,2.813,-0.0007,0.0,-0.1788,0.0,ident_20250910_060746.csv
0.051,2.8131,0.0031,0.0,-0.1788,0.0,ident_20250910_060746.csv
0.051,2.8131,0.001,0.0,-0.1788,0.0,ident_20250910_060746.csv
0.051,2.8131,0.0007,0.0,-0.1788,0.0,ident_20250910_060746.csv
0.051,2.8131,-0.0006,0.0,-0.1788,0.0,ident_20250910_060746.csv
0.051,2.813,-0.0006,0.0,-0.1788,0.0,ident_20250910_060746.csv
0.051,2.813,-0.0018,0.0,-0.1788,0.0,ident_20250910_060746.csv
0.051,2.8131,-0.0003,0.0,-0.1788,0.0,ident_20250910_060746.csv
0.051,2.8131,-0.0033,0.0,-0.1788,0.0,ident_20250910_060746.csv
0.051,2.8131,-0.0038,0.0,-0.1788,0.0,ident_20250910_060746.csv
0.051,2.8129,-0.0031,0.0,-0.1788,0.0,ident_20250910_060746.csv
0.051,2.8128,0.0035,0.0,-0.1788,0.0,ident_20250910_060746.csv
0.051,2.8129,0.0067,0.0,-0.1788,0.0,ident_20250910_060746.csv
0.05,2.813,0.0022,0.0,-0.1788,0.0,ident_20250910_060746.csv
0.052,2.8132,-0.0002,0.0,-0.1788,0.0,ident_20250910_060746.csv
0.051,2.8131,-0.0029,0.0,-0.1788,0.0,ident_20250910_060746.csv
0.051,2.8129,0.0013,0.0,-0.1788,0.0,ident_20250910_060746.csv
0.051,2.8129,-0.0035,0.0,-0.1788,0.0,ident_20250910_060746.csv
0.051,2.8131,0.001,0.0,-0.1788,0.0,ident_20250910_060746.csv
0.051,2.8132,0.0027,0.0,-0.1788,0.0,ident_20250910_060746.csv
0.051,2.8133,0.003,0.0,-0.1788,0.0,ident_20250910_060746.csv
0.051,2.8134,-0.0029,0.0,-0.1788,0.0,ident_20250910_060746.csv
0.051,2.8134,-0.0041,0.0,-0.1788,0.0,ident_20250910_060746.csv
0.051,2.8134,-0.0014,0.0,-0.1788,0.0,ident_20250910_060746.csv
0.051,2.8135,0.0025,0.0,-0.1788,0.0,ident_20250910_060746.csv
0.051,2.8136,0.0034,0.0,-0.1788,0.0,ident_20250910_060746.csv
0.051,2.8135,0.0007,0.0,-0.1788,0.0,ident_20250910_060746.csv
0.051,2.8135,-0.001,0.0,-0.1788,0.0,ident_20250910_060746.csv
0.051,2.8136,-0.0014,0.0,-0.1788,0.0,ident_20250910_060746.csv
0.051,2.8135,-0.0021,0.0,-0.1788,0.0,ident_20250910_060746.csv
0.051,2.8136,-0.0017,0.0,-0.1788,0.0,ident_20250910_060746.csv
0.051,2.8136,-0.0002,0.0,-0.1788,0.0,ident_20250910_060746.csv
0.051,2.8136,-0.0015,0.0,-0.1788,0.0,ident_20250910_060746.csv
0.051,2.8135,-0.0015,0.0,-0.1788,0.0,ident_20250910_060746.csv
0.051,2.8135,-0.0002,0.0,-0.1788,0.0,ident_20250910_060746.csv
0.051,2.8135,0.0017,0.0,-0.1788,0.0,ident_20250910_060746.csv
0.051,2.8134,0.0011,0.0,-0.1788,0.0,ident_20250910_060746.csv
0.051,2.8134,-0.0035,0.0,-0.1788,0.0,ident_20250910_060746.csv
0.051,2.8133,0.0001,0.0,-0.1788,0.0,ident_20250910_060746.csv
0.051,2.8134,-0.001,0.0,-0.1788,0.0,ident_20250910_060746.csv
0.051,2.8133,-0.0017,0.0,-0.1788,0.0,ident_20250910_060746.csv
0.051,2.8133,0.0007,0.0,-0.1788,0.0,ident_20250910_060746.csv
0.051,2.8133,0.0011,0.0,-0.1788,0.0,ident_20250910_060746.csv
0.05,2.8133,0.0005,0.0,-0.1788,0.0,ident_20250910_060746.csv
0.052,2.8133,0.0002,0.0,-0.1788,0.0,ident_20250910_060746.csv
0.051,2.8133,0.0006,0.0,-0.1788,0.0,ident_20250910_060746.csv
0.051,2.8132,-0.0033,0.0,-0.1788,0.0,ident_20250910_060746.csv
0.051,2.8132,0.0019,0.0,-0.1788,0.0,ident_20250910_060746.csv
0.051,2.8132,-0.0006,0.0,-0.1788,0.0,ident_20250910_060746.csv
0.051,2.7979,-0.0354,-25.0,-0.1816,-0.0638,ident_20250910_060746.csv
0.051,2.7733,-0.2007,-25.0,-0.1921,-0.2552,ident_20250910_060746.csv
0.052,2.7461,-0.5086,-25.0,-0.2078,-0.2553,ident_20250910_060746.csv
0.051,2.7106,-0.7915,-25.0,-0.2249,-0.3191,ident_20250910_060746.csv
0.051,2.6753,-0.6346,-25.0,-0.2439,-0.3191,ident_20250910_060746.csv
0.051,2.6615,-0.0474,-25.0,-0.2642,-0.4467,ident_20250910_060746.csv
0.052,2.709,0.6625,0.0,-0.278,-0.1276,ident_20250910_060746.csv
0.051,2.7828,0.7319,0.0,-0.2838,0.0,ident_20250910_060746.csv
0.051,2.8298,0.7935,0.0,-0.2847,0.0,ident_20250910_060746.csv
0.051,2.8594,0.5201,0.0,-0.2847,0.0,ident_20250910_060746.csv
0.051,2.8677,0.052,0.0,-0.2847,0.0,ident_20250910_060746.csv
0.051,2.8538,-0.3898,0.0,-0.2847,0.0,ident_20250910_060746.csv
0.051,2.8222,-0.657,0.0,-0.2847,0.0,ident_20250910_060746.csv
0.051,2.7872,-0.6354,0.0,-0.2847,0.0,ident_20250910_060746.csv
0.051,2.7645,-0.3601,0.0,-0.2847,0.0,ident_20250910_060746.csv
0.051,2.7602,0.0733,0.0,-0.2847,0.0,ident_20250910_060746.csv
0.051,2.7759,0.4193,0.0,-0.2847,0.0,ident_20250910_060746.csv
0.051,2.8023,0.5556,0.0,-0.2847,0.0,ident_20250910_060746.csv
0.051,2.8255,0.4377,0.0,-0.2847,0.0,ident_20250910_060746.csv
0.051,2.8373,0.1457,0.0,-0.2847,0.0,ident_20250910_060746.csv
0.051,2.832,-0.1837,0.0,-0.2847,0.0,ident_20250910_060746.csv
0.051,2.8138,-0.4098,0.0,-0.2847,0.0,ident_20250910_060746.csv
0.051,2.7906,-0.4311,0.0,-0.2847,0.0,ident_20250910_060746.csv
0.051,2.7744,-0.2568,0.0,-0.2847,0.0,ident_20250910_060746.csv
0.051,2.7702,0.0147,0.0,-0.2847,0.0,ident_20250910_060746.csv
0.051,2.7794,0.2567,0.0,-0.2847,0.0,ident_20250910_060746.csv
0.051,2.7965,0.3601,0.0,-0.2847,0.0,ident_20250910_060746.csv
0.051,2.8119,0.2818,0.0,-0.2847,0.0,ident_20250910_060746.csv
0.051,2.8189,0.0855,0.0,-0.2847,0.0,ident_20250910_060746.csv
0.051,2.8148,-0.1378,0.0,-0.2847,0.0,ident_20250910_060746.csv
0.051,2.8019,-0.2708,0.0,-0.2847,0.0,ident_20250910_060746.csv
0.051,2.7878,-0.2529,0.0,-0.2847,0.0,ident_20250910_060746.csv
0.051,2.7798,-0.1173,0.0,-0.2847,0.0,ident_20250910_060746.csv
0.051,2.78,0.0635,0.0,-0.2847,0.0,ident_20250910_060746.csv
0.051,2.7876,0.191,0.0,-0.2847,0.0,ident_20250910_060746.csv
0.051,2.7986,0.219,0.0,-0.2847,0.0,ident_20250910_060746.csv
0.051,2.8063,0.1232,0.0,-0.2847,0.0,ident_20250910_060746.csv
0.051,2.8073,-0.0189,0.0,-0.2847,0.0,ident_20250910_060746.csv
0.051,2.8012,-0.1445,0.0,-0.2847,0.0,ident_20250910_060746.csv
0.051,2.7929,-0.1698,0.0,-0.2847,0.0,ident_20250910_060746.csv
0.051,2.7861,-0.1043,0.0,-0.2847,0.0,ident_20250910_060746.csv
0.051,2.7845,0.0087,0.0,-0.2847,0.0,ident_20250910_060746.csv
0.051,2.7885,0.1037,0.0,-0.2847,0.0,ident_20250910_060746.csv
0.051,2.7947,0.1352,0.0,-0.2847,0.0,ident_20250910_060746.csv
0.051,2.8001,0.0859,0.0,-0.2847,0.0,ident_20250910_060746.csv
0.051,2.8012,-0.0069,0.0,-0.2847,0.0,ident_20250910_060746.csv
0.051,2.7978,-0.0845,0.0,-0.2847,0.0,ident_20250910_060746.csv
0.051,2.7926,-0.1029,0.0,-0.2847,0.0,ident_20250910_060746.csv
0.051,2.7888,-0.0584,0.0,-0.2847,0.0,ident_20250910_060746.csv
0.051,2.788,0.0106,0.0,-0.2847,0.0,ident_20250910_060746.csv
0.051,2.7905,0.0692,0.0,-0.2847,0.0,ident_20250910_060746.csv
0.051,2.7946,0.0775,0.0,-0.2847,0.0,ident_20250910_060746.csv
0.051,2.7973,0.0387,0.0,-0.2847,0.0,ident_20250910_060746.csv
0.051,2.7972,-0.0149,0.0,-0.2847,0.0,ident_20250910_060746.csv
0.051,2.7948,-0.0567,0.0,-0.2847,0.0,ident_20250910_060746.csv
0.051,2.7918,-0.0572,0.0,-0.2847,0.0,ident_20250910_060746.csv
0.051,2.7899,-0.0256,0.0,-0.2847,0.0,ident_20250910_060746.csv
0.051,2.7901,0.0186,0.0,-0.2847,0.0,ident_20250910_060746.csv
0.05,2.792,0.0448,0.0,-0.2847,0.0,ident_20250910_060746.csv
0.052,2.7942,0.0424,0.0,-0.2847,0.0,ident_20250910_060746.csv
0.051,2.7951,0.0098,0.0,-0.2847,0.0,ident_20250910_060746.csv
0.051,2.7944,-0.0267,0.0,-0.2847,0.0,ident_20250910_060746.csv
0.051,2.7925,-0.0383,0.0,-0.2847,0.0,ident_20250910_060746.csv
0.051,2.7911,-0.0229,0.0,-0.2847,0.0,ident_20250910_060746.csv
0.051,2.7907,0.001,0.0,-0.2847,0.0,ident_20250910_060746.csv
0.051,2.7915,0.0248,0.0,-0.2847,0.0,ident_20250910_060746.csv
0.051,2.7928,0.0287,0.0,-0.2847,0.0,ident_20250910_060746.csv
0.051,2.7938,0.0122,0.0,-0.2847,0.0,ident_20250910_060746.csv
0.051,2.7938,-0.0089,0.0,-0.2847,0.0,ident_20250910_060746.csv
0.051,2.7928,-0.0233,0.0,-0.2847,0.0,ident_20250910_060746.csv
0.051,2.7917,-0.0178,0.0,-0.2847,0.0,ident_20250910_060746.csv
0.051,2.7913,-0.0069,0.0,-0.2847,0.0,ident_20250910_060746.csv
0.051,2.7916,0.0126,0.0,-0.2847,0.0,ident_20250910_060746.csv
0.051,2.7925,0.0182,0.0,-0.2847,0.0,ident_20250910_060746.csv
0.051,2.7933,0.0137,0.0,-0.2847,0.0,ident_20250910_060746.csv
0.051,2.7934,-0.0011,0.0,-0.2847,0.0,ident_20250910_060746.csv
0.051,2.7928,-0.0154,0.0,-0.2847,0.0,ident_20250910_060746.csv
0.051,2.792,-0.0151,0.0,-0.2847,0.0,ident_20250910_060746.csv
0.051,2.7917,-0.0066,0.0,-0.2847,0.0,ident_20250910_060746.csv
0.051,2.7919,0.0082,0.0,-0.2847,0.0,ident_20250910_060746.csv
0.051,2.7924,0.0109,0.0,-0.2847,0.0,ident_20250910_060746.csv
0.051,2.7929,0.0086,0.0,-0.2847,0.0,ident_20250910_060746.csv
0.051,2.7931,-0.0011,0.0,-0.2847,0.0,ident_20250910_060746.csv
0.051,2.7927,-0.0113,0.0,-0.2847,0.0,ident_20250910_060746.csv
0.051,2.7922,-0.0079,0.0,-0.2847,0.0,ident_20250910_060746.csv
0.051,2.792,0.0001,0.0,-0.2847,0.0,ident_20250910_060746.csv
0.051,2.7922,0.0055,0.0,-0.2847,0.0,ident_20250910_060746.csv
0.051,2.7925,0.009,0.0,-0.2847,0.0,ident_20250910_060746.csv
0.051,2.7929,0.0077,0.0,-0.2847,0.0,ident_20250910_060746.csv
0.051,2.7929,0.0007,0.0,-0.2847,0.0,ident_20250910_060746.csv
0.051,2.7928,-0.0033,0.0,-0.2847,0.0,ident_20250910_060746.csv
0.051,2.7925,-0.0067,0.0,-0.2847,0.0,ident_20250910_060746.csv
0.051,2.7925,-0.0019,0.0,-0.2847,0.0,ident_20250910_060746.csv
0.051,2.7925,0.0022,0.0,-0.2847,0.0,ident_20250910_060746.csv
0.051,2.7927,0.0061,0.0,-0.2847,0.0,ident_20250910_060746.csv
0.051,2.793,0.0046,0.0,-0.2847,0.0,ident_20250910_060746.csv
0.051,2.793,-0.0035,0.0,-0.2847,0.0,ident_20250910_060746.csv
0.051,2.7928,-0.0055,0.0,-0.2847,0.0,ident_20250910_060746.csv
0.051,2.7926,-0.0037,0.0,-0.2847,0.0,ident_20250910_060746.csv
0.051,2.7925,-0.0018,0.0,-0.2847,0.0,ident_20250910_060746.csv
0.051,2.7926,0.0017,0.0,-0.2847,0.0,ident_20250910_060746.csv
0.051,2.7928,0.0038,0.0,-0.2847,0.0,ident_20250910_060746.csv
0.051,2.7929,0.0017,0.0,-0.2847,0.0,ident_20250910_060746.csv
0.051,2.7928,-0.001,0.0,-0.2847,0.0,ident_20250910_060746.csv
0.051,2.7926,-0.0043,0.0,-0.2847,0.0,ident_20250910_060746.csv
0.051,2.7925,-0.001,0.0,-0.2847,0.0,ident_20250910_060746.csv
0.051,2.7924,0.0002,0.0,-0.2847,0.0,ident_20250910_060746.csv
0.051,2.7925,0.003,0.0,-0.2847,0.0,ident_20250910_060746.csv
0.051,2.7925,0.0022,0.0,-0.2847,0.0,ident_20250910_060746.csv
0.051,2.7926,0.0019,0.0,-0.2847,0.0,ident_20250910_060746.csv
0.051,2.7927,-0.0002,0.0,-0.2847,0.0,ident_20250910_060746.csv
0.051,2.7926,-0.0011,0.0,-0.2847,0.0,ident_20250910_060746.csv
0.051,2.7924,-0.0006,0.0,-0.2847,0.0,ident_20250910_060746.csv
0.051,2.7922,-0.0015,0.0,-0.2847,0.0,ident_20250910_060746.csv
0.051,2.7922,0.0027,0.0,-0.2847,0.0,ident_20250910_060746.csv
0.051,2.7923,0.0021,0.0,-0.2847,0.0,ident_20250910_060746.csv
0.051,2.7923,-0.0005,0.0,-0.2847,0.0,ident_20250910_060746.csv
0.051,2.7924,-0.0013,0.0,-0.2847,0.0,ident_20250910_060746.csv
0.051,2.7923,-0.0031,0.0,-0.2847,0.0,ident_20250910_060746.csv
0.051,2.7921,-0.0025,0.0,-0.2847,0.0,ident_20250910_060746.csv
0.051,2.7922,-0.0029,0.0,-0.2847,0.0,ident_20250910_060746.csv
0.051,2.7923,0.0027,0.0,-0.2847,0.0,ident_20250910_060746.csv
0.051,2.7922,-0.0017,0.0,-0.2847,0.0,ident_20250910_060746.csv
0.051,2.7922,-0.0023,0.0,-0.2847,0.0,ident_20250910_060746.csv
0.051,2.7923,0.0005,0.0,-0.2847,0.0,ident_20250910_060746.csv
0.051,2.7922,0.0006,0.0,-0.2847,0.0,ident_20250910_060746.csv
0.051,2.7922,-0.0014,0.0,-0.2847,0.0,ident_20250910_060746.csv
0.051,2.7923,0.0025,0.0,-0.2847,0.0,ident_20250910_060746.csv
0.051,2.7923,0.0003,0.0,-0.2847,0.0,ident_20250910_060746.csv
0.051,2.7922,-0.0006,0.0,-0.2847,0.0,ident_20250910_060746.csv
0.051,2.7921,-0.0015,0.0,-0.2847,0.0,ident_20250910_060746.csv
0.051,2.7921,0.0013,0.0,-0.2847,0.0,ident_20250910_060746.csv
0.051,2.792,-0.0023,0.0,-0.2847,0.0,ident_20250910_060746.csv
0.051,2.7921,-0.0019,0.0,-0.2847,0.0,ident_20250910_060746.csv
0.051,2.7921,0.0025,0.0,-0.2847,0.0,ident_20250910_060746.csv
0.051,2.7922,0.003,0.0,-0.2847,0.0,ident_20250910_060746.csv
0.051,2.7922,-0.0026,0.0,-0.2847,0.0,ident_20250910_060746.csv
0.051,2.7923,0.0007,0.0,-0.2847,0.0,ident_20250910_060746.csv
0.051,2.7922,0.0005,0.0,-0.2847,0.0,ident_20250910_060746.csv
0.051,2.7922,0.0022,0.0,-0.2847,0.0,ident_20250910_060746.csv
0.051,2.7921,0.0011,0.0,-0.2847,0.0,ident_20250910_060746.csv
0.051,2.7922,0.0001,0.0,-0.2847,0.0,ident_20250910_060746.csv
0.051,2.7922,0.0002,0.0,-0.2847,0.0,ident_20250910_060746.csv
0.051,2.7922,-0.0002,0.0,-0.2847,0.0,ident_20250910_060746.csv
0.051,2.7922,0.0015,0.0,-0.2847,0.0,ident_20250910_060746.csv
0.051,2.7922,0.0017,0.0,-0.2847,0.0,ident_20250910_060746.csv
0.051,2.7922,0.0003,0.0,-0.2847,0.0,ident_20250910_060746.csv
0.051,2.7921,-0.0023,0.0,-0.2847,0.0,ident_20250910_060746.csv
0.051,2.7921,-0.0001,0.0,-0.2847,0.0,ident_20250910_060746.csv
0.051,2.792,-0.0007,0.0,-0.2847,0.0,ident_20250910_060746.csv
0.051,2.792,0.0021,0.0,-0.2847,0.0,ident_20250910_060746.csv
0.051,2.7921,0.0017,0.0,-0.2847,0.0,ident_20250910_060746.csv
0.051,2.7921,-0.0002,0.0,-0.2847,0.0,ident_20250910_060746.csv
0.051,2.7922,-0.0006,0.0,-0.2847,0.0,ident_20250910_060746.csv
0.051,2.7922,-0.001,0.0,-0.2847,0.0,ident_20250910_060746.csv
0.051,2.7923,0.0015,0.0,-0.2847,0.0,ident_20250910_060746.csv
0.051,2.7922,0.0013,0.0,-0.2847,0.0,ident_20250910_060746.csv
0.051,2.7922,0.001,0.0,-0.2847,0.0,ident_20250910_060746.csv
0.051,2.7922,0.0002,0.0,-0.2847,0.0,ident_20250910_060746.csv
0.051,2.7922,-0.0009,0.0,-0.2847,0.0,ident_20250910_060746.csv
0.051,2.7922,0.001,0.0,-0.2847,0.0,ident_20250910_060746.csv
0.051,2.7921,0.0023,0.0,-0.2847,0.0,ident_20250910_060746.csv
0.051,2.7922,0.0022,0.0,-0.2847,0.0,ident_20250910_060746.csv
0.051,2.7922,0.0002,0.0,-0.2847,0.0,ident_20250910_060746.csv
0.051,2.7922,0.0015,0.0,-0.2847,0.0,ident_20250910_060746.csv
0.051,2.7922,0.0018,0.0,-0.2847,0.0,ident_20250910_060746.csv
0.051,2.7922,0.001,0.0,-0.2847,0.0,ident_20250910_060746.csv
0.051,2.7922,-0.0013,0.0,-0.2847,0.0,ident_20250910_060746.csv
0.051,2.7922,-0.0017,0.0,-0.2847,0.0,ident_20250910_060746.csv
0.051,2.7921,0.0015,0.0,-0.2847,0.0,ident_20250910_060746.csv
0.051,2.7922,-0.0021,0.0,-0.2847,0.0,ident_20250910_060746.csv
0.051,2.7922,-0.0006,0.0,-0.2847,0.0,ident_20250910_060746.csv
0.051,2.7922,-0.0025,0.0,-0.2847,0.0,ident_20250910_060746.csv
0.051,2.7921,0.0023,0.0,-0.2847,0.0,ident_20250910_060746.csv
0.051,2.7921,0.0007,0.0,-0.2847,0.0,ident_20250910_060746.csv
0.051,2.792,0.0021,0.0,-0.2847,0.0,ident_20250910_060746.csv
0.051,2.7922,0.0023,0.0,-0.2847,0.0,ident_20250910_060746.csv
0.051,2.7922,0.0014,0.0,-0.2847,0.0,ident_20250910_060746.csv
0.051,2.7922,-0.0014,0.0,-0.2847,0.0,ident_20250910_060746.csv
0.051,2.7922,0.0003,0.0,-0.2847,0.0,ident_20250910_060746.csv
0.051,2.7922,0.0009,0.0,-0.2847,0.0,ident_20250910_060746.csv
0.051,2.7922,0.0023,0.0,-0.2847,0.0,ident_20250910_060746.csv
0.051,2.7922,-0.0001,0.0,-0.2847,0.0,ident_20250910_060746.csv
0.051,2.7923,0.0018,0.0,-0.2847,0.0,ident_20250910_060746.csv
0.051,2.7921,0.0019,0.0,-0.2847,0.0,ident_20250910_060746.csv
0.051,2.792,0.0006,0.0,-0.2847,0.0,ident_20250910_060746.csv
0.051,2.7921,0.0015,0.0,-0.2847,0.0,ident_20250910_060746.csv
0.051,2.7921,-0.0001,0.0,-0.2847,0.0,ident_20250910_060746.csv
0.051,2.7919,0.0011,0.0,-0.2847,0.0,ident_20250910_060746.csv
0.051,2.792,-0.0027,0.0,-0.2847,0.0,ident_20250910_060746.csv
0.052,2.7919,-0.0034,0.0,-0.2847,0.0,ident_20250910_060746.csv
0.05,2.7919,-0.0018,0.0,-0.2847,0.0,ident_20250910_060746.csv
0.052,2.792,-0.0005,0.0,-0.2847,0.0,ident_20250910_060746.csv
0.05,2.792,0.0014,0.0,-0.2847,0.0,ident_20250910_060746.csv
0.051,2.7921,0.0018,0.0,-0.2847,0.0,ident_20250910_060746.csv
0.051,2.792,0.0011,0.0,-0.2847,0.0,ident_20250910_060746.csv
0.051,2.7919,0.0005,0.0,-0.2847,0.0,ident_20250910_060746.csv
0.051,2.7918,0.0037,0.0,-0.2847,0.0,ident_20250910_060746.csv
0.051,2.7918,0.0003,0.0,-0.2847,0.0,ident_20250910_060746.csv
0.051,2.7919,-0.0015,0.0,-0.2847,0.0,ident_20250910_060746.csv
0.051,2.7918,0.0009,0.0,-0.2847,0.0,ident_20250910_060746.csv
0.051,2.7918,-0.0018,0.0,-0.2847,0.0,ident_20250910_060746.csv
0.051,2.8108,0.0127,25.0,-0.2813,0.1276,ident_20250910_060746.csv
0.052,2.835,0.0973,25.0,-0.2703,0.2553,ident_20250910_060746.csv
0.051,2.856,0.2897,25.0,-0.2545,0.3191,ident_20250910_060746.csv
0.051,2.8919,0.7845,25.0,-0.2362,0.3829,ident_20250910_060746.csv
0.051,2.9296,0.546,25.0,-0.217,0.3191,ident_20250910_060746.csv
0.052,2.9416,0.0877,25.0,-0.1972,0.3191,ident_20250910_060746.csv
0.051,2.9067,-0.5584,0.0,-0.1833,0.1914,ident_20250910_060746.csv
0.051,2.8589,-0.5047,0.0,-0.1778,0.0638,ident_20250910_060746.csv
0.052,2.8186,-0.6392,0.0,-0.1775,0.0,ident_20250910_060746.csv
0.051,2.7914,-0.5353,0.0,-0.1777,0.0,ident_20250910_060746.csv
0.051,2.776,-0.2068,0.0,-0.1777,0.0,ident_20250910_060746.csv
0.051,2.7811,0.1739,0.0,-0.1777,0.0,ident_20250910_060746.csv
0.051,2.7992,0.408,0.0,-0.1777,0.0,ident_20250910_060746.csv
0.051,2.8185,0.3634,0.0,-0.1777,0.0,ident_20250910_060746.csv
0.051,2.8297,0.1272,0.0,-0.1777,0.0,ident_20250910_060746.csv
0.051,2.8269,-0.1381,0.0,-0.1777,0.0,ident_20250910_060746.csv
0.051,2.8138,-0.29,0.0,-0.1777,0.0,ident_20250910_060746.csv
0.051,2.8002,-0.2372,0.0,-0.1777,0.0,ident_20250910_060746.csv
0.051,2.7956,-0.0322,0.0,-0.1777,0.0,ident_20250910_060746.csv
0.051,2.8018,0.1685,0.0,-0.1777,0.0,ident_20250910_060746.csv
0.051,2.8126,0.2187,0.0,-0.1777,0.0,ident_20250910_060746.csv
0.051,2.8205,0.1161,0.0,-0.1777,0.0,ident_20250910_060746.csv
0.051,2.8204,-0.0562,0.0,-0.1777,0.0,ident_20250910_060746.csv
0.051,2.8138,-0.1573,0.0,-0.1777,0.0,ident_20250910_060746.csv
0.051,2.8061,-0.1357,0.0,-0.1777,0.0,ident_20250910_060746.csv
0.051,2.8036,-0.0147,0.0,-0.1777,0.0,ident_20250910_060746.csv
0.051,2.8074,0.0996,0.0,-0.1777,0.0,ident_20250910_060746.csv
0.051,2.8134,0.121,0.0,-0.1777,0.0,ident_20250910_060746.csv
0.051,2.8173,0.0462,0.0,-0.1777,0.0,ident_20250910_060746.csv
0.052,2.8159,-0.0584,0.0,-0.1777,0.0,ident_20250910_060746.csv
0.051,2.8115,-0.0997,0.0,-0.1777,0.0,ident_20250910_060746.csv
0.051,2.8079,-0.0548,0.0,-0.1777,0.0,ident_20250910_060746.csv
0.051,2.8081,0.0255,0.0,-0.1777,0.0,ident_20250910_060746.csv
0.051,2.8114,0.0721,0.0,-0.1777,0.0,ident_20250910_060746.csv
0.051,2.8143,0.0519,0.0,-0.1777,0.0,ident_20250910_060746.csv
0.051,2.8149,-0.0073,0.0,-0.1777,0.0,ident_20250910_060746.csv
0.051,2.8129,-0.051,0.0,-0.1777,0.0,ident_20250910_060746.csv
0.051,2.8102,-0.0431,0.0,-0.1777,0.0,ident_20250910_060746.csv
0.051,2.8095,0.0005,0.0,-0.1777,0.0,ident_20250910_060746.csv
0.051,2.811,0.0388,0.0,-0.1777,0.0,ident_20250910_060746.csv
0.051,2.8133,0.0387,0.0,-0.1777,0.0,ident_20250910_060746.csv
0.051,2.8141,0.0066,0.0,-0.1777,0.0,ident_20250910_060746.csv
0.051,2.8132,-0.0267,0.0,-0.1777,0.0,ident_20250910_060746.csv
0.051,2.8115,-0.0322,0.0,-0.1777,0.0,ident_20250910_060746.csv
0.05,2.8107,-0.0087,0.0,-0.1777,0.0,ident_20250910_060746.csv
0.052,2.8115,0.0206,0.0,-0.1777,0.0,ident_20250910_060746.csv
0.051,2.8128,0.0248,0.0,-0.1777,0.0,ident_20250910_060746.csv
0.051,2.8134,0.0042,0.0,-0.1777,0.0,ident_20250910_060746.csv
0.051,2.8131,-0.0139,0.0,-0.1777,0.0,ident_20250910_060746.csv
0.05,2.8122,-0.0185,0.0,-0.1777,0.0,ident_20250910_060746.csv
0.052,2.8115,-0.0081,0.0,-0.1777,0.0,ident_20250910_060746.csv
0.051,2.8118,0.0127,0.0,-0.1777,0.0,ident_20250910_060746.csv
0.051,2.8125,0.0149,0.0,-0.1777,0.0,ident_20250910_060746.csv
0.051,2.8131,0.0053,0.0,-0.1777,0.0,ident_20250910_060746.csv
0.051,2.8127,-0.0113,0.0,-0.1777,0.0,ident_20250910_060746.csv
0.051,2.8122,-0.0127,0.0,-0.1777,0.0,ident_20250910_060746.csv
0.051,2.8118,-0.0031,0.0,-0.1777,0.0,ident_20250910_060746.csv
0.051,2.8122,0.0065,0.0,-0.1777,0.0,ident_20250910_060746.csv
0.051,2.8127,0.0105,0.0,-0.1777,0.0,ident_20250910_060746.csv
0.05,2.8129,0.0009,0.0,-0.1777,0.0,ident_20250910_060746.csv
0.051,2.8127,-0.0066,0.0,-0.1777,0.0,ident_20250910_060746.csv
0.051,2.8123,-0.009,0.0,-0.1777,0.0,ident_20250910_060746.csv
0.051,2.8121,0.0009,0.0,-0.1777,0.0,ident_20250910_060746.csv
0.051,2.8123,0.0074,0.0,-0.1777,0.0,ident_20250910_060746.csv
0.051,2.8126,0.0063,0.0,-0.1777,0.0,ident_20250910_060746.csv
0.051,2.8128,0.0015,0.0,-0.1777,0.0,ident_20250910_060746.csv
0.051,2.8125,-0.0031,0.0,-0.1777,0.0,ident_20250910_060746.csv
0.051,2.8123,-0.0043,0.0,-0.1777,0.0,ident_20250910_060746.csv
0.051,2.8123,-0.0019,0.0,-0.1777,0.0,ident_20250910_060746.csv
0.051,2.8123,0.0033,0.0,-0.1777,0.0,ident_20250910_060746.csv
0.051,2.8125,0.0043,0.0,-0.1777,0.0,ident_20250910_060746.csv
0.051,2.8126,-0.0025,0.0,-0.1777,0.0,ident_20250910_060746.csv
0.051,2.8124,-0.0023,0.0,-0.1777,0.0,ident_20250910_060746.csv
0.051,2.8123,-0.0007,0.0,-0.1777,0.0,ident_20250910_060746.csv
0.051,2.8123,0.0018,0.0,-0.1777,0.0,ident_20250910_060746.csv
0.051,2.8125,0.0041,0.0,-0.1777,0.0,ident_20250910_060746.csv
0.052,2.8126,0.0005,0.0,-0.1777,0.0,ident_20250910_060746.csv
0.05,2.8125,0.0005,0.0,-0.1777,0.0,ident_20250910_060746.csv
0.051,2.8123,-0.0019,0.0,-0.1777,0.0,ident_20250910_060746.csv
0.051,2.8123,0.0001,0.0,-0.1777,0.0,ident_20250910_060746.csv
0.051,2.8124,0.0023,0.0,-0.1777,0.0,ident_20250910_060746.csv
0.051,2.8125,0.0026,0.0,-0.1777,0.0,ident_20250910_060746.csv
0.051,2.8127,0.0011,0.0,-0.1777,0.0,ident_20250910_060746.csv
0.051,2.8126,-0.0002,0.0,-0.1777,0.0,ident_20250910_060746.csv
0.051,2.8127,0.0002,0.0,-0.1777,0.0,ident_20250910_060746.csv
0.051,2.8128,-0.0002,0.0,-0.1777,0.0,ident_20250910_060746.csv
0.051,2.8127,0.0014,0.0,-0.1777,0.0,ident_20250910_060746.csv
0.051,2.8127,0.0006,0.0,-0.1777,0.0,ident_20250910_060746.csv
0.051,2.8127,-0.001,0.0,-0.1777,0.0,ident_20250910_060746.csv
0.051,2.8126,0.0003,0.0,-0.1777,0.0,ident_20250910_060746.csv
0.052,2.8126,-0.0006,0.0,-0.1777,0.0,ident_20250910_060746.csv
0.05,2.8125,0.0014,0.0,-0.1777,0.0,ident_20250910_060746.csv
0.051,2.8125,-0.0025,0.0,-0.1777,0.0,ident_20250910_060746.csv
0.051,2.8125,0.0007,0.0,-0.1777,0.0,ident_20250910_060746.csv
0.052,2.8127,0.0003,0.0,-0.1777,0.0,ident_20250910_060746.csv
0.051,2.8126,0.0011,0.0,-0.1777,0.0,ident_20250910_060746.csv
0.051,2.8126,-0.0015,0.0,-0.1777,0.0,ident_20250910_060746.csv
0.051,2.8125,0.0023,0.0,-0.1777,0.0,ident_20250910_060746.csv
0.051,2.8125,0.0021,0.0,-0.1777,0.0,ident_20250910_060746.csv
0.051,2.8125,-0.0001,0.0,-0.1777,0.0,ident_20250910_060746.csv
0.051,2.8125,-0.0006,0.0,-0.1777,0.0,ident_20250910_060746.csv
0.051,2.8126,0.0002,0.0,-0.1777,0.0,ident_20250910_060746.csv
0.051,2.8124,0.0005,0.0,-0.1777,0.0,ident_20250910_060746.csv
0.051,2.8125,0.0014,0.0,-0.1777,0.0,ident_20250910_060746.csv
0.051,2.8125,0.0007,0.0,-0.1777,0.0,ident_20250910_060746.csv
0.051,2.8125,0.0007,0.0,-0.1777,0.0,ident_20250910_060746.csv
0.051,2.8125,-0.0034,0.0,-0.1777,0.0,ident_20250910_060746.csv
0.051,2.8126,0.0001,0.0,-0.1777,0.0,ident_20250910_060746.csv
0.051,2.8125,0.0033,0.0,-0.1777,0.0,ident_20250910_060746.csv
0.051,2.8125,-0.0019,0.0,-0.1777,0.0,ident_20250910_060746.csv
0.051,2.8126,-0.0014,0.0,-0.1777,0.0,ident_20250910_060746.csv
0.051,2.8126,0.0001,0.0,-0.1777,0.0,ident_20250910_060746.csv
0.051,2.8127,-0.0014,0.0,-0.1777,0.0,ident_20250910_060746.csv
0.051,2.8125,0.0042,0.0,-0.1777,0.0,ident_20250910_060746.csv
0.051,2.8125,-0.0013,0.0,-0.1777,0.0,ident_20250910_060746.csv
0.051,2.8125,0.0039,0.0,-0.1777,0.0,ident_20250910_060746.csv
0.051,2.8126,0.0018,0.0,-0.1777,0.0,ident_20250910_060746.csv
0.051,2.8127,-0.0009,0.0,-0.1777,0.0,ident_20250910_060746.csv
0.051,2.8126,-0.001,0.0,-0.1777,0.0,ident_20250910_060746.csv
0.051,2.8126,-0.0025,0.0,-0.1777,0.0,ident_20250910_060746.csv
0.051,2.8127,0.0011,0.0,-0.1777,0.0,ident_20250910_060746.csv
0.051,2.8127,0.0034,0.0,-0.1777,0.0,ident_20250910_060746.csv
0.051,2.8126,-0.0005,0.0,-0.1777,0.0,ident_20250910_060746.csv
0.051,2.8126,-0.0013,0.0,-0.1777,0.0,ident_20250910_060746.csv
0.05,2.8126,0.0002,0.0,-0.1777,0.0,ident_20250910_060746.csv
0.052,2.8126,0.0025,0.0,-0.1777,0.0,ident_20250910_060746.csv
0.051,2.8126,0.0035,0.0,-0.1777,0.0,ident_20250910_060746.csv
0.051,2.8125,-0.0026,0.0,-0.1777,0.0,ident_20250910_060746.csv
0.051,2.8126,-0.0011,0.0,-0.1777,0.0,ident_20250910_060746.csv
0.051,2.8127,-0.0018,0.0,-0.1777,0.0,ident_20250910_060746.csv
0.051,2.8126,-0.0039,0.0,-0.1777,0.0,ident_20250910_060746.csv
0.05,2.8127,-0.0005,0.0,-0.1777,0.0,ident_20250910_060746.csv
0.052,2.8126,0.0031,0.0,-0.1777,0.0,ident_20250910_060746.csv
0.051,2.8126,0.0002,0.0,-0.1777,0.0,ident_20250910_060746.csv
0.051,2.8127,0.0006,0.0,-0.1777,0.0,ident_20250910_060746.csv
0.051,2.8128,-0.0015,0.0,-0.1777,0.0,ident_20250910_060746.csv
0.051,2.8127,0.0027,0.0,-0.1777,0.0,ident_20250910_060746.csv
0.05,2.8128,-0.0023,0.0,-0.1777,0.0,ident_20250910_060746.csv
0.052,2.8128,-0.0003,0.0,-0.1777,0.0,ident_20250910_060746.csv
0.05,2.8128,0.0023,0.0,-0.1777,0.0,ident_20250910_060746.csv
0.051,2.8128,0.0009,0.0,-0.1777,0.0,ident_20250910_060746.csv
0.051,2.8129,0.0027,0.0,-0.1777,0.0,ident_20250910_060746.csv
0.051,2.8129,-0.0003,0.0,-0.1777,0.0,ident_20250910_060746.csv
0.051,2.8128,-0.0007,0.0,-0.1777,0.0,ident_20250910_060746.csv
0.051,2.8128,-0.0021,0.0,-0.1777,0.0,ident_20250910_060746.csv
0.051,2.8128,-0.0017,0.0,-0.1777,0.0,ident_20250910_060746.csv
0.051,2.8128,-0.0013,0.0,-0.1777,0.0,ident_20250910_060746.csv
0.051,2.8128,-0.0022,0.0,-0.1777,0.0,ident_20250910_060746.csv
0.051,2.8127,0.0009,0.0,-0.1777,0.0,ident_20250910_060746.csv
0.051,2.8127,0.0019,0.0,-0.1777,0.0,ident_20250910_060746.csv
0.051,2.8127,-0.0015,0.0,-0.1777,0.0,ident_20250910_060746.csv
0.051,2.8127,0.0007,0.0,-0.1777,0.0,ident_20250910_060746.csv
0.051,2.8127,0.0009,0.0,-0.1777,0.0,ident_20250910_060746.csv
0.051,2.8127,0.0002,0.0,-0.1777,0.0,ident_20250910_060746.csv
0.051,2.8127,0.0014,0.0,-0.1777,0.0,ident_20250910_060746.csv
0.051,2.8127,0.0015,0.0,-0.1777,0.0,ident_20250910_060746.csv
0.051,2.8127,0.0017,0.0,-0.1777,0.0,ident_20250910_060746.csv
0.051,2.8125,0.0015,0.0,-0.1777,0.0,ident_20250910_060746.csv
0.051,2.8125,0.0009,0.0,-0.1777,0.0,ident_20250910_060746.csv
0.051,2.8125,0.0003,0.0,-0.1777,0.0,ident_20250910_060746.csv
0.051,2.8124,0.0021,0.0,-0.1777,0.0,ident_20250910_060746.csv
0.051,2.8124,0.0001,0.0,-0.1777,0.0,ident_20250910_060746.csv
0.051,2.8125,-0.0019,0.0,-0.1777,0.0,ident_20250910_060746.csv
0.051,2.8124,-0.0023,0.0,-0.1777,0.0,ident_20250910_060746.csv
0.052,2.8124,-0.0009,0.0,-0.1777,0.0,ident_20250910_060746.csv
0.051,2.8123,-0.0009,0.0,-0.1777,0.0,ident_20250910_060746.csv
0.051,2.8123,-0.0014,0.0,-0.1777,0.0,ident_20250910_060746.csv
0.05,2.8123,0.0014,0.0,-0.1777,0.0,ident_20250910_060746.csv
0.052,2.8122,0.0001,0.0,-0.1777,0.0,ident_20250910_060746.csv
0.05,2.8123,0.0017,0.0,-0.1777,0.0,ident_20250910_060746.csv
0.051,2.8123,-0.0026,0.0,-0.1777,0.0,ident_20250910_060746.csv
0.051,2.8122,0.0009,0.0,-0.1777,0.0,ident_20250910_060746.csv
0.051,2.8123,0.0013,0.0,-0.1777,0.0,ident_20250910_060746.csv
0.051,2.8122,-0.0009,0.0,-0.1777,0.0,ident_20250910_060746.csv
0.051,2.8123,0.0034,0.0,-0.1777,0.0,ident_20250910_060746.csv
0.051,2.8123,0.0006,0.0,-0.1777,0.0,ident_20250910_060746.csv
0.051,2.8124,0.0003,0.0,-0.1777,0.0,ident_20250910_060746.csv
0.051,2.8123,0.0007,0.0,-0.1777,0.0,ident_20250910_060746.csv
0.051,2.8124,-0.0005,0.0,-0.1777,0.0,ident_20250910_060746.csv
0.051,2.8125,0.0015,0.0,-0.1777,0.0,ident_20250910_060746.csv
0.051,2.8125,-0.0011,0.0,-0.1777,0.0,ident_20250910_060746.csv
0.052,2.8125,0.0009,0.0,-0.1777,0.0,ident_20250910_060746.csv
0.051,2.8125,0.0007,0.0,-0.1777,0.0,ident_20250910_060746.csv
0.051,2.8124,-0.0015,0.0,-0.1777,0.0,ident_20250910_060746.csv
0.051,2.8125,0.0005,0.0,-0.1777,0.0,ident_20250910_060746.csv
0.051,2.8125,0.0021,0.0,-0.1777,0.0,ident_20250910_060746.csv
0.051,2.8125,-0.0035,0.0,-0.1777,0.0,ident_20250910_060746.csv
0.05,2.8124,-0.0002,0.0,-0.1777,0.0,ident_20250910_060746.csv
0.052,2.8125,0.0009,0.0,-0.1777,0.0,ident_20250910_060746.csv
0.05,2.8125,-0.0025,0.0,-0.1777,0.0,ident_20250910_060746.csv
0.052,2.8123,0.0002,0.0,-0.1777,0.0,ident_20250910_060746.csv
0.05,2.8124,0.0005,0.0,-0.1777,0.0,ident_20250910_060746.csv
0.051,2.8123,-0.0026,0.0,-0.1777,0.0,ident_20250910_060746.csv
0.051,2.8123,-0.0026,0.0,-0.1777,0.0,ident_20250910_060746.csv
0.051,2.8123,-0.0023,0.0,-0.1777,0.0,ident_20250910_060746.csv
0.051,2.8124,-0.0007,0.0,-0.1777,0.0,ident_20250910_060746.csv
0.051,2.8124,0.0015,0.0,-0.1777,0.0,ident_20250910_060746.csv
0.051,2.8123,-0.0003,0.0,-0.1777,0.0,ident_20250910_060746.csv
0.051,2.8122,-0.0002,0.0,-0.1777,0.0,ident_20250910_060746.csv
0.051,2.8122,0.0022,0.0,-0.1777,0.0,ident_20250910_060746.csv
0.051,2.8123,-0.0018,0.0,-0.1777,0.0,ident_20250910_060746.csv
0.051,2.8123,0.0018,0.0,-0.1777,0.0,ident_20250910_060746.csv
0.051,2.8123,-0.0026,0.0,-0.1777,0.0,ident_20250910_060746.csv
0.051,2.8123,-0.0017,0.0,-0.1777,0.0,ident_20250910_060746.csv
0.051,2.8123,0.0015,0.0,-0.1777,0.0,ident_20250910_060746.csv
0.051,2.8124,0.0021,0.0,-0.1777,0.0,ident_20250910_060746.csv
0.051,2.8124,0.0025,0.0,-0.1777,0.0,ident_20250910_060746.csv
0.051,2.8125,0.0005,0.0,-0.1777,0.0,ident_20250910_060746.csv
0.051,2.8124,0.0038,0.0,-0.1777,0.0,ident_20250910_060746.csv
0.051,2.8125,-0.0019,0.0,-0.1777,0.0,ident_20250910_060746.csv
0.051,2.8124,-0.0003,0.0,-0.1777,0.0,ident_20250910_060746.csv
0.051,2.8124,0.0009,0.0,-0.1777,0.0,ident_20250910_060746.csv
0.051,2.8123,0.0002,0.0,-0.1777,0.0,ident_20250910_060746.csv
0.051,2.8123,-0.0015,0.0,-0.1777,0.0,ident_20250910_060746.csv
0.051,2.8123,-0.0018,0.0,-0.1777,0.0,ident_20250910_060746.csv
0.051,2.8124,-0.0015,0.0,-0.1777,0.0,ident_20250910_060746.csv
0.051,2.8124,0.0005,0.0,-0.1777,0.0,ident_20250910_060746.csv
0.051,2.8123,-0.0014,0.0,-0.1777,0.0,ident_20250910_060746.csv
0.051,2.8123,0.0002,0.0,-0.1777,0.0,ident_20250910_060746.csv
0.051,2.8124,-0.0005,0.0,-0.1777,0.0,ident_20250910_060746.csv
0.051,2.8125,-0.0017,0.0,-0.1777,0.0,ident_20250910_060746.csv
0.051,2.8125,0.0021,0.0,-0.1777,0.0,ident_20250910_060746.csv
0.051,2.8124,-0.0005,0.0,-0.1777,0.0,ident_20250910_060746.csv
0.051,2.8124,-0.0014,0.0,-0.1777,0.0,ident_20250910_060746.csv
0.051,2.8124,0.0013,0.0,-0.1777,0.0,ident_20250910_060746.csv
0.051,2.8125,0.0001,0.0,-0.1777,0.0,ident_20250910_060746.csv
0.052,2.8125,0.003,0.0,-0.1777,0.0,ident_20250910_060746.csv
0.05,2.8124,-0.0027,0.0,-0.1777,0.0,ident_20250910_060746.csv
0.051,2.8124,-0.0002,0.0,-0.1777,0.0,ident_20250910_060746.csv
0.051,2.8125,-0.0017,0.0,-0.1777,0.0,ident_20250910_060746.csv
0.051,2.8124,-0.0002,0.0,-0.1777,0.0,ident_20250910_060746.csv
0.051,2.8124,0.001,0.0,-0.1777,0.0,ident_20250910_060746.csv
0.051,2.8126,0.0022,0.0,-0.1777,0.0,ident_20250910_060746.csv
0.052,2.8126,-0.0017,0.0,-0.1777,0.0,ident_20250910_060746.csv
0.05,2.8127,-0.0014,0.0,-0.1777,0.0,ident_20250910_060746.csv
0.052,2.8126,-0.0037,0.0,-0.1777,0.0,ident_20250910_060746.csv
0.05,2.8128,-0.0011,0.0,-0.1777,0.0,ident_20250910_060746.csv
0.051,2.8128,-0.0017,0.0,-0.1777,0.0,ident_20250910_060746.csv
0.051,2.8128,-0.0022,0.0,-0.1777,0.0,ident_20250910_060746.csv
0.051,2.8128,0.0005,0.0,-0.1777,0.0,ident_20250910_060746.csv
0.051,2.8128,0.0018,0.0,-0.1777,0.0,ident_20250910_060746.csv
0.051,2.8127,-0.0006,0.0,-0.1777,0.0,ident_20250910_060746.csv
0.051,2.8127,0.0006,0.0,-0.1777,0.0,ident_20250910_060746.csv
0.051,2.8127,0.0026,0.0,-0.1777,0.0,ident_20250910_060746.csv
0.051,2.8128,-0.0002,0.0,-0.1777,0.0,ident_20250910_060746.csv
0.051,2.8127,-0.001,0.0,-0.1777,0.0,ident_20250910_060746.csv
0.051,2.8127,0.0002,0.0,-0.1777,0.0,ident_20250910_060746.csv
0.052,2.8127,-0.0009,0.0,-0.1777,0.0,ident_20250910_060746.csv
0.051,2.8127,0.0009,0.0,-0.1777,0.0,ident_20250910_060746.csv
0.051,2.8127,0.0003,0.0,-0.1777,0.0,ident_20250910_060746.csv
0.051,2.8128,0.0027,0.0,-0.1777,0.0,ident_20250910_060746.csv
0.051,2.8126,0.0007,0.0,-0.1777,0.0,ident_20250910_060746.csv
0.051,2.8125,-0.0019,0.0,-0.1777,0.0,ident_20250910_060746.csv
0.051,2.8124,0.0018,0.0,-0.1777,0.0,ident_20250910_060746.csv
0.051,2.8124,0.0017,0.0,-0.1777,0.0,ident_20250910_060746.csv
0.051,2.8124,-0.0023,0.0,-0.1777,0.0,ident_20250910_060746.csv
0.051,2.8124,0.0002,0.0,-0.1777,0.0,ident_20250910_060746.csv
0.051,2.8125,-0.0001,0.0,-0.1777,0.0,ident_20250910_060746.csv
0.05,2.8125,0.0035,0.0,-0.1777,0.0,ident_20250910_060746.csv
0.052,2.8124,-0.0005,0.0,-0.1777,0.0,ident_20250910_060746.csv
0.05,2.8125,0.0001,0.0,-0.1777,0.0,ident_20250910_060746.csv
0.052,2.8126,-0.0014,0.0,-0.1777,0.0,ident_20250910_060746.csv
0.051,2.8126,0.0018,0.0,-0.1777,0.0,ident_20250910_060746.csv
0.051,2.8125,-0.0027,0.0,-0.1777,0.0,ident_20250910_060746.csv
0.051,2.8125,0.0021,0.0,-0.1777,0.0,ident_20250910_060746.csv
0.051,2.8126,-0.0009,0.0,-0.1777,0.0,ident_20250910_060746.csv
0.051,2.8127,-0.0006,0.0,-0.1777,0.0,ident_20250910_060746.csv
0.05,2.8127,0.0018,0.0,-0.1777,0.0,ident_20250910_060746.csv
0.052,2.8128,0.0002,0.0,-0.1777,0.0,ident_20250910_060746.csv
0.05,2.8128,-0.0023,0.0,-0.1777,0.0,ident_20250910_060746.csv
0.052,2.8128,-0.0009,0.0,-0.1777,0.0,ident_20250910_060746.csv
0.05,2.8127,0.0019,0.0,-0.1777,0.0,ident_20250910_060746.csv
0.051,2.8127,0.0002,0.0,-0.1777,0.0,ident_20250910_060746.csv
0.052,2.8127,-0.0029,0.0,-0.1777,0.0,ident_20250910_060746.csv
0.05,2.8126,0.0011,0.0,-0.1777,0.0,ident_20250910_060746.csv
0.051,2.8125,0.0026,0.0,-0.1777,0.0,ident_20250910_060746.csv
0.051,2.8125,-0.0018,0.0,-0.1777,0.0,ident_20250910_060746.csv
0.051,2.8125,-0.0002,0.0,-0.1777,0.0,ident_20250910_060746.csv
0.051,2.8125,0.0009,0.0,-0.1777,0.0,ident_20250910_060746.csv
0.051,2.8124,-0.0009,0.0,-0.1777,0.0,ident_20250910_060746.csv
0.051,2.8124,-0.0023,0.0,-0.1777,0.0,ident_20250910_060746.csv
0.051,2.8124,-0.0009,0.0,-0.1777,0.0,ident_20250910_060746.csv
0.051,2.8125,-0.0011,0.0,-0.1777,0.0,ident_20250910_060746.csv
0.051,2.8125,0.0002,0.0,-0.1777,0.0,ident_20250910_060746.csv
0.051,2.8125,0.001,0.0,-0.1777,0.0,ident_20250910_060746.csv
0.051,2.8125,-0.0003,0.0,-0.1777,0.0,ident_20250910_060746.csv
0.051,2.8126,0.0037,0.0,-0.1777,0.0,ident_20250910_060746.csv
0.051,2.8128,0.0022,0.0,-0.1777,0.0,ident_20250910_060746.csv
0.051,2.8128,0.0007,0.0,-0.1777,0.0,ident_20250910_060746.csv
0.051,2.8129,-0.0015,0.0,-0.1777,0.0,ident_20250910_060746.csv
0.052,2.8129,0.0014,0.0,-0.1777,0.0,ident_20250910_060746.csv
0.051,2.813,0.0019,0.0,-0.1777,0.0,ident_20250910_060746.csv
0.051,2.813,0.001,0.0,-0.1777,0.0,ident_20250910_060746.csv
0.051,2.813,-0.0007,0.0,-0.1777,0.0,ident_20250910_060746.csv
0.051,2.8129,-0.0001,0.0,-0.1777,0.0,ident_20250910_060746.csv
0.051,2.8129,0.0005,0.0,-0.1777,0.0,ident_20250910_060746.csv
0.051,2.8129,-0.0002,0.0,-0.1777,0.0,ident_20250910_060746.csv
0.051,2.8129,-0.0003,0.0,-0.1777,0.0,ident_20250910_060746.csv
0.051,2.8129,0.0007,0.0,-0.1777,0.0,ident_20250910_060746.csv
0.051,2.8129,-0.0022,0.0,-0.1777,0.0,ident_20250910_060746.csv
0.051,2.8128,0.0013,0.0,-0.1777,0.0,ident_20250910_060746.csv
0.051,2.8128,-0.0015,0.0,-0.1777,0.0,ident_20250910_060746.csv
0.051,2.8129,-0.0013,0.0,-0.1777,0.0,ident_20250910_060746.csv
0.051,2.8129,0.0002,0.0,-0.1777,0.0,ident_20250910_060746.csv
0.051,2.8129,0.0023,0.0,-0.1777,0.0,ident_20250910_060746.csv
0.051,2.8129,0.0022,0.0,-0.1777,0.0,ident_20250910_060746.csv
0.051,2.8128,-0.0007,0.0,-0.1777,0.0,ident_20250910_060746.csv
0.051,2.8128,0.0005,0.0,-0.1777,0.0,ident_20250910_060746.csv
0.051,2.8127,0.001,0.0,-0.1777,0.0,ident_20250910_060746.csv
0.051,2.8127,-0.0017,0.0,-0.1777,0.0,ident_20250910_060746.csv
0.051,2.8128,0.0022,0.0,-0.1777,0.0,ident_20250910_060746.csv
0.051,2.8128,-0.0033,0.0,-0.1777,0.0,ident_20250910_060746.csv
0.051,2.8127,0.0002,0.0,-0.1777,0.0,ident_20250910_060746.csv
0.051,2.8127,-0.001,0.0,-0.1777,0.0,ident_20250910_060746.csv
0.051,2.8126,0.0003,0.0,-0.1777,0.0,ident_20250910_060746.csv
0.051,2.8126,0.0029,0.0,-0.1777,0.0,ident_20250910_060746.csv
0.051,2.8124,-0.0034,0.0,-0.1777,0.0,ident_20250910_060746.csv
0.051,2.8123,-0.0019,0.0,-0.1777,0.0,ident_20250910_060746.csv
0.051,2.8123,0.0007,0.0,-0.1777,0.0,ident_20250910_060746.csv
0.051,2.8122,0.0015,0.0,-0.1777,0.0,ident_20250910_060746.csv
0.051,2.8123,-0.0025,0.0,-0.1777,0.0,ident_20250910_060746.csv
0.051,2.8124,-0.0017,0.0,-0.1777,0.0,ident_20250910_060746.csv
0.051,2.8125,-0.0025,0.0,-0.1777,0.0,ident_20250910_060746.csv
0.051,2.8124,-0.0006,0.0,-0.1777,0.0,ident_20250910_060746.csv
0.051,2.8125,-0.0002,0.0,-0.1777,0.0,ident_20250910_060746.csv
0.051,2.8124,0.0007,0.0,-0.1777,0.0,ident_20250910_060746.csv
0.051,2.8124,-0.001,0.0,-0.1777,0.0,ident_20250910_060746.csv
0.051,2.8125,0.0022,0.0,-0.1777,0.0,ident_20250910_060746.csv
0.051,2.8125,-0.0002,0.0,-0.1777,0.0,ident_20250910_060746.csv
0.051,2.8125,-0.001,0.0,-0.1777,0.0,ident_20250910_060746.csv
0.051,2.8125,0.0007,0.0,-0.1777,0.0,ident_20250910_060746.csv
0.051,2.8126,0.0034,0.0,-0.1777,0.0,ident_20250910_060746.csv
0.051,2.8126,0.0014,0.0,-0.1777,0.0,ident_20250910_060746.csv
0.051,2.8125,0.0021,0.0,-0.1777,0.0,ident_20250910_060746.csv
0.051,2.8125,0.0017,0.0,-0.1777,0.0,ident_20250910_060746.csv
0.051,2.8125,-0.0017,0.0,-0.1777,0.0,ident_20250910_060746.csv
0.051,2.8125,-0.0018,0.0,-0.1777,0.0,ident_20250910_060746.csv
0.051,2.8124,0.0002,0.0,-0.1777,0.0,ident_20250910_060746.csv
0.051,2.8124,-0.0018,0.0,-0.1777,0.0,ident_20250910_060746.csv
0.051,2.8125,-0.0011,0.0,-0.1777,0.0,ident_20250910_060746.csv
0.051,2.8125,0.0031,0.0,-0.1777,0.0,ident_20250910_060746.csv
0.051,2.8125,0.0001,0.0,-0.1777,0.0,ident_20250910_060746.csv
0.051,2.8124,-0.0007,0.0,-0.1777,0.0,ident_20250910_060746.csv
0.051,2.8124,-0.0005,0.0,-0.1777,0.0,ident_20250910_060746.csv
0.051,2.8125,0.0002,0.0,-0.1777,0.0,ident_20250910_060746.csv
0.051,2.8125,-0.0007,0.0,-0.1777,0.0,ident_20250910_060746.csv
0.051,2.8124,0.001,0.0,-0.1777,0.0,ident_20250910_060746.csv
0.051,2.8125,-0.0015,0.0,-0.1777,0.0,ident_20250910_060746.csv
0.051,2.8126,0.0015,0.0,-0.1777,0.0,ident_20250910_060746.csv
0.051,2.8125,-0.0002,0.0,-0.1777,0.0,ident_20250910_060746.csv
0.051,2.8126,0.0018,0.0,-0.1777,0.0,ident_20250910_060746.csv
0.051,2.8127,0.0009,0.0,-0.1777,0.0,ident_20250910_060746.csv
0.051,2.8126,-0.0002,0.0,-0.1777,0.0,ident_20250910_060746.csv
0.051,2.8126,0.0021,0.0,-0.1777,0.0,ident_20250910_060746.csv
0.052,2.8127,0.0015,0.0,-0.1777,0.0,ident_20250910_060746.csv
0.051,2.8128,0.0013,0.0,-0.1777,0.0,ident_20250910_060746.csv
0.051,2.8128,-0.0014,0.0,-0.1777,0.0,ident_20250910_060746.csv
0.051,2.8127,0.0011,0.0,-0.1777,0.0,ident_20250910_060746.csv
0.051,2.8127,-0.0007,0.0,-0.1777,0.0,ident_20250910_060746.csv
0.051,2.8126,-0.0021,0.0,-0.1777,0.0,ident_20250910_060746.csv
0.051,2.8126,-0.0027,0.0,-0.1777,0.0,ident_20250910_060746.csv
0.051,2.8127,0.0006,0.0,-0.1777,0.0,ident_20250910_060746.csv
0.051,2.8126,-0.0006,0.0,-0.1777,0.0,ident_20250910_060746.csv
0.051,2.8127,0.0011,0.0,-0.1777,0.0,ident_20250910_060746.csv
0.051,2.8127,-0.0005,0.0,-0.1777,0.0,ident_20250910_060746.csv
0.051,2.8127,-0.0022,0.0,-0.1777,0.0,ident_20250910_060746.csv
0.051,2.8125,-0.0023,0.0,-0.1777,0.0,ident_20250910_060746.csv
0.051,2.8125,0.0007,0.0,-0.1777,0.0,ident_20250910_060746.csv
0.051,2.8124,-0.0014,0.0,-0.1777,0.0,ident_20250910_060746.csv
0.051,2.8125,0.0013,0.0,-0.1777,0.0,ident_20250910_060746.csv
0.051,2.8126,-0.0003,0.0,-0.1777,0.0,ident_20250910_060746.csv
0.051,2.8125,-0.0006,0.0,-0.1777,0.0,ident_20250910_060746.csv
0.051,2.8125,0.001,0.0,-0.1777,0.0,ident_20250910_060746.csv
0.051,2.8125,-0.0015,0.0,-0.1777,0.0,ident_20250910_060746.csv
0.051,2.8126,0.0006,0.0,-0.1777,0.0,ident_20250910_060746.csv
0.051,2.8125,0.0007,0.0,-0.1777,0.0,ident_20250910_060746.csv
0.051,2.8126,-0.0005,0.0,-0.1777,0.0,ident_20250910_060746.csv
0.051,2.8126,-0.0014,0.0,-0.1777,0.0,ident_20250910_060746.csv
0.05,2.8126,-0.0013,0.0,-0.1777,0.0,ident_20250910_060746.csv
0.052,2.8127,0.0009,0.0,-0.1777,0.0,ident_20250910_060746.csv
0.051,2.8125,0.0011,0.0,-0.1777,0.0,ident_20250910_060746.csv
0.05,2.8125,-0.0013,0.0,-0.1777,0.0,ident_20250910_060746.csv
0.051,2.8124,0.0043,0.0,-0.1777,0.0,ident_20250910_060746.csv
0.052,2.8125,-0.0011,0.0,-0.1777,0.0,ident_20250910_060746.csv
0.05,2.8125,0.0001,0.0,-0.1777,0.0,ident_20250910_060746.csv
0.051,2.8125,-0.0018,0.0,-0.1777,0.0,ident_20250910_060746.csv
0.051,2.8124,-0.0038,0.0,-0.1777,0.0,ident_20250910_060746.csv
0.051,2.8124,0.0019,0.0,-0.1777,0.0,ident_20250910_060746.csv
0.051,2.8124,0.0015,0.0,-0.1777,0.0,ident_20250910_060746.csv
0.051,2.8124,0.0025,0.0,-0.1777,0.0,ident_20250910_060746.csv
0.051,2.8123,-0.001,0.0,-0.1777,0.0,ident_20250910_060746.csv
0.052,2.8124,-0.0003,0.0,-0.1777,0.0,ident_20250910_060746.csv
0.051,2.8123,0.0002,0.0,-0.1777,0.0,ident_20250910_060746.csv
0.05,2.8123,0.0003,0.0,-0.1777,0.0,ident_20250910_060746.csv
0.051,2.8123,0.0029,0.0,-0.1777,0.0,ident_20250910_060746.csv
0.051,2.8123,-0.0021,0.0,-0.1777,0.0,ident_20250910_060746.csv
0.052,2.8124,-0.0007,0.0,-0.1777,0.0,ident_20250910_060746.csv
0.05,2.8123,0.001,0.0,-0.1777,0.0,ident_20250910_060746.csv
0.051,2.8123,0.0002,0.0,-0.1777,0.0,ident_20250910_060746.csv
0.051,2.8123,-0.0022,0.0,-0.1777,0.0,ident_20250910_060746.csv
0.051,2.8124,-0.0015,0.0,-0.1777,0.0,ident_20250910_060746.csv
0.051,2.8124,0.0009,0.0,-0.1777,0.0,ident_20250910_060746.csv
0.051,2.8123,0.0009,0.0,-0.1777,0.0,ident_20250910_060746.csv
0.051,2.8124,-0.0006,0.0,-0.1777,0.0,ident_20250910_060746.csv
